{"textures":{"0":"modelengine:entity/manticore_aether"},"elements":[{"from":[5.5,6.25,3.25],"to":[10.5,8.25,8.25],"faces":{"east":{"uv":[8.5,2.5,8.8125,2.625],"tintindex":0,"rotation":0,"texture":"#0"},"south":{"uv":[9.3125,2.25,9.625,2.375],"tintindex":0,"rotation":0,"texture":"#0"},"north":{"uv":[2.375,6.0,2.6875,6.125],"tintindex":0,"rotation":0,"texture":"#0"},"west":{"uv":[9.3125,4.1875,9.625,4.3125],"tintindex":0,"rotation":0,"texture":"#0"},"up":{"uv":[0.8125,8.75,0.5,8.4375],"tintindex":0,"rotation":0,"texture":"#0"},"down":{"uv":[4.5,8.5625,4.1875,8.875],"tintindex":0,"rotation":0,"texture":"#0"}}}],"display":{"gui":{"rotation":[30,225,0]}}}