{"textures":{"0":"modelengine:entity/manticore_aether"},"elements":[{"from":[5.4951725,2.2366,6.829114],"to":[12.4951725,9.2366,16.829113],"faces":{"east":{"uv":[7.25,7.0625,7.875,7.5],"tintindex":0,"rotation":0,"texture":"#0"},"south":{"uv":[0.0,7.9375,0.4375,8.375],"tintindex":0,"rotation":0,"texture":"#0"},"north":{"uv":[0.0,7.9375,0.4375,8.375],"tintindex":0,"rotation":0,"texture":"#0"},"west":{"uv":[7.25,7.0625,7.875,7.5],"tintindex":0,"rotation":0,"texture":"#0"},"up":{"uv":[7.75,1.1875,7.3125,0.5625],"tintindex":0,"rotation":0,"texture":"#0"},"down":{"uv":[7.75,1.1875,7.3125,0.5625],"tintindex":0,"rotation":0,"texture":"#0"}},"rotation":{"origin":[8.9951725,5.7366,11.829114],"angle":22.5,"axis":"x"}}],"display":{"gui":{"rotation":[30,225,0]}}}