{"textures":{"0":"modelengine:entity/manticore_aether"},"elements":[{"from":[4.1152477,4.2482142,-2.3418255],"to":[4.1152477,8.248215,1.6581745],"faces":{"east":{"uv":[9.25,1.0,9.0,1.25],"tintindex":0,"rotation":0,"texture":"#0"},"west":{"uv":[9.0,1.0,9.25,1.25],"tintindex":0,"rotation":0,"texture":"#0"}},"rotation":{"origin":[4.1152477,6.2482142,-0.3418255],"angle":22.5,"axis":"y"}},{"from":[4.6402225,4.223214,3.6089153],"to":[11.640223,8.198215,9.608916],"faces":{"east":{"uv":[8.5625,8.25,8.9375,8.5],"tintindex":0,"rotation":0,"texture":"#0"},"south":{"uv":[8.4375,4.6875,8.875,4.9375],"tintindex":0,"rotation":0,"texture":"#0"},"north":{"uv":[8.4375,4.6875,8.875,4.9375],"tintindex":0,"rotation":0,"texture":"#0"},"west":{"uv":[8.5625,8.25,8.9375,8.5],"tintindex":0,"rotation":0,"texture":"#0"},"up":{"uv":[7.1875,5.0625,6.75,4.6875],"tintindex":0,"rotation":0,"texture":"#0"},"down":{"uv":[7.1875,5.0625,6.75,4.6875],"tintindex":0,"rotation":0,"texture":"#0"}}},{"from":[5.899645,4.2732143,0.60160446],"to":[9.899645,8.273214,4.6016045],"faces":{"east":{"uv":[8.9375,5.3125,9.1875,5.5625],"tintindex":0,"rotation":0,"texture":"#0"},"south":{"uv":[4.125,8.9375,4.375,9.1875],"tintindex":0,"rotation":0,"texture":"#0"},"north":{"uv":[4.125,8.9375,4.375,9.1875],"tintindex":0,"rotation":0,"texture":"#0"},"west":{"uv":[8.9375,5.3125,9.1875,5.5625],"tintindex":0,"rotation":0,"texture":"#0"},"up":{"uv":[9.1875,6.125,8.9375,5.875],"tintindex":0,"rotation":0,"texture":"#0"},"down":{"uv":[9.1875,6.125,8.9375,5.875],"tintindex":0,"rotation":0,"texture":"#0"}}},{"from":[11.914997,4.2482142,-2.2597542],"to":[11.914997,8.248215,1.7402458],"faces":{"east":{"uv":[9.25,1.0,9.0,1.25],"tintindex":0,"rotation":0,"texture":"#0"},"west":{"uv":[9.0,1.0,9.25,1.25],"tintindex":0,"rotation":0,"texture":"#0"}},"rotation":{"origin":[11.914997,6.2482142,-0.25975418],"angle":-22.5,"axis":"y"}},{"from":[7.899645,4.2732143,-3.3983955],"to":[7.899645,8.273214,0.60160446],"faces":{"east":{"uv":[9.25,1.0,9.0,1.25],"tintindex":0,"rotation":0,"texture":"#0"},"west":{"uv":[9.0,1.0,9.25,1.25],"tintindex":0,"rotation":0,"texture":"#0"}}},{"from":[3.6459818,4.2482142,1.3536911],"to":[7.645982,8.248215,5.353691],"faces":{"east":{"uv":[8.9375,5.3125,9.1875,5.5625],"tintindex":0,"rotation":0,"texture":"#0"},"south":{"uv":[4.125,8.9375,4.375,9.1875],"tintindex":0,"rotation":0,"texture":"#0"},"north":{"uv":[4.125,8.9375,4.375,9.1875],"tintindex":0,"rotation":0,"texture":"#0"},"west":{"uv":[8.9375,5.3125,9.1875,5.5625],"tintindex":0,"rotation":0,"texture":"#0"},"up":{"uv":[9.1875,6.125,8.9375,5.875],"tintindex":0,"rotation":0,"texture":"#0"},"down":{"uv":[9.1875,6.125,8.9375,5.875],"tintindex":0,"rotation":0,"texture":"#0"}},"rotation":{"origin":[5.645982,6.2482142,3.353691],"angle":22.5,"axis":"y"}},{"from":[8.384264,4.2482142,1.4357643],"to":[12.384264,8.248215,5.4357643],"faces":{"east":{"uv":[4.125,8.9375,4.375,9.1875],"tintindex":0,"rotation":0,"texture":"#0"},"south":{"uv":[4.125,8.9375,4.375,9.1875],"tintindex":0,"rotation":0,"texture":"#0"},"north":{"uv":[4.125,8.9375,4.375,9.1875],"tintindex":0,"rotation":0,"texture":"#0"},"west":{"uv":[8.9375,5.3125,9.1875,5.5625],"tintindex":0,"rotation":0,"texture":"#0"},"up":{"uv":[9.1875,6.125,8.9375,5.875],"tintindex":0,"rotation":0,"texture":"#0"},"down":{"uv":[9.1875,6.125,8.9375,5.875],"tintindex":0,"rotation":0,"texture":"#0"}},"rotation":{"origin":[10.384264,6.2482142,3.4357643],"angle":-22.5,"axis":"y"}}],"display":{"gui":{"rotation":[30,225,0]}}}