{"textures":{"0":"modelengine:entity/manticore_aether"},"elements":[{"from":[7.9875,7.25,7.25],"to":[20.5125,8.25,8.75],"faces":{"east":{"uv":[9.6875,3.25,9.5,3.375],"tintindex":0,"rotation":0,"texture":"#0"},"south":{"uv":[9.0,3.1875,7.4375,3.3125],"tintindex":0,"rotation":0,"texture":"#0"},"north":{"uv":[9.0,3.1875,7.4375,3.3125],"tintindex":0,"rotation":0,"texture":"#0"},"west":{"uv":[9.6875,3.25,9.5,3.375],"tintindex":0,"rotation":0,"texture":"#0"},"up":{"uv":[6.9375,3.625,8.5,3.4375],"tintindex":0,"rotation":0,"texture":"#0"},"down":{"uv":[6.9375,3.625,8.5,3.4375],"tintindex":0,"rotation":0,"texture":"#0"}}},{"from":[7.9875,8.25,8.75],"to":[22.0125,8.25,24.25],"faces":{"up":{"uv":[0.0,1.9375,1.75,0.0],"tintindex":0,"rotation":0,"texture":"#0"},"down":{"uv":[0.0,0.0,1.75,1.9375],"tintindex":0,"rotation":0,"texture":"#0"}}}],"display":{"gui":{"rotation":[30,225,0]}}}