{"textures":{"0":"modelengine:entity/manticore_aether"},"elements":[{"from":[7.925,7.5,7.25],"to":[18.95,8.5,8.75],"faces":{"east":{"uv":[9.6875,1.3125,9.5,1.4375],"tintindex":0,"rotation":0,"texture":"#0"},"south":{"uv":[9.5,0.0,8.125,0.125],"tintindex":0,"rotation":0,"texture":"#0"},"north":{"uv":[9.5,0.0,8.125,0.125],"tintindex":0,"rotation":0,"texture":"#0"},"west":{"uv":[9.6875,1.3125,9.5,1.4375],"tintindex":0,"rotation":0,"texture":"#0"},"up":{"uv":[7.4375,2.875,8.8125,2.6875],"tintindex":0,"rotation":0,"texture":"#0"},"down":{"uv":[7.4375,2.875,8.8125,2.6875],"tintindex":0,"rotation":0,"texture":"#0"}}},{"from":[7.925,8.5,8.75],"to":[18.95,8.5,24.25],"faces":{"up":{"uv":[0.0,3.9375,1.375,2.0],"tintindex":0,"rotation":0,"texture":"#0"},"down":{"uv":[0.0,2.0,1.375,3.9375],"tintindex":0,"rotation":0,"texture":"#0"}}}],"display":{"gui":{"rotation":[30,225,0]}}}