{"textures":{"0":"modelengine:entity/manticore_aether"},"elements":[{"from":[8.055632,0.5809946,6.5],"to":[11.055632,8.580996,9.5],"faces":{"east":{"uv":[4.75,8.5625,4.5625,9.0625],"tintindex":0,"rotation":0,"texture":"#0"},"south":{"uv":[1.125,7.75,0.9375,8.25],"tintindex":0,"rotation":0,"texture":"#0"},"north":{"uv":[1.125,7.75,0.9375,8.25],"tintindex":0,"rotation":0,"texture":"#0"},"west":{"uv":[4.75,8.5625,4.5625,9.0625],"tintindex":0,"rotation":0,"texture":"#0"},"up":{"uv":[5.5,9.3125,5.6875,9.5],"tintindex":0,"rotation":0,"texture":"#0"},"down":{"uv":[5.5,9.3125,5.6875,9.5],"tintindex":0,"rotation":0,"texture":"#0"}},"rotation":{"origin":[9.555632,4.5809946,8.0],"angle":22.5,"axis":"z"}},{"from":[8.972184,-0.04049778,6.0],"to":[12.972184,1.9595022,10.0],"faces":{"east":{"uv":[3.5,9.4375,3.25,9.5625],"tintindex":0,"rotation":0,"texture":"#0"},"south":{"uv":[9.625,7.5625,9.375,7.6875],"tintindex":0,"rotation":0,"texture":"#0"},"north":{"uv":[9.625,6.1875,9.375,6.3125],"tintindex":0,"rotation":0,"texture":"#0"},"west":{"uv":[9.625,7.375,9.375,7.5],"tintindex":0,"rotation":0,"texture":"#0"},"up":{"uv":[9.3125,1.25,9.5625,1.0],"tintindex":0,"rotation":0,"texture":"#0"},"down":{"uv":[1.4375,9.3125,1.6875,9.5625],"tintindex":0,"rotation":0,"texture":"#0"}}}],"display":{"gui":{"rotation":[30,225,0]}}}