{"textures":{"0":"modelengine:entity/manticore_aether"},"elements":[{"from":[6.025,-1.323555,8.031603],"to":[9.975,8.676445,12.031603],"faces":{"east":{"uv":[8.125,4.375,8.375,5.0],"tintindex":0,"rotation":0,"texture":"#0"},"south":{"uv":[6.9375,8.125,7.1875,8.75],"tintindex":0,"rotation":0,"texture":"#0"},"north":{"uv":[6.9375,8.125,7.1875,8.75],"tintindex":0,"rotation":0,"texture":"#0"},"west":{"uv":[7.25,8.125,7.5,8.75],"tintindex":0,"rotation":0,"texture":"#0"},"up":{"uv":[8.625,9.125,8.375,8.875],"tintindex":0,"rotation":0,"texture":"#0"},"down":{"uv":[8.625,9.125,8.375,8.875],"tintindex":0,"rotation":0,"texture":"#0"}},"rotation":{"origin":[8.0,3.676445,10.031603],"angle":-22.5,"axis":"x"}}],"display":{"gui":{"rotation":[30,225,0]}}}