{"textures":{"0":"modelengine:entity/nocsy_mount_ram_baby"},"elements":[{"from":[5.61,1.9391105,5.8937244],"to":[8.59,4.9191103,11.873724],"faces":{"east":{"uv":[7.375,6.5,8.125,6.875],"tintindex":0,"rotation":0,"texture":"#0"},"south":{"uv":[4.125,9.25,4.5,9.625],"tintindex":0,"rotation":0,"texture":"#0"},"north":{"uv":[3.625,9.25,4.0,9.625],"tintindex":0,"rotation":0,"texture":"#0"},"west":{"uv":[1.0,7.5,1.75,7.875],"tintindex":0,"rotation":0,"texture":"#0"},"up":{"uv":[7.875,4.875,7.5,4.125],"tintindex":0,"rotation":0,"texture":"#0"},"down":{"uv":[7.875,7.0,7.5,7.75],"tintindex":0,"rotation":0,"texture":"#0"}},"rotation":{"origin":[7.0,3.4291105,8.383724],"angle":22.5,"axis":"x"}},{"from":[5.0,3.0,5.5],"to":[9.0,9.0,10.5],"faces":{"east":{"uv":[4.875,5.125,5.5,5.875],"tintindex":0,"rotation":0,"texture":"#0"},"south":{"uv":[6.5,3.625,7.0,4.375],"tintindex":0,"rotation":0,"texture":"#0"},"north":{"uv":[6.375,5.125,6.875,5.875],"tintindex":0,"rotation":0,"texture":"#0"},"west":{"uv":[1.75,5.25,2.375,6.0],"tintindex":0,"rotation":0,"texture":"#0"},"up":{"uv":[3.5,7.625,3.0,7.0],"tintindex":0,"rotation":0,"texture":"#0"},"down":{"uv":[4.125,7.0,3.625,7.625],"tintindex":0,"rotation":0,"texture":"#0"}}}],"display":{"gui":{"rotation":[30,225,0]}}}