{"textures":{"0":"modelengine:entity/nocsy_mount_ram_baby"},"elements":[{"from":[5.766667,3.8711867,6.0701876],"to":[7.766667,6.8711867,9.070187],"faces":{"east":{"uv":[2.0,9.375,2.375,9.75],"tintindex":0,"rotation":0,"texture":"#0"},"south":{"uv":[10.0,8.125,10.25,8.5],"tintindex":0,"rotation":0,"texture":"#0"},"north":{"uv":[5.0,10.0,5.25,10.375],"tintindex":0,"rotation":0,"texture":"#0"},"west":{"uv":[9.375,2.125,9.75,2.5],"tintindex":0,"rotation":0,"texture":"#0"},"up":{"uv":[9.0,10.375,8.75,10.0],"tintindex":0,"rotation":0,"texture":"#0"},"down":{"uv":[9.375,10.0,9.125,10.375],"tintindex":0,"rotation":0,"texture":"#0"}}},{"from":[7.966667,3.8711867,6.0701876],"to":[9.966667,6.8711867,9.070187],"faces":{"east":{"uv":[9.25,9.125,9.625,9.5],"tintindex":0,"rotation":0,"texture":"#0"},"south":{"uv":[10.0,3.375,10.25,3.75],"tintindex":0,"rotation":0,"texture":"#0"},"north":{"uv":[10.0,1.125,10.25,1.5],"tintindex":0,"rotation":0,"texture":"#0"},"west":{"uv":[0.0,9.375,0.375,9.75],"tintindex":0,"rotation":0,"texture":"#0"},"up":{"uv":[10.25,4.25,10.0,3.875],"tintindex":0,"rotation":0,"texture":"#0"},"down":{"uv":[10.25,4.375,10.0,4.75],"tintindex":0,"rotation":0,"texture":"#0"}}},{"from":[6.466667,4.8711867,6.6701875],"to":[9.466667,8.871186,9.670187],"faces":{"east":{"uv":[8.5,1.75,8.875,2.25],"tintindex":0,"rotation":0,"texture":"#0"},"south":{"uv":[5.125,8.5,5.5,9.0],"tintindex":0,"rotation":0,"texture":"#0"},"north":{"uv":[8.5,1.125,8.875,1.625],"tintindex":0,"rotation":0,"texture":"#0"},"west":{"uv":[6.75,8.5,7.125,9.0],"tintindex":0,"rotation":0,"texture":"#0"},"up":{"uv":[5.875,9.625,5.5,9.25],"tintindex":0,"rotation":0,"texture":"#0"},"down":{"uv":[7.5,9.25,7.125,9.625],"tintindex":0,"rotation":0,"texture":"#0"}}}],"display":{"gui":{"rotation":[30,225,0]}}}