{"textures":{"0":"modelengine:entity/nocsy_mount_ram_baby"},"elements":[{"from":[6.533333,4.8711867,6.6701875],"to":[9.533333,8.871186,9.670187],"faces":{"east":{"uv":[1.625,8.625,2.0,9.125],"tintindex":0,"rotation":0,"texture":"#0"},"south":{"uv":[4.0,8.625,4.375,9.125],"tintindex":0,"rotation":0,"texture":"#0"},"north":{"uv":[8.5,7.0,8.875,7.5],"tintindex":0,"rotation":0,"texture":"#0"},"west":{"uv":[7.25,8.625,7.625,9.125],"tintindex":0,"rotation":0,"texture":"#0"},"up":{"uv":[9.75,5.625,9.375,5.25],"tintindex":0,"rotation":0,"texture":"#0"},"down":{"uv":[9.75,5.75,9.375,6.125],"tintindex":0,"rotation":0,"texture":"#0"}}},{"from":[8.233334,3.8711867,6.0701876],"to":[10.233334,6.8711867,9.070187],"faces":{"east":{"uv":[9.375,7.75,9.75,8.125],"tintindex":0,"rotation":0,"texture":"#0"},"south":{"uv":[3.25,10.125,3.5,10.5],"tintindex":0,"rotation":0,"texture":"#0"},"north":{"uv":[1.25,10.125,1.5,10.5],"tintindex":0,"rotation":0,"texture":"#0"},"west":{"uv":[8.25,9.375,8.625,9.75],"tintindex":0,"rotation":0,"texture":"#0"},"up":{"uv":[3.875,10.5,3.625,10.125],"tintindex":0,"rotation":0,"texture":"#0"},"down":{"uv":[4.25,10.125,4.0,10.5],"tintindex":0,"rotation":0,"texture":"#0"}}},{"from":[6.033333,3.8711867,6.0701876],"to":[8.033333,6.8711867,9.070187],"faces":{"east":{"uv":[9.375,6.25,9.75,6.625],"tintindex":0,"rotation":0,"texture":"#0"},"south":{"uv":[0.5,10.125,0.75,10.5],"tintindex":0,"rotation":0,"texture":"#0"},"north":{"uv":[10.125,0.0,10.375,0.375],"tintindex":0,"rotation":0,"texture":"#0"},"west":{"uv":[9.375,7.25,9.75,7.625],"tintindex":0,"rotation":0,"texture":"#0"},"up":{"uv":[10.375,0.875,10.125,0.5],"tintindex":0,"rotation":0,"texture":"#0"},"down":{"uv":[1.125,10.125,0.875,10.5],"tintindex":0,"rotation":0,"texture":"#0"}}}],"display":{"gui":{"rotation":[30,225,0]}}}