{"textures":{"0":"modelengine:entity/nocsy_mount_ram_baby"},"elements":[{"from":[7.4100003,1.9391105,5.8937244],"to":[10.389999,4.9191103,11.873724],"faces":{"east":{"uv":[7.625,2.0,8.375,2.375],"tintindex":0,"rotation":0,"texture":"#0"},"south":{"uv":[9.375,3.125,9.75,3.5],"tintindex":0,"rotation":0,"texture":"#0"},"north":{"uv":[9.375,2.625,9.75,3.0],"tintindex":0,"rotation":0,"texture":"#0"},"west":{"uv":[4.25,7.625,5.0,8.0],"tintindex":0,"rotation":0,"texture":"#0"},"up":{"uv":[8.0,5.75,7.625,5.0],"tintindex":0,"rotation":0,"texture":"#0"},"down":{"uv":[5.5,7.625,5.125,8.375],"tintindex":0,"rotation":0,"texture":"#0"}},"rotation":{"origin":[9.0,3.4291105,8.383724],"angle":22.5,"axis":"x"}},{"from":[7.0,3.0,5.5],"to":[11.0,9.0,10.5],"faces":{"east":{"uv":[3.75,5.25,4.375,6.0],"tintindex":0,"rotation":0,"texture":"#0"},"south":{"uv":[0.625,6.625,1.125,7.375],"tintindex":0,"rotation":0,"texture":"#0"},"north":{"uv":[0.0,6.625,0.5,7.375],"tintindex":0,"rotation":0,"texture":"#0"},"west":{"uv":[5.625,5.125,6.25,5.875],"tintindex":0,"rotation":0,"texture":"#0"},"up":{"uv":[7.5,5.625,7.0,5.0],"tintindex":0,"rotation":0,"texture":"#0"},"down":{"uv":[7.625,3.375,7.125,4.0],"tintindex":0,"rotation":0,"texture":"#0"}}}],"display":{"gui":{"rotation":[30,225,0]}}}