{"textures":{"0":"modelengine:entity/nocsy_mount_ram_baby"},"elements":[{"from":[4.5,3.276383,-0.15194607],"to":[11.5,11.276382,6.8480535],"faces":{"east":{"uv":[1.0,1.125,1.875,2.125],"tintindex":0,"rotation":0,"texture":"#0"},"south":{"uv":[2.0,0.0,2.875,1.0],"tintindex":0,"rotation":0,"texture":"#0"},"north":{"uv":[0.0,1.125,0.875,2.125],"tintindex":0,"rotation":0,"texture":"#0"},"west":{"uv":[2.0,1.125,2.875,2.125],"tintindex":0,"rotation":0,"texture":"#0"},"up":{"uv":[3.125,3.125,2.25,2.25],"tintindex":0,"rotation":0,"texture":"#0"},"down":{"uv":[3.875,0.0,3.0,0.875],"tintindex":0,"rotation":0,"texture":"#0"}}},{"from":[4.51,3.17547,3.5902865],"to":[11.49,5.15547,6.5702863],"faces":{"east":{"uv":[9.375,8.625,9.75,8.875],"tintindex":0,"rotation":0,"texture":"#0"},"south":{"uv":[8.0,4.125,8.875,4.375],"tintindex":0,"rotation":0,"texture":"#0"},"north":{"uv":[7.75,3.75,8.625,4.0],"tintindex":0,"rotation":0,"texture":"#0"},"west":{"uv":[9.5,0.0,9.875,0.25],"tintindex":0,"rotation":0,"texture":"#0"},"up":{"uv":[7.375,4.875,6.5,4.5],"tintindex":0,"rotation":0,"texture":"#0"},"down":{"uv":[7.5,2.125,6.625,2.5],"tintindex":0,"rotation":0,"texture":"#0"}},"rotation":{"origin":[8.0,7.16547,5.0802865],"angle":-45.0,"axis":"x"}},{"from":[6.0,7.0998487,14.335548],"to":[10.0,11.099849,16.335548],"faces":{"east":{"uv":[2.5,5.25,2.75,5.75],"tintindex":0,"rotation":0,"texture":"#0"},"south":{"uv":[7.625,5.875,8.125,6.375],"tintindex":0,"rotation":0,"texture":"#0"},"north":{"uv":[5.625,7.625,6.125,8.125],"tintindex":0,"rotation":0,"texture":"#0"},"west":{"uv":[4.5,5.25,4.75,5.75],"tintindex":0,"rotation":0,"texture":"#0"},"up":{"uv":[9.875,4.75,9.375,4.5],"tintindex":0,"rotation":0,"texture":"#0"},"down":{"uv":[9.875,8.25,9.375,8.5],"tintindex":0,"rotation":0,"texture":"#0"}},"rotation":{"origin":[8.0,9.899849,15.035549],"angle":22.5,"axis":"x"}},{"from":[5.0,8.122829,-0.3486452],"to":[11.0,15.122829,7.6513543],"faces":{"east":{"uv":[0.0,2.25,1.0,3.125],"tintindex":0,"rotation":0,"texture":"#0"},"south":{"uv":[2.0,4.25,2.75,5.125],"tintindex":0,"rotation":0,"texture":"#0"},"north":{"uv":[4.25,1.75,5.0,2.625],"tintindex":0,"rotation":0,"texture":"#0"},"west":{"uv":[1.125,2.25,2.125,3.125],"tintindex":0,"rotation":0,"texture":"#0"},"up":{"uv":[4.75,4.0,4.0,3.0],"tintindex":0,"rotation":0,"texture":"#0"},"down":{"uv":[4.75,4.125,4.0,5.125],"tintindex":0,"rotation":0,"texture":"#0"}},"rotation":{"origin":[7.5,10.92283,5.1513543],"angle":-45.0,"axis":"x"}},{"from":[4.5,5.276383,6.8480535],"to":[11.5,11.276382,14.848053],"faces":{"east":{"uv":[4.0,0.0,5.0,0.75],"tintindex":0,"rotation":0,"texture":"#0"},"south":{"uv":[1.0,4.25,1.875,5.0],"tintindex":0,"rotation":0,"texture":"#0"},"north":{"uv":[0.0,4.25,0.875,5.0],"tintindex":0,"rotation":0,"texture":"#0"},"west":{"uv":[4.0,0.875,5.0,1.625],"tintindex":0,"rotation":0,"texture":"#0"},"up":{"uv":[0.875,1.0,0.0,0.0],"tintindex":0,"rotation":0,"texture":"#0"},"down":{"uv":[1.875,0.0,1.0,1.0],"tintindex":0,"rotation":0,"texture":"#0"}}}],"display":{"gui":{"rotation":[30,225,0]}}}