{"textures":{"0":"modelengine:entity/nocsy_mount_ram_baby"},"elements":[{"from":[6.4333334,3.3333335,6.9],"to":[9.433333,7.3333335,9.9],"faces":{"east":{"uv":[8.375,8.25,8.75,8.75],"tintindex":0,"rotation":0,"texture":"#0"},"south":{"uv":[0.625,8.5,1.0,9.0],"tintindex":0,"rotation":0,"texture":"#0"},"north":{"uv":[8.375,7.625,8.75,8.125],"tintindex":0,"rotation":0,"texture":"#0"},"west":{"uv":[1.125,8.5,1.5,9.0],"tintindex":0,"rotation":0,"texture":"#0"},"up":{"uv":[1.375,9.5,1.0,9.125],"tintindex":0,"rotation":0,"texture":"#0"},"down":{"uv":[5.375,9.125,5.0,9.5],"tintindex":0,"rotation":0,"texture":"#0"}}},{"from":[5.9333334,2.3333335,6.3],"to":[7.9333334,5.3333335,9.3],"faces":{"east":{"uv":[6.625,9.125,7.0,9.5],"tintindex":0,"rotation":0,"texture":"#0"},"south":{"uv":[9.875,5.75,10.125,6.125],"tintindex":0,"rotation":0,"texture":"#0"},"north":{"uv":[9.875,5.25,10.125,5.625],"tintindex":0,"rotation":0,"texture":"#0"},"west":{"uv":[7.75,9.125,8.125,9.5],"tintindex":0,"rotation":0,"texture":"#0"},"up":{"uv":[6.125,10.25,5.875,9.875],"tintindex":0,"rotation":0,"texture":"#0"},"down":{"uv":[10.125,6.25,9.875,6.625],"tintindex":0,"rotation":0,"texture":"#0"}}},{"from":[8.133333,2.3333335,6.3],"to":[10.133333,5.3333335,9.3],"faces":{"east":{"uv":[8.75,9.125,9.125,9.5],"tintindex":0,"rotation":0,"texture":"#0"},"south":{"uv":[9.875,7.625,10.125,8.0],"tintindex":0,"rotation":0,"texture":"#0"},"north":{"uv":[9.875,7.125,10.125,7.5],"tintindex":0,"rotation":0,"texture":"#0"},"west":{"uv":[1.5,9.25,1.875,9.625],"tintindex":0,"rotation":0,"texture":"#0"},"up":{"uv":[8.25,10.25,8.0,9.875],"tintindex":0,"rotation":0,"texture":"#0"},"down":{"uv":[8.625,9.875,8.375,10.25],"tintindex":0,"rotation":0,"texture":"#0"}}}],"display":{"gui":{"rotation":[30,225,0]}}}