{"textures":{"0":"modelengine:entity/nocsy_mount_ram_baby"},"elements":[{"from":[8.066667,2.3333335,6.3],"to":[10.066667,5.3333335,9.3],"faces":{"east":{"uv":[9.0,4.0,9.375,4.375],"tintindex":0,"rotation":0,"texture":"#0"},"south":{"uv":[1.75,9.875,2.0,10.25],"tintindex":0,"rotation":0,"texture":"#0"},"north":{"uv":[7.25,9.75,7.5,10.125],"tintindex":0,"rotation":0,"texture":"#0"},"west":{"uv":[6.125,9.0,6.5,9.375],"tintindex":0,"rotation":0,"texture":"#0"},"up":{"uv":[10.125,2.25,9.875,1.875],"tintindex":0,"rotation":0,"texture":"#0"},"down":{"uv":[2.375,9.875,2.125,10.25],"tintindex":0,"rotation":0,"texture":"#0"}}},{"from":[5.866667,2.3333335,6.3],"to":[7.866667,5.3333335,9.3],"faces":{"east":{"uv":[9.0,6.75,9.375,7.125],"tintindex":0,"rotation":0,"texture":"#0"},"south":{"uv":[2.5,9.875,2.75,10.25],"tintindex":0,"rotation":0,"texture":"#0"},"north":{"uv":[9.875,2.375,10.125,2.75],"tintindex":0,"rotation":0,"texture":"#0"},"west":{"uv":[0.5,9.125,0.875,9.5],"tintindex":0,"rotation":0,"texture":"#0"},"up":{"uv":[3.125,10.25,2.875,9.875],"tintindex":0,"rotation":0,"texture":"#0"},"down":{"uv":[10.125,2.875,9.875,3.25],"tintindex":0,"rotation":0,"texture":"#0"}}},{"from":[6.5666666,3.3333335,6.9],"to":[9.566667,7.3333335,9.9],"faces":{"east":{"uv":[8.375,3.0,8.75,3.5],"tintindex":0,"rotation":0,"texture":"#0"},"south":{"uv":[3.5,8.375,3.875,8.875],"tintindex":0,"rotation":0,"texture":"#0"},"north":{"uv":[3.0,8.375,3.375,8.875],"tintindex":0,"rotation":0,"texture":"#0"},"west":{"uv":[6.25,8.375,6.625,8.875],"tintindex":0,"rotation":0,"texture":"#0"},"up":{"uv":[3.0,9.375,2.625,9.0],"tintindex":0,"rotation":0,"texture":"#0"},"down":{"uv":[3.5,9.0,3.125,9.375],"tintindex":0,"rotation":0,"texture":"#0"}}}],"display":{"gui":{"rotation":[30,225,0]}}}