{"textures":{"0":"modelengine:entity/nocsy_mount_ram_baby"},"elements":[{"from":[7.0,3.0,5.5],"to":[11.0,8.0,10.5],"faces":{"east":{"uv":[6.0,0.0,6.625,0.625],"tintindex":0,"rotation":0,"texture":"#0"},"south":{"uv":[6.75,6.5,7.25,7.125],"tintindex":0,"rotation":0,"texture":"#0"},"north":{"uv":[6.75,2.625,7.25,3.25],"tintindex":0,"rotation":0,"texture":"#0"},"west":{"uv":[6.0,0.75,6.625,1.375],"tintindex":0,"rotation":0,"texture":"#0"},"up":{"uv":[5.0,7.5,4.5,6.875],"tintindex":0,"rotation":0,"texture":"#0"},"down":{"uv":[5.625,6.875,5.125,7.5],"tintindex":0,"rotation":0,"texture":"#0"}}}],"display":{"gui":{"rotation":[30,225,0]}}}