{"textures":{"0":"modelengine:entity/nocsy_mount_ram_baby"},"elements":[{"from":[5.0,3.0,5.5],"to":[9.0,8.0,10.5],"faces":{"east":{"uv":[5.875,2.25,6.5,2.875],"tintindex":0,"rotation":0,"texture":"#0"},"south":{"uv":[6.75,0.0,7.25,0.625],"tintindex":0,"rotation":0,"texture":"#0"},"north":{"uv":[2.375,6.625,2.875,7.25],"tintindex":0,"rotation":0,"texture":"#0"},"west":{"uv":[2.5,5.875,3.125,6.5],"tintindex":0,"rotation":0,"texture":"#0"},"up":{"uv":[7.25,1.375,6.75,0.75],"tintindex":0,"rotation":0,"texture":"#0"},"down":{"uv":[1.75,6.75,1.25,7.375],"tintindex":0,"rotation":0,"texture":"#0"}}}],"display":{"gui":{"rotation":[30,225,0]}}}