{"textures":{"0":"modelengine:entity/nocsy_mount_ram_baby"},"elements":[{"from":[4.387283,12.181819,6.518327],"to":[7.357283,14.151818,9.488327],"faces":{"east":{"uv":[9.5,4.0,9.875,4.25],"tintindex":0,"rotation":0,"texture":"#0"},"south":{"uv":[9.5,4.875,9.875,5.125],"tintindex":0,"rotation":0,"texture":"#0"},"north":{"uv":[9.5,3.625,9.875,3.875],"tintindex":0,"rotation":0,"texture":"#0"},"west":{"uv":[6.0,9.5,6.375,9.75],"tintindex":0,"rotation":0,"texture":"#0"},"up":{"uv":[2.5,9.25,2.125,8.875],"tintindex":0,"rotation":0,"texture":"#0"},"down":{"uv":[9.25,2.375,8.875,2.75],"tintindex":0,"rotation":0,"texture":"#0"}},"rotation":{"origin":[5.872283,11.166819,9.003327],"angle":45.0,"axis":"y"}},{"from":[3.6801765,7.1818185,6.81122],"to":[6.6501765,10.151818,8.78122],"faces":{"east":{"uv":[2.375,7.875,2.625,8.25],"tintindex":0,"rotation":0,"texture":"#0"},"south":{"uv":[0.0,8.875,0.375,9.25],"tintindex":0,"rotation":0,"texture":"#0"},"north":{"uv":[5.625,8.75,6.0,9.125],"tintindex":0,"rotation":0,"texture":"#0"},"west":{"uv":[4.625,9.25,4.875,9.625],"tintindex":0,"rotation":0,"texture":"#0"},"up":{"uv":[2.875,9.75,2.5,9.5],"tintindex":0,"rotation":0,"texture":"#0"},"down":{"uv":[3.375,9.5,3.0,9.75],"tintindex":0,"rotation":0,"texture":"#0"}},"rotation":{"origin":[5.1651764,11.166819,8.296221],"angle":45.0,"axis":"y"}},{"from":[3.4599998,7.176819,4.864397],"to":[6.4399996,10.156818,8.844397],"faces":{"east":{"uv":[1.0,8.0,1.5,8.375],"tintindex":0,"rotation":0,"texture":"#0"},"south":{"uv":[4.5,8.75,4.875,9.125],"tintindex":0,"rotation":0,"texture":"#0"},"north":{"uv":[7.75,8.625,8.125,9.0],"tintindex":0,"rotation":0,"texture":"#0"},"west":{"uv":[8.0,4.5,8.5,4.875],"tintindex":0,"rotation":0,"texture":"#0"},"up":{"uv":[2.25,7.25,1.875,6.75],"tintindex":0,"rotation":0,"texture":"#0"},"down":{"uv":[8.375,7.0,8.0,7.5],"tintindex":0,"rotation":0,"texture":"#0"}},"rotation":{"origin":[4.65,12.666819,7.554397],"angle":-22.5,"axis":"y"}},{"from":[4.5,7.1668186,3.8543968],"to":[11.5,14.166819,10.854397],"faces":{"east":{"uv":[0.0,3.25,0.875,4.125],"tintindex":0,"rotation":0,"texture":"#0"},"south":{"uv":[1.0,3.25,1.875,4.125],"tintindex":0,"rotation":0,"texture":"#0"},"north":{"uv":[3.0,1.0,3.875,1.875],"tintindex":0,"rotation":0,"texture":"#0"},"west":{"uv":[2.0,3.25,2.875,4.125],"tintindex":0,"rotation":0,"texture":"#0"},"up":{"uv":[4.125,2.875,3.25,2.0],"tintindex":0,"rotation":0,"texture":"#0"},"down":{"uv":[3.875,3.25,3.0,4.125],"tintindex":0,"rotation":0,"texture":"#0"}}},{"from":[3.4599998,12.176819,3.8643968],"to":[6.4399996,14.156818,8.844397],"faces":{"east":{"uv":[8.625,4.5,9.25,4.75],"tintindex":0,"rotation":0,"texture":"#0"},"south":{"uv":[9.5,1.5,9.875,1.75],"tintindex":0,"rotation":0,"texture":"#0"},"north":{"uv":[9.5,1.125,9.875,1.375],"tintindex":0,"rotation":0,"texture":"#0"},"west":{"uv":[8.75,0.0,9.375,0.25],"tintindex":0,"rotation":0,"texture":"#0"},"up":{"uv":[7.25,8.375,6.875,7.75],"tintindex":0,"rotation":0,"texture":"#0"},"down":{"uv":[2.25,7.875,1.875,8.5],"tintindex":0,"rotation":0,"texture":"#0"}},"rotation":{"origin":[4.65,12.666819,7.554397],"angle":-22.5,"axis":"y"}},{"from":[9.56,7.176819,4.864397],"to":[12.54,10.156818,8.844397],"faces":{"east":{"uv":[4.0,8.125,4.5,8.5],"tintindex":0,"rotation":0,"texture":"#0"},"south":{"uv":[8.875,6.25,9.25,6.625],"tintindex":0,"rotation":0,"texture":"#0"},"north":{"uv":[8.875,5.75,9.25,6.125],"tintindex":0,"rotation":0,"texture":"#0"},"west":{"uv":[8.125,5.0,8.625,5.375],"tintindex":0,"rotation":0,"texture":"#0"},"up":{"uv":[5.0,8.625,4.625,8.125],"tintindex":0,"rotation":0,"texture":"#0"},"down":{"uv":[8.625,0.0,8.25,0.5],"tintindex":0,"rotation":0,"texture":"#0"}},"rotation":{"origin":[11.35,12.666819,7.554397],"angle":22.5,"axis":"y"}},{"from":[4.75,10.166819,5.854397],"to":[6.75,12.166819,8.854397],"faces":{"east":{"uv":[9.5,6.75,9.875,7.0],"tintindex":0,"rotation":0,"texture":"#0"},"south":{"uv":[9.0,7.25,9.25,7.5],"tintindex":0,"rotation":0,"texture":"#0"},"north":{"uv":[7.125,4.125,7.375,4.375],"tintindex":0,"rotation":0,"texture":"#0"},"west":{"uv":[9.625,0.375,10.0,0.625],"tintindex":0,"rotation":0,"texture":"#0"},"up":{"uv":[0.75,10.0,0.5,9.625],"tintindex":0,"rotation":0,"texture":"#0"},"down":{"uv":[1.125,9.625,0.875,10.0],"tintindex":0,"rotation":0,"texture":"#0"}},"rotation":{"origin":[8.15,11.166819,5.5543976],"angle":-22.5,"axis":"y"}},{"from":[11.5,11.110691,6.184166],"to":[15.5,11.110691,9.184166],"faces":{"up":{"uv":[0.5,8.75,0.0,8.375],"tintindex":0,"rotation":0,"texture":"#0"},"down":{"uv":[2.875,8.375,2.375,8.75],"tintindex":0,"rotation":0,"texture":"#0"}},"rotation":{"origin":[13.5,11.961191,8.533667],"angle":-22.5,"axis":"x"}},{"from":[5.5,6.8668184,1.654397],"to":[10.5,8.866818,4.654397],"faces":{"east":{"uv":[9.75,9.75,10.125,10.0],"tintindex":0,"rotation":0,"texture":"#0"},"south":{"uv":[8.875,0.75,9.5,1.0],"tintindex":0,"rotation":0,"texture":"#0"},"north":{"uv":[8.875,0.375,9.5,0.625],"tintindex":0,"rotation":0,"texture":"#0"},"west":{"uv":[0.0,9.875,0.375,10.125],"tintindex":0,"rotation":0,"texture":"#0"},"up":{"uv":[5.75,2.625,5.125,2.25],"tintindex":0,"rotation":0,"texture":"#0"},"down":{"uv":[8.375,1.5,7.75,1.875],"tintindex":0,"rotation":0,"texture":"#0"}},"rotation":{"origin":[8.0,7.566818,2.7543974],"angle":-22.5,"axis":"x"}},{"from":[0.5,11.110691,6.184166],"to":[4.5,11.110691,9.184166],"faces":{"up":{"uv":[8.75,5.875,8.25,5.5],"tintindex":0,"rotation":0,"texture":"#0"},"down":{"uv":[6.125,8.25,5.625,8.625],"tintindex":0,"rotation":0,"texture":"#0"}},"rotation":{"origin":[2.5,11.961191,8.533667],"angle":-22.5,"axis":"x"}},{"from":[4.7,10.566818,6.954397],"to":[4.7,11.466818,8.254396],"faces":{"east":{"uv":[3.0,2.0,3.125,2.125],"tintindex":0,"rotation":0,"texture":"#0"},"west":{"uv":[3.25,3.0,3.375,3.125],"tintindex":0,"rotation":0,"texture":"#0"}},"rotation":{"origin":[8.15,11.166819,5.5543976],"angle":-22.5,"axis":"y"}},{"from":[8.642717,12.181819,6.518327],"to":[11.612717,14.151818,9.488327],"faces":{"east":{"uv":[3.5,9.75,3.875,10.0],"tintindex":0,"rotation":0,"texture":"#0"},"south":{"uv":[4.0,9.75,4.375,10.0],"tintindex":0,"rotation":0,"texture":"#0"},"north":{"uv":[1.25,9.75,1.625,10.0],"tintindex":0,"rotation":0,"texture":"#0"},"west":{"uv":[4.5,9.75,4.875,10.0],"tintindex":0,"rotation":0,"texture":"#0"},"up":{"uv":[9.25,3.25,8.875,2.875],"tintindex":0,"rotation":0,"texture":"#0"},"down":{"uv":[9.25,5.25,8.875,5.625],"tintindex":0,"rotation":0,"texture":"#0"}},"rotation":{"origin":[10.127717,11.166819,9.003327],"angle":-45.0,"axis":"y"}},{"from":[0.5,8.111691,9.1831665],"to":[4.5,11.111692,9.1831665],"faces":{"south":{"uv":[8.25,2.5,8.75,2.875],"tintindex":0,"rotation":0,"texture":"#0"},"north":{"uv":[8.25,0.625,8.75,1.0],"tintindex":0,"rotation":0,"texture":"#0"}},"rotation":{"origin":[2.5,11.961191,8.533667],"angle":-22.5,"axis":"x"}},{"from":[11.5,8.111691,9.1831665],"to":[15.5,11.111692,9.1831665],"faces":{"south":{"uv":[8.25,6.5,8.75,6.875],"tintindex":0,"rotation":0,"texture":"#0"},"north":{"uv":[8.25,6.0,8.75,6.375],"tintindex":0,"rotation":0,"texture":"#0"}},"rotation":{"origin":[13.5,11.961191,8.533667],"angle":-22.5,"axis":"x"}},{"from":[11.3,10.566818,6.954397],"to":[11.3,11.466818,8.254396],"faces":{"east":{"uv":[3.5,3.0,3.625,3.125],"tintindex":0,"rotation":0,"texture":"#0"},"west":{"uv":[3.75,3.0,3.875,3.125],"tintindex":0,"rotation":0,"texture":"#0"}},"rotation":{"origin":[7.85,11.166819,5.5543976],"angle":22.5,"axis":"y"}},{"from":[10.65,10.366817,0.654397],"to":[11.65,12.366817,1.654397],"faces":{"east":{"uv":[8.25,1.125,8.375,1.375],"tintindex":0,"rotation":0,"texture":"#0"},"south":{"uv":[6.25,9.875,6.375,10.125],"tintindex":0,"rotation":0,"texture":"#0"},"north":{"uv":[1.625,8.0,1.75,8.25],"tintindex":0,"rotation":0,"texture":"#0"},"west":{"uv":[10.0,6.75,10.125,7.0],"tintindex":0,"rotation":0,"texture":"#0"},"up":{"uv":[4.625,2.875,4.5,2.75],"tintindex":0,"rotation":0,"texture":"#0"},"down":{"uv":[1.625,5.875,1.5,6.0],"tintindex":0,"rotation":0,"texture":"#0"}}},{"from":[9.25,10.166819,5.854397],"to":[11.25,12.166819,8.854397],"faces":{"east":{"uv":[9.625,0.75,10.0,1.0],"tintindex":0,"rotation":0,"texture":"#0"},"south":{"uv":[10.0,4.875,10.25,5.125],"tintindex":0,"rotation":0,"texture":"#0"},"north":{"uv":[9.875,8.625,10.125,8.875],"tintindex":0,"rotation":0,"texture":"#0"},"west":{"uv":[5.0,9.625,5.375,9.875],"tintindex":0,"rotation":0,"texture":"#0"},"up":{"uv":[6.75,10.0,6.5,9.625],"tintindex":0,"rotation":0,"texture":"#0"},"down":{"uv":[7.875,9.625,7.625,10.0],"tintindex":0,"rotation":0,"texture":"#0"}},"rotation":{"origin":[7.85,11.166819,5.5543976],"angle":22.5,"axis":"y"}},{"from":[4.35,10.366817,0.654397],"to":[5.35,12.366817,1.654397],"faces":{"east":{"uv":[4.25,7.0,4.375,7.25],"tintindex":0,"rotation":0,"texture":"#0"},"south":{"uv":[2.75,7.375,2.875,7.625],"tintindex":0,"rotation":0,"texture":"#0"},"north":{"uv":[3.0,6.625,3.125,6.875],"tintindex":0,"rotation":0,"texture":"#0"},"west":{"uv":[4.0,7.75,4.125,8.0],"tintindex":0,"rotation":0,"texture":"#0"},"up":{"uv":[4.125,1.875,4.0,1.75],"tintindex":0,"rotation":0,"texture":"#0"},"down":{"uv":[4.375,2.75,4.25,2.875],"tintindex":0,"rotation":0,"texture":"#0"}}},{"from":[9.56,12.176819,3.8643968],"to":[12.54,14.156818,8.844397],"faces":{"east":{"uv":[8.75,3.625,9.375,3.875],"tintindex":0,"rotation":0,"texture":"#0"},"south":{"uv":[9.25,9.625,9.625,9.875],"tintindex":0,"rotation":0,"texture":"#0"},"north":{"uv":[8.75,9.625,9.125,9.875],"tintindex":0,"rotation":0,"texture":"#0"},"west":{"uv":[8.75,4.875,9.375,5.125],"tintindex":0,"rotation":0,"texture":"#0"},"up":{"uv":[7.75,8.5,7.375,7.875],"tintindex":0,"rotation":0,"texture":"#0"},"down":{"uv":[8.25,7.875,7.875,8.5],"tintindex":0,"rotation":0,"texture":"#0"}},"rotation":{"origin":[11.35,12.666819,7.554397],"angle":22.5,"axis":"y"}},{"from":[9.349824,7.1818185,6.81122],"to":[12.319823,10.151818,8.78122],"faces":{"east":{"uv":[5.5,9.75,5.75,10.125],"tintindex":0,"rotation":0,"texture":"#0"},"south":{"uv":[8.875,8.125,9.25,8.5],"tintindex":0,"rotation":0,"texture":"#0"},"north":{"uv":[8.875,7.625,9.25,8.0],"tintindex":0,"rotation":0,"texture":"#0"},"west":{"uv":[6.875,9.75,7.125,10.125],"tintindex":0,"rotation":0,"texture":"#0"},"up":{"uv":[10.125,9.25,9.75,9.0],"tintindex":0,"rotation":0,"texture":"#0"},"down":{"uv":[10.125,9.375,9.75,9.625],"tintindex":0,"rotation":0,"texture":"#0"}},"rotation":{"origin":[10.834824,11.166819,8.296221],"angle":-45.0,"axis":"y"}},{"from":[4.5,8.166819,0.8543968],"to":[11.5,14.166819,3.8543968],"faces":{"east":{"uv":[0.0,7.5,0.375,8.25],"tintindex":0,"rotation":0,"texture":"#0"},"south":{"uv":[4.875,2.75,5.75,3.5],"tintindex":0,"rotation":0,"texture":"#0"},"north":{"uv":[2.875,4.25,3.75,5.0],"tintindex":0,"rotation":0,"texture":"#0"},"west":{"uv":[0.5,7.5,0.875,8.25],"tintindex":0,"rotation":0,"texture":"#0"},"up":{"uv":[6.625,7.0,5.75,6.625],"tintindex":0,"rotation":0,"texture":"#0"},"down":{"uv":[7.5,6.0,6.625,6.375],"tintindex":0,"rotation":0,"texture":"#0"}}}],"display":{"gui":{"rotation":[30,225,0]}}}