{"textures":{"0":"modelengine:entity/nocsy_mount_ram_baby"},"elements":[{"from":[5.115574,4.457961,5.4210243],"to":[11.115574,9.45796,10.421024],"faces":{"east":{"uv":[0.0,5.875,0.625,6.5],"tintindex":0,"rotation":0,"texture":"#0"},"south":{"uv":[0.875,5.125,1.625,5.75],"tintindex":0,"rotation":0,"texture":"#0"},"north":{"uv":[5.125,0.75,5.875,1.375],"tintindex":0,"rotation":0,"texture":"#0"},"west":{"uv":[0.75,5.875,1.375,6.5],"tintindex":0,"rotation":0,"texture":"#0"},"up":{"uv":[5.875,2.125,5.125,1.5],"tintindex":0,"rotation":0,"texture":"#0"},"down":{"uv":[3.625,5.125,2.875,5.75],"tintindex":0,"rotation":0,"texture":"#0"}},"rotation":{"origin":[7.5,7.5,7.5],"angle":22.5,"axis":"y"}},{"from":[4.8417478,4.437092,0.38969994],"to":[10.841747,7.437092,3.3897],"faces":{"east":{"uv":[9.0,1.125,9.375,1.5],"tintindex":0,"rotation":0,"texture":"#0"},"south":{"uv":[7.375,1.0,8.125,1.375],"tintindex":0,"rotation":0,"texture":"#0"},"north":{"uv":[7.375,0.5,8.125,0.875],"tintindex":0,"rotation":0,"texture":"#0"},"west":{"uv":[9.0,1.625,9.375,2.0],"tintindex":0,"rotation":0,"texture":"#0"},"up":{"uv":[2.625,7.75,1.875,7.375],"tintindex":0,"rotation":0,"texture":"#0"},"down":{"uv":[8.125,2.625,7.375,3.0],"tintindex":0,"rotation":0,"texture":"#0"}},"rotation":{"origin":[9.7819805,6.9000015,1.53934],"angle":-22.5,"axis":"z"}},{"from":[7.5118155,4.340515,1.9736385],"to":[11.511816,8.340515,7.9736385],"faces":{"east":{"uv":[5.75,6.0,6.5,6.5],"tintindex":0,"rotation":0,"texture":"#0"},"south":{"uv":[6.25,7.75,6.75,8.25],"tintindex":0,"rotation":0,"texture":"#0"},"north":{"uv":[3.375,7.75,3.875,8.25],"tintindex":0,"rotation":0,"texture":"#0"},"west":{"uv":[1.5,6.125,2.25,6.625],"tintindex":0,"rotation":0,"texture":"#0"},"up":{"uv":[3.75,6.875,3.25,6.125],"tintindex":0,"rotation":0,"texture":"#0"},"down":{"uv":[4.375,6.125,3.875,6.875],"tintindex":0,"rotation":0,"texture":"#0"}},"rotation":{"origin":[9.381981,7.5,6.4393396],"angle":-22.5,"axis":"x"}}],"display":{"gui":{"rotation":[30,225,0]}}}