{"textures":{"0":"modelengine:entity/nocsy_mount_ram_baby"},"elements":[{"from":[4.884426,4.457961,5.4210243],"to":[10.884426,9.45796,10.421024],"faces":{"east":{"uv":[5.75,3.625,6.375,4.25],"tintindex":0,"rotation":0,"texture":"#0"},"south":{"uv":[4.875,4.375,5.625,5.0],"tintindex":0,"rotation":0,"texture":"#0"},"north":{"uv":[4.875,3.625,5.625,4.25],"tintindex":0,"rotation":0,"texture":"#0"},"west":{"uv":[5.75,4.375,6.375,5.0],"tintindex":0,"rotation":0,"texture":"#0"},"up":{"uv":[0.75,5.75,0.0,5.125],"tintindex":0,"rotation":0,"texture":"#0"},"down":{"uv":[5.875,0.0,5.125,0.625],"tintindex":0,"rotation":0,"texture":"#0"}},"rotation":{"origin":[8.5,7.5,7.5],"angle":-22.5,"axis":"y"}},{"from":[4.4881845,4.340515,1.9736385],"to":[8.488184,8.340515,7.9736385],"faces":{"east":{"uv":[5.875,3.0,6.625,3.5],"tintindex":0,"rotation":0,"texture":"#0"},"south":{"uv":[7.75,3.125,8.25,3.625],"tintindex":0,"rotation":0,"texture":"#0"},"north":{"uv":[2.75,7.75,3.25,8.25],"tintindex":0,"rotation":0,"texture":"#0"},"west":{"uv":[6.0,1.5,6.75,2.0],"tintindex":0,"rotation":0,"texture":"#0"},"up":{"uv":[5.0,6.75,4.5,6.0],"tintindex":0,"rotation":0,"texture":"#0"},"down":{"uv":[5.625,6.0,5.125,6.75],"tintindex":0,"rotation":0,"texture":"#0"}},"rotation":{"origin":[6.6180196,7.5,6.4393396],"angle":-22.5,"axis":"x"}},{"from":[5.1582522,4.437092,0.38969994],"to":[11.158253,7.437092,3.3897],"faces":{"east":{"uv":[8.25,8.875,8.625,9.25],"tintindex":0,"rotation":0,"texture":"#0"},"south":{"uv":[5.75,7.125,6.5,7.5],"tintindex":0,"rotation":0,"texture":"#0"},"north":{"uv":[6.875,1.5,7.625,1.875],"tintindex":0,"rotation":0,"texture":"#0"},"west":{"uv":[8.875,8.625,9.25,9.0],"tintindex":0,"rotation":0,"texture":"#0"},"up":{"uv":[7.375,7.625,6.625,7.25],"tintindex":0,"rotation":0,"texture":"#0"},"down":{"uv":[8.125,0.0,7.375,0.375],"tintindex":0,"rotation":0,"texture":"#0"}},"rotation":{"origin":[6.2180195,6.9000015,1.53934],"angle":22.5,"axis":"z"}}],"display":{"gui":{"rotation":[30,225,0]}}}