{"textures":{"0":"modelengine:entity/nocsy_mount_leopard"},"elements":[{"from":[5.105,4.0980015,12.395303],"to":[10.105,9.0980015,19.895302],"faces":{"east":{"uv":[0.0,0.0,1.875,1.25],"tintindex":0,"rotation":0,"texture":"#0"},"south":{"uv":[4.625,4.25,5.875,5.5],"tintindex":0,"rotation":0,"texture":"#0"},"north":{"uv":[3.25,4.25,4.5,5.5],"tintindex":0,"rotation":0,"texture":"#0"},"west":{"uv":[0.0,1.375,1.875,2.625],"tintindex":0,"rotation":0,"texture":"#0"},"up":{"uv":[3.25,1.875,2.0,0.0],"tintindex":0,"rotation":0,"texture":"#0"},"down":{"uv":[3.25,2.0,2.0,3.875],"tintindex":0,"rotation":0,"texture":"#0"}}},{"from":[5.355,5.9908,5.402432],"to":[9.855,8.4908,9.902432],"faces":{"east":{"uv":[10.625,8.0,11.75,8.625],"tintindex":0,"rotation":0,"texture":"#0"},"south":{"uv":[10.625,8.75,11.75,9.375],"tintindex":0,"rotation":0,"texture":"#0"},"north":{"uv":[10.625,7.25,11.75,7.875],"tintindex":0,"rotation":0,"texture":"#0"},"west":{"uv":[10.625,9.5,11.75,10.125],"tintindex":0,"rotation":0,"texture":"#0"},"up":{"uv":[7.875,7.375,6.75,6.25],"tintindex":0,"rotation":0,"texture":"#0"},"down":{"uv":[1.125,6.875,0.0,8.0],"tintindex":0,"rotation":0,"texture":"#0"}}},{"from":[4.355,4.0236545,8.42407],"to":[10.855,9.023654,13.92407],"faces":{"east":{"uv":[1.75,4.0,3.125,5.25],"tintindex":0,"rotation":0,"texture":"#0"},"south":{"uv":[3.375,2.875,5.0,4.125],"tintindex":0,"rotation":0,"texture":"#0"},"north":{"uv":[3.375,1.5,5.0,2.75],"tintindex":0,"rotation":0,"texture":"#0"},"west":{"uv":[0.0,4.25,1.375,5.5],"tintindex":0,"rotation":0,"texture":"#0"},"up":{"uv":[1.625,4.125,0.0,2.75],"tintindex":0,"rotation":0,"texture":"#0"},"down":{"uv":[5.0,0.0,3.375,1.375],"tintindex":0,"rotation":0,"texture":"#0"}},"rotation":{"origin":[7.3175,6.9861546,13.16407],"angle":22.5,"axis":"x"}},{"from":[5.355,4.4930015,17.530304],"to":[9.855,7.9930015,21.530304],"faces":{"east":{"uv":[9.75,1.25,10.75,2.125],"tintindex":0,"rotation":0,"texture":"#0"},"south":{"uv":[8.875,5.25,10.0,6.125],"tintindex":0,"rotation":0,"texture":"#0"},"north":{"uv":[8.5,1.5,9.625,2.375],"tintindex":0,"rotation":0,"texture":"#0"},"west":{"uv":[9.75,2.25,10.75,3.125],"tintindex":0,"rotation":0,"texture":"#0"},"up":{"uv":[2.375,8.875,1.25,7.875],"tintindex":0,"rotation":0,"texture":"#0"},"down":{"uv":[9.0,7.5,7.875,8.5],"tintindex":0,"rotation":0,"texture":"#0"}},"rotation":{"origin":[7.5275,6.665501,16.147802],"angle":-22.5,"axis":"x"}},{"from":[5.36,7.4038153,5.69377],"to":[9.85,9.893815,10.183769],"faces":{"east":{"uv":[10.375,0.0,11.5,0.625],"tintindex":0,"rotation":0,"texture":"#0"},"south":{"uv":[10.625,3.25,11.75,3.875],"tintindex":0,"rotation":0,"texture":"#0"},"north":{"uv":[0.625,10.25,1.75,10.875],"tintindex":0,"rotation":0,"texture":"#0"},"west":{"uv":[10.625,4.0,11.75,4.625],"tintindex":0,"rotation":0,"texture":"#0"},"up":{"uv":[2.5,7.75,1.375,6.625],"tintindex":0,"rotation":0,"texture":"#0"},"down":{"uv":[7.875,5.0,6.75,6.125],"tintindex":0,"rotation":0,"texture":"#0"}},"rotation":{"origin":[7.9235497,8.729865,8.3023205],"angle":-22.5,"axis":"x"}}],"display":{"gui":{"rotation":[30,225,0]}}}