{"textures":{"0":"modelengine:entity/nocsy_mount_leopard"},"elements":[{"from":[5.0,5.955224,-4.756654],"to":[11.0,9.955224,2.2433462],"faces":{"east":{"uv":[6.875,12.125,7.75,12.625],"tintindex":0,"rotation":0,"texture":"#0"},"south":{"uv":[5.875,12.75,6.625,13.25],"tintindex":0,"rotation":0,"texture":"#0"},"north":{"uv":[12.625,6.0,13.375,6.5],"tintindex":0,"rotation":0,"texture":"#0"},"west":{"uv":[11.0,12.125,11.875,12.625],"tintindex":0,"rotation":0,"texture":"#0"},"up":{"uv":[1.375,11.875,0.625,11.0],"tintindex":0,"rotation":0,"texture":"#0"},"down":{"uv":[2.25,11.0,1.5,11.875],"tintindex":0,"rotation":0,"texture":"#0"}},"rotation":{"origin":[7.765,8.170417,-2.6126795],"angle":-22.5,"axis":"x"}},{"from":[5.3100004,4.0883827,-1.3857358],"to":[5.29,5.0683823,-0.40573573],"faces":{"east":{"uv":[11.125,15.125,11.25,15.25],"tintindex":0,"rotation":0,"texture":"#0"},"south":{"uv":[6.75,12.75,7.5,13.25],"tintindex":0,"rotation":0,"texture":"#0"},"north":{"uv":[12.75,6.625,13.5,7.125],"tintindex":0,"rotation":0,"texture":"#0"},"west":{"uv":[11.25,15.125,11.125,15.25],"tintindex":0,"rotation":0,"texture":"#0"},"up":{"uv":[9.875,11.875,9.125,11.0],"tintindex":0,"rotation":0,"texture":"#0"},"down":{"uv":[11.875,4.75,11.125,5.625],"tintindex":0,"rotation":0,"texture":"#0"}},"rotation":{"origin":[5.0,3.803382,-2.2457361],"angle":-45.0,"axis":"x"}},{"from":[5.5,4.122239,-3.1155558],"to":[10.5,7.122239,0.88444424],"faces":{"east":{"uv":[10.0,11.0,10.5,11.375],"tintindex":0,"rotation":0,"texture":"#0"},"south":{"uv":[1.25,13.5,1.875,13.875],"tintindex":0,"rotation":0,"texture":"#0"},"north":{"uv":[10.125,5.75,10.75,6.125],"tintindex":0,"rotation":0,"texture":"#0"},"west":{"uv":[12.0,5.25,12.5,5.625],"tintindex":0,"rotation":0,"texture":"#0"},"up":{"uv":[4.5,13.375,3.875,12.875],"tintindex":0,"rotation":0,"texture":"#0"},"down":{"uv":[5.25,12.875,4.625,13.375],"tintindex":0,"rotation":0,"texture":"#0"}},"rotation":{"origin":[8.0,5.622239,-1.4405565],"angle":-22.5,"axis":"x"}},{"from":[9.214,12.382222,3.3732672],"to":[13.214001,16.382221,5.373267],"faces":{"east":{"uv":[11.0,11.5,11.25,12.0],"tintindex":0,"rotation":0,"texture":"#0"},"south":{"uv":[0.625,13.5,1.125,14.0],"tintindex":0,"rotation":0,"texture":"#0"},"north":{"uv":[0.0,13.5,0.5,14.0],"tintindex":0,"rotation":0,"texture":"#0"},"west":{"uv":[4.875,14.25,5.125,14.75],"tintindex":0,"rotation":0,"texture":"#0"},"up":{"uv":[6.25,14.5,5.75,14.25],"tintindex":0,"rotation":0,"texture":"#0"},"down":{"uv":[6.875,14.25,6.375,14.5],"tintindex":0,"rotation":0,"texture":"#0"}},"rotation":{"origin":[8.0,8.748221,3.7682676],"angle":-22.5,"axis":"z"}},{"from":[4.065,8.853221,-0.9137335],"to":[4.665,9.853221,-0.9137335],"faces":{"south":{"uv":[2.875,5.375,3.0,5.5],"tintindex":0,"rotation":0,"texture":"#0"},"north":{"uv":[1.75,3.75,1.875,3.875],"tintindex":0,"rotation":0,"texture":"#0"}}},{"from":[5.01,5.313382,-3.7357361],"to":[10.99,9.293382,3.244264],"faces":{"east":{"uv":[12.0,12.125,12.875,12.625],"tintindex":0,"rotation":0,"texture":"#0"},"south":{"uv":[6.75,12.75,7.5,13.25],"tintindex":0,"rotation":0,"texture":"#0"},"north":{"uv":[12.75,6.625,13.5,7.125],"tintindex":0,"rotation":0,"texture":"#0"},"west":{"uv":[7.875,12.25,8.75,12.75],"tintindex":0,"rotation":0,"texture":"#0"},"up":{"uv":[9.875,11.875,9.125,11.0],"tintindex":0,"rotation":0,"texture":"#0"},"down":{"uv":[11.875,4.75,11.125,5.625],"tintindex":0,"rotation":0,"texture":"#0"}}},{"from":[2.665,8.353222,-0.8137331],"to":[5.665,10.353221,0.6862669],"faces":{"east":{"uv":[6.375,7.125,6.625,7.375],"tintindex":0,"rotation":0,"texture":"#0"},"south":{"uv":[7.0,14.25,7.375,14.5],"tintindex":0,"rotation":0,"texture":"#0"},"north":{"uv":[4.875,10.875,5.25,11.125],"tintindex":0,"rotation":0,"texture":"#0"},"west":{"uv":[7.0,10.75,7.25,11.0],"tintindex":0,"rotation":0,"texture":"#0"},"up":{"uv":[7.875,14.5,7.5,14.25],"tintindex":0,"rotation":0,"texture":"#0"},"down":{"uv":[8.375,14.25,8.0,14.5],"tintindex":0,"rotation":0,"texture":"#0"}}},{"from":[3.0,4.403221,-0.5767336],"to":[13.0,13.403222,8.423267],"faces":{"east":{"uv":[2.625,6.875,3.75,8.0],"tintindex":0,"rotation":0,"texture":"#0"},"south":{"uv":[0.0,5.625,1.25,6.75],"tintindex":0,"rotation":0,"texture":"#0"},"north":{"uv":[1.5,5.375,2.75,6.5],"tintindex":0,"rotation":0,"texture":"#0"},"west":{"uv":[3.875,6.875,5.0,8.0],"tintindex":0,"rotation":0,"texture":"#0"},"up":{"uv":[4.125,6.75,2.875,5.625],"tintindex":0,"rotation":0,"texture":"#0"},"down":{"uv":[5.5,5.625,4.25,6.75],"tintindex":0,"rotation":0,"texture":"#0"}}},{"from":[2.065,9.523932,-0.78444386],"to":[5.065,10.923932,-0.78444386],"faces":{"south":{"uv":[9.125,8.375,9.5,8.5],"tintindex":0,"rotation":0,"texture":"#0"},"north":{"uv":[5.125,6.875,5.5,7.0],"tintindex":0,"rotation":0,"texture":"#0"}},"rotation":{"origin":[5.165,10.423932,-0.88444424],"angle":-45.0,"axis":"x"}},{"from":[10.934999,9.523932,-0.78444386],"to":[13.934999,10.923932,-0.78444386],"faces":{"south":{"uv":[13.375,14.25,13.75,14.375],"tintindex":0,"rotation":0,"texture":"#0"},"north":{"uv":[12.875,14.25,13.25,14.375],"tintindex":0,"rotation":0,"texture":"#0"}},"rotation":{"origin":[10.835,10.423932,-0.88444424],"angle":-45.0,"axis":"x"}},{"from":[10.335,8.353222,-0.8137331],"to":[13.335,10.353221,0.6862669],"faces":{"east":{"uv":[11.875,9.75,12.125,10.0],"tintindex":0,"rotation":0,"texture":"#0"},"south":{"uv":[9.0,14.25,9.375,14.5],"tintindex":0,"rotation":0,"texture":"#0"},"north":{"uv":[8.5,14.25,8.875,14.5],"tintindex":0,"rotation":0,"texture":"#0"},"west":{"uv":[9.625,12.0,9.875,12.25],"tintindex":0,"rotation":0,"texture":"#0"},"up":{"uv":[9.875,14.5,9.5,14.25],"tintindex":0,"rotation":0,"texture":"#0"},"down":{"uv":[10.375,14.25,10.0,14.5],"tintindex":0,"rotation":0,"texture":"#0"}}},{"from":[11.335,8.853221,-0.9137335],"to":[11.934999,9.853221,-0.9137335],"faces":{"south":{"uv":[8.125,2.5,8.25,2.625],"tintindex":0,"rotation":0,"texture":"#0"},"north":{"uv":[2.625,6.625,2.75,6.75],"tintindex":0,"rotation":0,"texture":"#0"}}},{"from":[2.7859998,12.382222,3.3732672],"to":[6.7860003,16.382221,5.373267],"faces":{"east":{"uv":[4.375,9.125,4.625,9.625],"tintindex":0,"rotation":0,"texture":"#0"},"south":{"uv":[13.375,11.0,13.875,11.5],"tintindex":0,"rotation":0,"texture":"#0"},"north":{"uv":[13.375,5.25,13.875,5.75],"tintindex":0,"rotation":0,"texture":"#0"},"west":{"uv":[5.875,11.25,6.125,11.75],"tintindex":0,"rotation":0,"texture":"#0"},"up":{"uv":[14.5,2.125,14.0,1.875],"tintindex":0,"rotation":0,"texture":"#0"},"down":{"uv":[14.5,13.0,14.0,13.25],"tintindex":0,"rotation":0,"texture":"#0"}},"rotation":{"origin":[8.0,8.748221,3.7682676],"angle":22.5,"axis":"z"}},{"from":[10.71,4.0883827,-1.3857358],"to":[10.69,5.0683823,-0.40573573],"faces":{"east":{"uv":[11.125,15.125,11.25,15.25],"tintindex":0,"rotation":0,"texture":"#0"},"south":{"uv":[7.5,12.75,6.75,13.25],"tintindex":0,"rotation":0,"texture":"#0"},"north":{"uv":[13.5,6.625,12.75,7.125],"tintindex":0,"rotation":0,"texture":"#0"},"west":{"uv":[11.25,15.125,11.125,15.25],"tintindex":0,"rotation":0,"texture":"#0"},"up":{"uv":[9.125,11.875,9.875,11.0],"tintindex":0,"rotation":0,"texture":"#0"},"down":{"uv":[11.125,4.75,11.875,5.625],"tintindex":0,"rotation":0,"texture":"#0"}},"rotation":{"origin":[11.0,3.803382,-2.2457361],"angle":-45.0,"axis":"x"}},{"from":[6.5,6.914834,-5.30882],"to":[9.5,8.914834,-3.3088198],"faces":{"east":{"uv":[12.5,2.375,12.75,2.625],"tintindex":0,"rotation":0,"texture":"#0"},"south":{"uv":[11.0,14.25,11.375,14.5],"tintindex":0,"rotation":0,"texture":"#0"},"north":{"uv":[10.5,14.25,10.875,14.5],"tintindex":0,"rotation":0,"texture":"#0"},"west":{"uv":[12.5,14.25,12.75,14.5],"tintindex":0,"rotation":0,"texture":"#0"},"up":{"uv":[11.875,14.5,11.5,14.25],"tintindex":0,"rotation":0,"texture":"#0"},"down":{"uv":[12.375,14.25,12.0,14.5],"tintindex":0,"rotation":0,"texture":"#0"}},"rotation":{"origin":[8.08,8.572026,-5.771846],"angle":-22.5,"axis":"x"}}],"display":{"gui":{"rotation":[30,225,0]}}}