{"textures":{"0":"modelengine:entity/nocsy_mount_leopard"},"elements":[{"from":[4.5400004,3.0796309,5.2465096],"to":[11.54,5.079631,12.24651],"faces":{"east":{"uv":[13.75,2.25,14.625,2.5],"tintindex":0,"rotation":0,"texture":"#0"},"south":{"uv":[13.75,2.625,14.625,2.875],"tintindex":0,"rotation":0,"texture":"#0"},"north":{"uv":[13.625,3.0,14.5,3.25],"tintindex":0,"rotation":0,"texture":"#0"},"west":{"uv":[13.75,8.875,14.625,9.125],"tintindex":0,"rotation":0,"texture":"#0"},"up":{"uv":[5.25,10.75,4.375,9.875],"tintindex":0,"rotation":0,"texture":"#0"},"down":{"uv":[10.75,6.25,9.875,7.125],"tintindex":0,"rotation":0,"texture":"#0"}},"rotation":{"origin":[8.0,2.800784,8.354063],"angle":-22.5,"axis":"x"}},{"from":[5.6300006,-0.30978394,5.591937],"to":[10.63,8.690216,10.591937],"faces":{"east":{"uv":[10.625,10.25,11.25,11.375],"tintindex":0,"rotation":0,"texture":"#0"},"south":{"uv":[6.25,10.75,6.875,11.875],"tintindex":0,"rotation":0,"texture":"#0"},"north":{"uv":[3.375,10.375,4.0,11.5],"tintindex":0,"rotation":0,"texture":"#0"},"west":{"uv":[10.875,0.75,11.5,1.875],"tintindex":0,"rotation":0,"texture":"#0"},"up":{"uv":[13.25,1.625,12.625,1.0],"tintindex":0,"rotation":0,"texture":"#0"},"down":{"uv":[13.25,5.25,12.625,5.875],"tintindex":0,"rotation":0,"texture":"#0"}}}],"display":{"gui":{"rotation":[30,225,0]}}}