{"textures":{"0":"modelengine:entity/nocsy_mount_leopard"},"elements":[{"from":[7.570236,0.7239995,7.5860386],"to":[7.570236,3.7239995,10.586039],"faces":{"east":{"uv":[8.75,15.25,8.375,15.625],"tintindex":0,"rotation":90,"texture":"#0"},"south":{"uv":[8.75,15.25,8.375,15.625],"tintindex":0,"rotation":0,"texture":"#0"},"north":{"uv":[8.375,15.25,8.75,15.625],"tintindex":0,"rotation":180,"texture":"#0"},"west":{"uv":[8.375,15.25,8.75,15.625],"tintindex":0,"rotation":270,"texture":"#0"},"up":{"uv":[2.0,13.5,2.375,14.125],"tintindex":0,"rotation":0,"texture":"#0"},"down":{"uv":[8.375,3.5,8.75,4.125],"tintindex":0,"rotation":180,"texture":"#0"}}},{"from":[3.46,2.2891436,7.5860386],"to":[6.46,7.289144,10.586039],"faces":{"east":{"uv":[13.5,1.5,13.875,2.125],"tintindex":0,"rotation":0,"texture":"#0"},"south":{"uv":[2.0,13.5,2.375,14.125],"tintindex":0,"rotation":0,"texture":"#0"},"north":{"uv":[8.375,3.5,8.75,4.125],"tintindex":0,"rotation":0,"texture":"#0"},"west":{"uv":[13.5,3.625,13.875,4.25],"tintindex":0,"rotation":0,"texture":"#0"},"up":{"uv":[14.5,7.75,14.125,7.375],"tintindex":0,"rotation":0,"texture":"#0"},"down":{"uv":[14.5,7.875,14.125,8.25],"tintindex":0,"rotation":0,"texture":"#0"}},"rotation":{"origin":[8.200001,4.343144,8.771038],"angle":-22.5,"axis":"z"}},{"from":[11.170237,0.7239995,7.5860386],"to":[11.170237,3.7239995,10.586039],"faces":{"east":{"uv":[8.75,15.25,8.375,15.625],"tintindex":0,"rotation":90,"texture":"#0"},"south":{"uv":[8.75,15.25,8.375,15.625],"tintindex":0,"rotation":0,"texture":"#0"},"north":{"uv":[8.375,15.25,8.75,15.625],"tintindex":0,"rotation":180,"texture":"#0"},"west":{"uv":[8.375,15.25,8.75,15.625],"tintindex":0,"rotation":270,"texture":"#0"},"up":{"uv":[2.0,13.5,2.375,14.125],"tintindex":0,"rotation":0,"texture":"#0"},"down":{"uv":[8.375,3.5,8.75,4.125],"tintindex":0,"rotation":180,"texture":"#0"}},"rotation":{"origin":[7.570236,2.2239995,9.086039],"angle":22.5,"axis":"z"}},{"from":[6.2171,2.360244,7.5781384],"to":[9.237101,8.380244,10.598139],"faces":{"east":{"uv":[10.375,13.375,10.75,14.125],"tintindex":0,"rotation":0,"texture":"#0"},"south":{"uv":[10.875,13.375,11.25,14.125],"tintindex":0,"rotation":0,"texture":"#0"},"north":{"uv":[9.875,13.375,10.25,14.125],"tintindex":0,"rotation":0,"texture":"#0"},"west":{"uv":[11.375,13.375,11.75,14.125],"tintindex":0,"rotation":0,"texture":"#0"},"up":{"uv":[14.5,6.75,14.125,6.375],"tintindex":0,"rotation":0,"texture":"#0"},"down":{"uv":[14.5,6.875,14.125,7.25],"tintindex":0,"rotation":0,"texture":"#0"}}},{"from":[3.938961,2.161302,7.5860386],"to":[3.938961,5.1613016,10.586039],"faces":{"east":{"uv":[8.75,15.25,8.375,15.625],"tintindex":0,"rotation":90,"texture":"#0"},"south":{"uv":[8.75,15.25,8.375,15.625],"tintindex":0,"rotation":0,"texture":"#0"},"north":{"uv":[8.375,15.25,8.75,15.625],"tintindex":0,"rotation":180,"texture":"#0"},"west":{"uv":[8.375,15.25,8.75,15.625],"tintindex":0,"rotation":270,"texture":"#0"},"up":{"uv":[2.0,13.5,2.375,14.125],"tintindex":0,"rotation":0,"texture":"#0"},"down":{"uv":[8.375,3.5,8.75,4.125],"tintindex":0,"rotation":180,"texture":"#0"}},"rotation":{"origin":[3.938961,2.261302,9.086039],"angle":-22.5,"axis":"z"}},{"from":[9.938,7.171144,7.5860386],"to":[12.938,12.171144,10.586039],"faces":{"east":{"uv":[4.375,13.5,4.75,14.125],"tintindex":0,"rotation":0,"texture":"#0"},"south":{"uv":[13.5,4.375,13.875,5.0],"tintindex":0,"rotation":0,"texture":"#0"},"north":{"uv":[3.875,13.5,4.25,14.125],"tintindex":0,"rotation":0,"texture":"#0"},"west":{"uv":[4.875,13.5,5.25,14.125],"tintindex":0,"rotation":0,"texture":"#0"},"up":{"uv":[14.5,8.75,14.125,8.375],"tintindex":0,"rotation":0,"texture":"#0"},"down":{"uv":[14.5,10.375,14.125,10.75],"tintindex":0,"rotation":0,"texture":"#0"}},"rotation":{"origin":[20.05,4.343144,8.771038],"angle":22.5,"axis":"z"}}],"display":{"gui":{"rotation":[30,225,0]}}}