{"textures":{"0":"modelengine:entity/nocsy_mount_leopard"},"elements":[{"from":[4.9121003,6.0171,1.214761],"to":[4.932101,9.0371,4.234761],"faces":{"east":{"uv":[8.75,15.25,8.375,15.625],"tintindex":0,"rotation":0,"texture":"#0"},"south":{"uv":[9.625,4.75,10.0,5.125],"tintindex":0,"rotation":0,"texture":"#0"},"west":{"uv":[8.375,15.25,8.75,15.625],"tintindex":0,"rotation":0,"texture":"#0"},"up":{"uv":[9.5,8.25,9.125,7.5],"tintindex":0,"rotation":0,"texture":"#0"},"down":{"uv":[9.5,10.125,9.125,10.875],"tintindex":0,"rotation":0,"texture":"#0"}},"rotation":{"origin":[4.9221005,7.5271,2.724761],"angle":22.5,"axis":"y"}},{"from":[10.812099,6.0171,1.214761],"to":[10.8321,9.0371,4.234761],"faces":{"east":{"uv":[8.75,15.25,8.375,15.625],"tintindex":0,"rotation":0,"texture":"#0"},"south":{"uv":[9.625,4.75,10.0,5.125],"tintindex":0,"rotation":0,"texture":"#0"},"west":{"uv":[8.375,15.25,8.75,15.625],"tintindex":0,"rotation":0,"texture":"#0"},"up":{"uv":[9.5,8.25,9.125,7.5],"tintindex":0,"rotation":0,"texture":"#0"},"down":{"uv":[9.5,10.125,9.125,10.875],"tintindex":0,"rotation":0,"texture":"#0"}},"rotation":{"origin":[10.8221,7.5271,2.724761],"angle":-22.5,"axis":"y"}},{"from":[9.108608,6.025,7.234352],"to":[12.108608,9.025,13.234352],"faces":{"east":{"uv":[0.75,13.0,1.5,13.375],"tintindex":0,"rotation":0,"texture":"#0"},"south":{"uv":[14.0,5.875,14.375,6.25],"tintindex":0,"rotation":0,"texture":"#0"},"north":{"uv":[14.0,5.375,14.375,5.75],"tintindex":0,"rotation":0,"texture":"#0"},"west":{"uv":[1.625,13.0,2.375,13.375],"tintindex":0,"rotation":0,"texture":"#0"},"up":{"uv":[13.375,5.125,13.0,4.375],"tintindex":0,"rotation":0,"texture":"#0"},"down":{"uv":[9.25,13.0,8.875,13.75],"tintindex":0,"rotation":0,"texture":"#0"}},"rotation":{"origin":[22.174015,7.605,5.772661],"angle":-22.5,"axis":"y"}},{"from":[7.9121,6.0171,0.214761],"to":[7.9321003,9.0371,3.234761],"faces":{"east":{"uv":[8.75,15.25,8.375,15.625],"tintindex":0,"rotation":0,"texture":"#0"},"south":{"uv":[9.625,4.75,10.0,5.125],"tintindex":0,"rotation":0,"texture":"#0"},"west":{"uv":[8.375,15.25,8.75,15.625],"tintindex":0,"rotation":0,"texture":"#0"},"up":{"uv":[9.5,8.25,9.125,7.5],"tintindex":0,"rotation":0,"texture":"#0"},"down":{"uv":[9.5,10.125,9.125,10.875],"tintindex":0,"rotation":0,"texture":"#0"}}},{"from":[5.896869,6.035,7.88573],"to":[9.876868,9.014999,8.865729],"faces":{"east":{"uv":[1.75,2.75,1.875,3.125],"tintindex":0,"rotation":0,"texture":"#0"},"south":{"uv":[14.0,3.375,14.5,3.75],"tintindex":0,"rotation":0,"texture":"#0"},"north":{"uv":[1.25,14.0,1.75,14.375],"tintindex":0,"rotation":0,"texture":"#0"},"west":{"uv":[1.75,3.25,1.875,3.625],"tintindex":0,"rotation":0,"texture":"#0"},"up":{"uv":[10.25,3.375,9.75,3.25],"tintindex":0,"rotation":0,"texture":"#0"},"down":{"uv":[10.375,7.25,9.875,7.375],"tintindex":0,"rotation":0,"texture":"#0"}}},{"from":[6.4121003,6.0171,1.8147614],"to":[9.4321,9.0371,7.834761],"faces":{"east":{"uv":[6.125,3.0,6.875,3.375],"tintindex":0,"rotation":0,"texture":"#0"},"south":{"uv":[9.625,4.75,10.0,5.125],"tintindex":0,"rotation":0,"texture":"#0"},"north":{"uv":[7.375,9.5,7.75,9.875],"tintindex":0,"rotation":0,"texture":"#0"},"west":{"uv":[7.25,2.5,8.0,2.875],"tintindex":0,"rotation":0,"texture":"#0"},"up":{"uv":[9.5,8.25,9.125,7.5],"tintindex":0,"rotation":0,"texture":"#0"},"down":{"uv":[9.5,10.125,9.125,10.875],"tintindex":0,"rotation":0,"texture":"#0"}}},{"from":[4.76784,6.025,1.792594],"to":[7.7678404,9.025,7.792593],"faces":{"east":{"uv":[12.375,11.625,13.125,12.0],"tintindex":0,"rotation":0,"texture":"#0"},"south":{"uv":[14.0,4.875,14.375,5.25],"tintindex":0,"rotation":0,"texture":"#0"},"north":{"uv":[10.375,0.75,10.75,1.125],"tintindex":0,"rotation":0,"texture":"#0"},"west":{"uv":[12.875,9.125,13.625,9.5],"tintindex":0,"rotation":0,"texture":"#0"},"up":{"uv":[5.75,13.625,5.375,12.875],"tintindex":0,"rotation":0,"texture":"#0"},"down":{"uv":[8.75,12.875,8.375,13.625],"tintindex":0,"rotation":0,"texture":"#0"}},"rotation":{"origin":[8.0,7.605,5.772661],"angle":22.5,"axis":"y"}}],"display":{"gui":{"rotation":[30,225,0]}}}