{"textures":{"0":"modelengine:entity/nocsy_mount_leopard"},"elements":[{"from":[2.8750002,-3.7806513,5.5356274],"to":[9.855,1.1993487,11.515627],"faces":{"east":{"uv":[5.125,3.5,5.875,4.125],"tintindex":0,"rotation":0,"texture":"#0"},"south":{"uv":[0.0,12.0,0.875,12.625],"tintindex":0,"rotation":0,"texture":"#0"},"north":{"uv":[11.875,9.0,12.75,9.625],"tintindex":0,"rotation":0,"texture":"#0"},"west":{"uv":[7.125,4.25,7.875,4.875],"tintindex":0,"rotation":0,"texture":"#0"},"up":{"uv":[5.75,12.0,4.875,11.25],"tintindex":0,"rotation":0,"texture":"#0"},"down":{"uv":[7.875,11.25,7.0,12.0],"tintindex":0,"rotation":0,"texture":"#0"}}},{"from":[2.8650002,1.2093487,5.5256276],"to":[9.865,10.209349,14.525627],"faces":{"east":{"uv":[7.125,3.0,8.25,4.125],"tintindex":0,"rotation":0,"texture":"#0"},"south":{"uv":[0.875,9.0,1.75,10.125],"tintindex":0,"rotation":0,"texture":"#0"},"north":{"uv":[8.875,6.25,9.75,7.375],"tintindex":0,"rotation":0,"texture":"#0"},"west":{"uv":[5.125,7.125,6.25,8.25],"tintindex":0,"rotation":0,"texture":"#0"},"up":{"uv":[4.25,10.25,3.375,9.125],"tintindex":0,"rotation":0,"texture":"#0"},"down":{"uv":[10.25,0.0,9.375,1.125],"tintindex":0,"rotation":0,"texture":"#0"}}}],"display":{"gui":{"rotation":[30,225,0]}}}