{"textures":{"0":"modelengine:entity/nocsy_mount_leopard"},"elements":[{"from":[4.2349997,-0.29500008,4.05],"to":[10.235001,10.705,12.05],"faces":{"east":{"uv":[5.625,5.625,6.625,7.0],"tintindex":0,"rotation":0,"texture":"#0"},"south":{"uv":[8.5,0.0,9.25,1.375],"tintindex":0,"rotation":0,"texture":"#0"},"north":{"uv":[4.75,8.375,5.5,9.75],"tintindex":0,"rotation":0,"texture":"#0"},"west":{"uv":[6.0,3.5,7.0,4.875],"tintindex":0,"rotation":0,"texture":"#0"},"up":{"uv":[3.25,10.75,2.5,9.75],"tintindex":0,"rotation":0,"texture":"#0"},"down":{"uv":[6.125,10.125,5.375,11.125],"tintindex":0,"rotation":0,"texture":"#0"}}}],"display":{"gui":{"rotation":[30,225,0]}}}