{"textures":{"0":"modelengine:entity/nocsy_mount_leopard"},"elements":[{"from":[4.935,5.2350006,6.419999],"to":[10.934999,9.235001,13.419999],"faces":{"east":{"uv":[12.25,9.75,13.125,10.25],"tintindex":0,"rotation":0,"texture":"#0"},"south":{"uv":[11.75,12.75,12.5,13.25],"tintindex":0,"rotation":0,"texture":"#0"},"north":{"uv":[10.875,12.75,11.625,13.25],"tintindex":0,"rotation":0,"texture":"#0"},"west":{"uv":[12.25,10.375,13.125,10.875],"tintindex":0,"rotation":0,"texture":"#0"},"up":{"uv":[8.75,12.125,8.0,11.25],"tintindex":0,"rotation":0,"texture":"#0"},"down":{"uv":[12.125,10.25,11.375,11.125],"tintindex":0,"rotation":0,"texture":"#0"}}},{"from":[5.435,1.3150678,12.1148405],"to":[10.434999,8.315068,16.114841],"faces":{"east":{"uv":[9.625,12.375,10.125,13.25],"tintindex":0,"rotation":0,"texture":"#0"},"south":{"uv":[1.75,12.0,2.375,12.875],"tintindex":0,"rotation":0,"texture":"#0"},"north":{"uv":[1.0,12.0,1.625,12.875],"tintindex":0,"rotation":0,"texture":"#0"},"west":{"uv":[10.25,12.375,10.75,13.25],"tintindex":0,"rotation":0,"texture":"#0"},"up":{"uv":[13.5,7.75,12.875,7.25],"tintindex":0,"rotation":0,"texture":"#0"},"down":{"uv":[8.25,12.875,7.625,13.375],"tintindex":0,"rotation":0,"texture":"#0"}},"rotation":{"origin":[8.0,6.845068,13.37884],"angle":-22.5,"axis":"x"}},{"from":[4.445,3.6550002,12.249999],"to":[11.445,9.655001,14.249999],"faces":{"east":{"uv":[0.875,8.125,1.125,8.875],"tintindex":0,"rotation":0,"texture":"#0"},"south":{"uv":[10.0,11.5,10.875,12.25],"tintindex":0,"rotation":0,"texture":"#0"},"north":{"uv":[11.375,11.25,12.25,12.0],"tintindex":0,"rotation":0,"texture":"#0"},"west":{"uv":[3.5,13.625,3.75,14.375],"tintindex":0,"rotation":0,"texture":"#0"},"up":{"uv":[14.75,12.375,13.875,12.125],"tintindex":0,"rotation":0,"texture":"#0"},"down":{"uv":[14.75,13.375,13.875,13.625],"tintindex":0,"rotation":0,"texture":"#0"}},"rotation":{"origin":[8.0,7.21,13.53],"angle":22.5,"axis":"x"}}],"display":{"gui":{"rotation":[30,225,0]}}}