{"textures":{"0":"modelengine:entity/nocsy_mount_leopard"},"elements":[{"from":[12.061039,2.161302,7.5860386],"to":[12.061039,5.1613016,10.586039],"faces":{"east":{"uv":[8.375,15.625,8.75,15.25],"tintindex":0,"rotation":270,"texture":"#0"},"south":{"uv":[8.375,15.25,8.75,15.625],"tintindex":0,"rotation":0,"texture":"#0"},"north":{"uv":[8.75,15.25,8.375,15.625],"tintindex":0,"rotation":180,"texture":"#0"},"west":{"uv":[8.75,15.625,8.375,15.25],"tintindex":0,"rotation":90,"texture":"#0"},"up":{"uv":[2.375,13.5,2.0,14.125],"tintindex":0,"rotation":0,"texture":"#0"},"down":{"uv":[8.75,3.5,8.375,4.125],"tintindex":0,"rotation":180,"texture":"#0"}},"rotation":{"origin":[12.061039,2.261302,9.086039],"angle":22.5,"axis":"z"}},{"from":[8.429764,0.7239995,7.5860386],"to":[8.429764,3.7239995,10.586039],"faces":{"east":{"uv":[8.375,15.625,8.75,15.25],"tintindex":0,"rotation":270,"texture":"#0"},"south":{"uv":[8.375,15.25,8.75,15.625],"tintindex":0,"rotation":0,"texture":"#0"},"north":{"uv":[8.75,15.25,8.375,15.625],"tintindex":0,"rotation":180,"texture":"#0"},"west":{"uv":[8.75,15.625,8.375,15.25],"tintindex":0,"rotation":90,"texture":"#0"},"up":{"uv":[2.375,13.5,2.0,14.125],"tintindex":0,"rotation":0,"texture":"#0"},"down":{"uv":[8.75,3.5,8.375,4.125],"tintindex":0,"rotation":180,"texture":"#0"}}},{"from":[6.7628994,2.360244,7.5781384],"to":[9.7829,8.380244,10.598139],"faces":{"east":{"uv":[11.75,13.375,11.375,14.125],"tintindex":0,"rotation":0,"texture":"#0"},"south":{"uv":[11.25,13.375,10.875,14.125],"tintindex":0,"rotation":0,"texture":"#0"},"north":{"uv":[10.25,13.375,9.875,14.125],"tintindex":0,"rotation":0,"texture":"#0"},"west":{"uv":[10.75,13.375,10.375,14.125],"tintindex":0,"rotation":0,"texture":"#0"},"up":{"uv":[14.125,6.75,14.5,6.375],"tintindex":0,"rotation":0,"texture":"#0"},"down":{"uv":[14.125,6.875,14.5,7.25],"tintindex":0,"rotation":0,"texture":"#0"}}},{"from":[4.8297634,0.7239995,7.5860386],"to":[4.8297634,3.7239995,10.586039],"faces":{"east":{"uv":[8.375,15.625,8.75,15.25],"tintindex":0,"rotation":270,"texture":"#0"},"south":{"uv":[8.375,15.25,8.75,15.625],"tintindex":0,"rotation":0,"texture":"#0"},"north":{"uv":[8.75,15.25,8.375,15.625],"tintindex":0,"rotation":180,"texture":"#0"},"west":{"uv":[8.75,15.625,8.375,15.25],"tintindex":0,"rotation":90,"texture":"#0"},"up":{"uv":[2.375,13.5,2.0,14.125],"tintindex":0,"rotation":0,"texture":"#0"},"down":{"uv":[8.75,3.5,8.375,4.125],"tintindex":0,"rotation":180,"texture":"#0"}},"rotation":{"origin":[8.429764,2.2239995,9.086039],"angle":-22.5,"axis":"z"}},{"from":[9.54,2.2891436,7.5860386],"to":[12.54,7.289144,10.586039],"faces":{"east":{"uv":[13.875,3.625,13.5,4.25],"tintindex":0,"rotation":0,"texture":"#0"},"south":{"uv":[2.375,13.5,2.0,14.125],"tintindex":0,"rotation":0,"texture":"#0"},"north":{"uv":[8.75,3.5,8.375,4.125],"tintindex":0,"rotation":0,"texture":"#0"},"west":{"uv":[13.875,1.5,13.5,2.125],"tintindex":0,"rotation":0,"texture":"#0"},"up":{"uv":[14.125,7.75,14.5,7.375],"tintindex":0,"rotation":0,"texture":"#0"},"down":{"uv":[14.125,7.875,14.5,8.25],"tintindex":0,"rotation":0,"texture":"#0"}},"rotation":{"origin":[7.7999997,4.343144,8.771038],"angle":22.5,"axis":"z"}},{"from":[3.0619998,7.171144,7.5860386],"to":[6.062,12.171144,10.586039],"faces":{"east":{"uv":[5.25,13.5,4.875,14.125],"tintindex":0,"rotation":0,"texture":"#0"},"south":{"uv":[13.875,4.375,13.5,5.0],"tintindex":0,"rotation":0,"texture":"#0"},"north":{"uv":[4.25,13.5,3.875,14.125],"tintindex":0,"rotation":0,"texture":"#0"},"west":{"uv":[4.75,13.5,4.375,14.125],"tintindex":0,"rotation":0,"texture":"#0"},"up":{"uv":[14.125,8.75,14.5,8.375],"tintindex":0,"rotation":0,"texture":"#0"},"down":{"uv":[14.125,10.375,14.5,10.75],"tintindex":0,"rotation":0,"texture":"#0"}},"rotation":{"origin":[-4.05,4.343144,8.771038],"angle":-22.5,"axis":"z"}}],"display":{"gui":{"rotation":[30,225,0]}}}