{"textures":{"0":"modelengine:entity/nocsy_mount_leopard"},"elements":[{"from":[8.23216,6.025,1.792594],"to":[11.232161,9.025,7.792593],"faces":{"east":{"uv":[13.625,9.125,12.875,9.5],"tintindex":0,"rotation":0,"texture":"#0"},"south":{"uv":[14.375,4.875,14.0,5.25],"tintindex":0,"rotation":0,"texture":"#0"},"north":{"uv":[10.75,0.75,10.375,1.125],"tintindex":0,"rotation":0,"texture":"#0"},"west":{"uv":[13.125,11.625,12.375,12.0],"tintindex":0,"rotation":0,"texture":"#0"},"up":{"uv":[5.375,13.625,5.75,12.875],"tintindex":0,"rotation":0,"texture":"#0"},"down":{"uv":[8.375,12.875,8.75,13.625],"tintindex":0,"rotation":0,"texture":"#0"}},"rotation":{"origin":[8.0,7.605,5.772661],"angle":-22.5,"axis":"y"}},{"from":[6.1231318,6.035,7.88573],"to":[10.10313,9.014999,8.865729],"faces":{"east":{"uv":[1.875,3.25,1.75,3.625],"tintindex":0,"rotation":0,"texture":"#0"},"south":{"uv":[14.5,3.375,14.0,3.75],"tintindex":0,"rotation":0,"texture":"#0"},"north":{"uv":[1.75,14.0,1.25,14.375],"tintindex":0,"rotation":0,"texture":"#0"},"west":{"uv":[1.875,2.75,1.75,3.125],"tintindex":0,"rotation":0,"texture":"#0"},"up":{"uv":[9.75,3.375,10.25,3.25],"tintindex":0,"rotation":0,"texture":"#0"},"down":{"uv":[9.875,7.25,10.375,7.375],"tintindex":0,"rotation":0,"texture":"#0"}}},{"from":[8.0679,6.0171,0.214761],"to":[8.0879,9.0371,3.234761],"faces":{"east":{"uv":[8.75,15.25,8.375,15.625],"tintindex":0,"rotation":0,"texture":"#0"},"south":{"uv":[10.0,4.75,9.625,5.125],"tintindex":0,"rotation":0,"texture":"#0"},"west":{"uv":[8.375,15.25,8.75,15.625],"tintindex":0,"rotation":0,"texture":"#0"},"up":{"uv":[9.125,8.25,9.5,7.5],"tintindex":0,"rotation":0,"texture":"#0"},"down":{"uv":[9.125,10.125,9.5,10.875],"tintindex":0,"rotation":0,"texture":"#0"}}},{"from":[5.1678996,6.0171,1.214761],"to":[5.1879,9.0371,4.234761],"faces":{"east":{"uv":[8.75,15.25,8.375,15.625],"tintindex":0,"rotation":0,"texture":"#0"},"south":{"uv":[10.0,4.75,9.625,5.125],"tintindex":0,"rotation":0,"texture":"#0"},"west":{"uv":[8.375,15.25,8.75,15.625],"tintindex":0,"rotation":0,"texture":"#0"},"up":{"uv":[9.125,8.25,9.5,7.5],"tintindex":0,"rotation":0,"texture":"#0"},"down":{"uv":[9.125,10.125,9.5,10.875],"tintindex":0,"rotation":0,"texture":"#0"}},"rotation":{"origin":[5.1779,7.5271,2.724761],"angle":22.5,"axis":"y"}},{"from":[6.5678997,6.0171,1.8147614],"to":[9.5879,9.0371,7.834761],"faces":{"east":{"uv":[8.0,2.5,7.25,2.875],"tintindex":0,"rotation":0,"texture":"#0"},"south":{"uv":[10.0,4.75,9.625,5.125],"tintindex":0,"rotation":0,"texture":"#0"},"north":{"uv":[7.75,9.5,7.375,9.875],"tintindex":0,"rotation":0,"texture":"#0"},"west":{"uv":[6.875,3.0,6.125,3.375],"tintindex":0,"rotation":0,"texture":"#0"},"up":{"uv":[9.125,8.25,9.5,7.5],"tintindex":0,"rotation":0,"texture":"#0"},"down":{"uv":[9.125,10.125,9.5,10.875],"tintindex":0,"rotation":0,"texture":"#0"}}},{"from":[11.0679,6.0171,1.214761],"to":[11.0879,9.0371,4.234761],"faces":{"east":{"uv":[8.75,15.25,8.375,15.625],"tintindex":0,"rotation":0,"texture":"#0"},"south":{"uv":[10.0,4.75,9.625,5.125],"tintindex":0,"rotation":0,"texture":"#0"},"west":{"uv":[8.375,15.25,8.75,15.625],"tintindex":0,"rotation":0,"texture":"#0"},"up":{"uv":[9.125,8.25,9.5,7.5],"tintindex":0,"rotation":0,"texture":"#0"},"down":{"uv":[9.125,10.125,9.5,10.875],"tintindex":0,"rotation":0,"texture":"#0"}},"rotation":{"origin":[11.0779,7.5271,2.724761],"angle":-22.5,"axis":"y"}},{"from":[3.8913922,6.025,7.234352],"to":[6.891392,9.025,13.234352],"faces":{"east":{"uv":[2.375,13.0,1.625,13.375],"tintindex":0,"rotation":0,"texture":"#0"},"south":{"uv":[14.375,5.875,14.0,6.25],"tintindex":0,"rotation":0,"texture":"#0"},"north":{"uv":[14.375,5.375,14.0,5.75],"tintindex":0,"rotation":0,"texture":"#0"},"west":{"uv":[1.5,13.0,0.75,13.375],"tintindex":0,"rotation":0,"texture":"#0"},"up":{"uv":[13.0,5.125,13.375,4.375],"tintindex":0,"rotation":0,"texture":"#0"},"down":{"uv":[8.875,13.0,9.25,13.75],"tintindex":0,"rotation":0,"texture":"#0"}},"rotation":{"origin":[-6.174015,7.605,5.772661],"angle":22.5,"axis":"y"}}],"display":{"gui":{"rotation":[30,225,0]}}}