{"textures":{"0":"modelengine:entity/nocsy_mount_leopard"},"elements":[{"from":[5.565,1.3150678,12.1148405],"to":[10.565001,8.315068,16.114841],"faces":{"east":{"uv":[10.75,12.375,10.25,13.25],"tintindex":0,"rotation":0,"texture":"#0"},"south":{"uv":[2.375,12.0,1.75,12.875],"tintindex":0,"rotation":0,"texture":"#0"},"north":{"uv":[1.625,12.0,1.0,12.875],"tintindex":0,"rotation":0,"texture":"#0"},"west":{"uv":[10.125,12.375,9.625,13.25],"tintindex":0,"rotation":0,"texture":"#0"},"up":{"uv":[12.875,7.75,13.5,7.25],"tintindex":0,"rotation":0,"texture":"#0"},"down":{"uv":[7.625,12.875,8.25,13.375],"tintindex":0,"rotation":0,"texture":"#0"}},"rotation":{"origin":[8.0,6.845068,13.37884],"angle":-22.5,"axis":"x"}},{"from":[5.065,5.2350006,6.419999],"to":[11.065001,9.235001,13.419999],"faces":{"east":{"uv":[13.125,10.375,12.25,10.875],"tintindex":0,"rotation":0,"texture":"#0"},"south":{"uv":[12.5,12.75,11.75,13.25],"tintindex":0,"rotation":0,"texture":"#0"},"north":{"uv":[11.625,12.75,10.875,13.25],"tintindex":0,"rotation":0,"texture":"#0"},"west":{"uv":[13.125,9.75,12.25,10.25],"tintindex":0,"rotation":0,"texture":"#0"},"up":{"uv":[8.0,12.125,8.75,11.25],"tintindex":0,"rotation":0,"texture":"#0"},"down":{"uv":[11.375,10.25,12.125,11.125],"tintindex":0,"rotation":0,"texture":"#0"}}},{"from":[4.555,3.6550002,12.249999],"to":[11.555,9.655001,14.249999],"faces":{"east":{"uv":[3.75,13.625,3.5,14.375],"tintindex":0,"rotation":0,"texture":"#0"},"south":{"uv":[10.875,11.5,10.0,12.25],"tintindex":0,"rotation":0,"texture":"#0"},"north":{"uv":[12.25,11.25,11.375,12.0],"tintindex":0,"rotation":0,"texture":"#0"},"west":{"uv":[1.125,8.125,0.875,8.875],"tintindex":0,"rotation":0,"texture":"#0"},"up":{"uv":[13.875,12.375,14.75,12.125],"tintindex":0,"rotation":0,"texture":"#0"},"down":{"uv":[13.875,13.375,14.75,13.625],"tintindex":0,"rotation":0,"texture":"#0"}},"rotation":{"origin":[8.0,7.21,13.53],"angle":22.5,"axis":"x"}}],"display":{"gui":{"rotation":[30,225,0]}}}