{"textures":{"0":"modelengine:entity/nocsy_mount_leopard"},"elements":[{"from":[4.46,3.0796309,5.2465096],"to":[11.459999,5.079631,12.24651],"faces":{"east":{"uv":[14.625,8.875,13.75,9.125],"tintindex":0,"rotation":0,"texture":"#0"},"south":{"uv":[14.625,2.625,13.75,2.875],"tintindex":0,"rotation":0,"texture":"#0"},"north":{"uv":[14.5,3.0,13.625,3.25],"tintindex":0,"rotation":0,"texture":"#0"},"west":{"uv":[14.625,2.25,13.75,2.5],"tintindex":0,"rotation":0,"texture":"#0"},"up":{"uv":[4.375,10.75,5.25,9.875],"tintindex":0,"rotation":0,"texture":"#0"},"down":{"uv":[9.875,6.25,10.75,7.125],"tintindex":0,"rotation":0,"texture":"#0"}},"rotation":{"origin":[8.0,2.800784,8.354063],"angle":-22.5,"axis":"x"}},{"from":[5.37,-0.30978394,5.591937],"to":[10.369999,8.690216,10.591937],"faces":{"east":{"uv":[11.5,0.75,10.875,1.875],"tintindex":0,"rotation":0,"texture":"#0"},"south":{"uv":[6.875,10.75,6.25,11.875],"tintindex":0,"rotation":0,"texture":"#0"},"north":{"uv":[4.0,10.375,3.375,11.5],"tintindex":0,"rotation":0,"texture":"#0"},"west":{"uv":[11.25,10.25,10.625,11.375],"tintindex":0,"rotation":0,"texture":"#0"},"up":{"uv":[12.625,1.625,13.25,1.0],"tintindex":0,"rotation":0,"texture":"#0"},"down":{"uv":[12.625,5.25,13.25,5.875],"tintindex":0,"rotation":0,"texture":"#0"}}}],"display":{"gui":{"rotation":[30,225,0]}}}