{"textures":{"0":"modelengine:entity/nocsy_mount_leopard"},"elements":[{"from":[6.1349998,1.2093487,5.5256276],"to":[13.135,10.209349,14.525627],"faces":{"east":{"uv":[6.25,7.125,5.125,8.25],"tintindex":0,"rotation":0,"texture":"#0"},"south":{"uv":[1.75,9.0,0.875,10.125],"tintindex":0,"rotation":0,"texture":"#0"},"north":{"uv":[9.75,6.25,8.875,7.375],"tintindex":0,"rotation":0,"texture":"#0"},"west":{"uv":[8.25,3.0,7.125,4.125],"tintindex":0,"rotation":0,"texture":"#0"},"up":{"uv":[3.375,10.25,4.25,9.125],"tintindex":0,"rotation":0,"texture":"#0"},"down":{"uv":[9.375,0.0,10.25,1.125],"tintindex":0,"rotation":0,"texture":"#0"}}},{"from":[6.1450005,-3.7806513,5.5356274],"to":[13.125,1.1993487,11.515627],"faces":{"east":{"uv":[7.875,4.25,7.125,4.875],"tintindex":0,"rotation":0,"texture":"#0"},"south":{"uv":[0.875,12.0,0.0,12.625],"tintindex":0,"rotation":0,"texture":"#0"},"north":{"uv":[12.75,9.0,11.875,9.625],"tintindex":0,"rotation":0,"texture":"#0"},"west":{"uv":[5.875,3.5,5.125,4.125],"tintindex":0,"rotation":0,"texture":"#0"},"up":{"uv":[4.875,12.0,5.75,11.25],"tintindex":0,"rotation":0,"texture":"#0"},"down":{"uv":[7.0,11.25,7.875,12.0],"tintindex":0,"rotation":0,"texture":"#0"}}}],"display":{"gui":{"rotation":[30,225,0]}}}