{"textures":{"0":"modelengine:entity/nocsy_mount_leopard"},"elements":[{"from":[5.765,-0.29500008,4.05],"to":[11.765,10.705,12.05],"faces":{"east":{"uv":[7.0,3.5,6.0,4.875],"tintindex":0,"rotation":0,"texture":"#0"},"south":{"uv":[9.25,0.0,8.5,1.375],"tintindex":0,"rotation":0,"texture":"#0"},"north":{"uv":[5.5,8.375,4.75,9.75],"tintindex":0,"rotation":0,"texture":"#0"},"west":{"uv":[6.625,5.625,5.625,7.0],"tintindex":0,"rotation":0,"texture":"#0"},"up":{"uv":[2.5,10.75,3.25,9.75],"tintindex":0,"rotation":0,"texture":"#0"},"down":{"uv":[5.375,10.125,6.125,11.125],"tintindex":0,"rotation":0,"texture":"#0"}}}],"display":{"gui":{"rotation":[30,225,0]}}}