{"textures":{"0":"modelengine:entity/nocsy_mount_leopard"},"elements":[{"from":[4.5,-8.249931,5.544279],"to":[11.5,4.7500687,10.544279],"faces":{"east":{"uv":[5.625,8.375,6.25,10.0],"tintindex":0,"rotation":0,"texture":"#0"},"south":{"uv":[5.125,1.75,6.0,3.375],"tintindex":0,"rotation":0,"texture":"#0"},"north":{"uv":[5.125,0.0,6.0,1.625],"tintindex":0,"rotation":0,"texture":"#0"},"west":{"uv":[8.875,3.5,9.5,5.125],"tintindex":0,"rotation":0,"texture":"#0"},"up":{"uv":[12.75,8.125,11.875,7.5],"tintindex":0,"rotation":0,"texture":"#0"},"down":{"uv":[12.75,8.25,11.875,8.875],"tintindex":0,"rotation":0,"texture":"#0"}},"rotation":{"origin":[8.055,4.7850695,-0.3807211],"angle":-22.5,"axis":"x"}}],"display":{"gui":{"rotation":[30,225,0]}}}