{"textures":{"0":"modelengine:entity/nocsy_mount_leopard"},"elements":[{"from":[5.0,-6.2211723,1.5553141],"to":[11.0,5.778827,7.555315],"faces":{"east":{"uv":[8.0,5.875,8.75,7.375],"tintindex":0,"rotation":0,"texture":"#0"},"south":{"uv":[0.0,8.125,0.75,9.625],"tintindex":0,"rotation":0,"texture":"#0"},"north":{"uv":[8.0,4.25,8.75,5.75],"tintindex":0,"rotation":0,"texture":"#0"},"west":{"uv":[2.5,8.125,3.25,9.625],"tintindex":0,"rotation":0,"texture":"#0"},"up":{"uv":[12.625,4.375,11.875,3.625],"tintindex":0,"rotation":0,"texture":"#0"},"down":{"uv":[12.625,6.625,11.875,7.375],"tintindex":0,"rotation":0,"texture":"#0"}},"rotation":{"origin":[8.555,17.083828,-3.5796862],"angle":-22.5,"axis":"x"}}],"display":{"gui":{"rotation":[30,225,0]}}}