{"textures":{"0":"modelengine:entity/nocsy_mount_leopard"},"elements":[{"from":[5.105,-9.3995495,5.397195],"to":[10.105,5.6004505,9.397194],"faces":{"east":{"uv":[1.875,9.0,2.375,10.875],"tintindex":0,"rotation":0,"texture":"#0"},"south":{"uv":[7.125,7.5,7.75,9.375],"tintindex":0,"rotation":0,"texture":"#0"},"north":{"uv":[6.375,7.5,7.0,9.375],"tintindex":0,"rotation":0,"texture":"#0"},"west":{"uv":[0.0,9.75,0.5,11.625],"tintindex":0,"rotation":0,"texture":"#0"},"up":{"uv":[6.625,5.5,6.0,5.0],"tintindex":0,"rotation":0,"texture":"#0"},"down":{"uv":[13.5,3.0,12.875,3.5],"tintindex":0,"rotation":0,"texture":"#0"}},"rotation":{"origin":[7.87,5.4254503,-0.5278053],"angle":-22.5,"axis":"x"}}],"display":{"gui":{"rotation":[30,225,0]}}}