{"overrides":[{"predicate":{"custom_model_data":1},"model":"modelengine:kobold_assassin/body"},{"predicate":{"custom_model_data":2},"model":"modelengine:kobold_assassin/head"},{"predicate":{"custom_model_data":3},"model":"modelengine:kobold_assassin/tail1"},{"predicate":{"custom_model_data":4},"model":"modelengine:kobold_assassin/scarf1"},{"predicate":{"custom_model_data":5},"model":"modelengine:kobold_assassin/left_leg"},{"predicate":{"custom_model_data":6},"model":"modelengine:kobold_assassin/right_arm"},{"predicate":{"custom_model_data":7},"model":"modelengine:kobold_assassin/right_leg"},{"predicate":{"custom_model_data":8},"model":"modelengine:kobold_assassin/left_arm"},{"predicate":{"custom_model_data":9},"model":"modelengine:kobold_assassin/xbow"},{"predicate":{"custom_model_data":10},"model":"modelengine:kobold_assassin/hood"},{"predicate":{"custom_model_data":11},"model":"modelengine:kobold_assassin/jaw"},{"predicate":{"custom_model_data":12},"model":"modelengine:kobold_assassin/right_horn"},{"predicate":{"custom_model_data":13},"model":"modelengine:kobold_assassin/left_horn"},{"predicate":{"custom_model_data":14},"model":"modelengine:kobold_assassin/right_brow"},{"predicate":{"custom_model_data":15},"model":"modelengine:kobold_assassin/left_brow"},{"predicate":{"custom_model_data":16},"model":"modelengine:kobold_assassin/right_ear"},{"predicate":{"custom_model_data":17},"model":"modelengine:kobold_assassin/left_ear"},{"predicate":{"custom_model_data":18},"model":"modelengine:kobold_assassin/tail2"},{"predicate":{"custom_model_data":19},"model":"modelengine:kobold_assassin/scarf2"},{"predicate":{"custom_model_data":20},"model":"modelengine:kobold_assassin/left_shin"},{"predicate":{"custom_model_data":21},"model":"modelengine:kobold_assassin/right_forearm"},{"predicate":{"custom_model_data":22},"model":"modelengine:kobold_assassin/right_shin"},{"predicate":{"custom_model_data":23},"model":"modelengine:kobold_assassin/left_forearm"},{"predicate":{"custom_model_data":24},"model":"modelengine:kobold_assassin/tail3"},{"predicate":{"custom_model_data":25},"model":"modelengine:kobold_assassin/scarf3"},{"predicate":{"custom_model_data":26},"model":"modelengine:kobold_assassin/left_foot"},{"predicate":{"custom_model_data":27},"model":"modelengine:kobold_assassin/right_hand"},{"predicate":{"custom_model_data":28},"model":"modelengine:kobold_assassin/right_foot"},{"predicate":{"custom_model_data":29},"model":"modelengine:kobold_assassin/left_hand"},{"predicate":{"custom_model_data":30},"model":"modelengine:kobold_assassin/tail4"},{"predicate":{"custom_model_data":31},"model":"modelengine:kobold_assassin/scarf4"},{"predicate":{"custom_model_data":32},"model":"modelengine:kobold_assassin/scarf5"},{"predicate":{"custom_model_data":33},"model":"modelengine:kobold_assassin_parts/empty_left"},{"predicate":{"custom_model_data":34},"model":"modelengine:kobold_assassin_parts/right_swipe"},{"predicate":{"custom_model_data":35},"model":"modelengine:kobold_assassin_parts/crossbow"},{"predicate":{"custom_model_data":36},"model":"modelengine:kobold_assassin_parts/empty_right"},{"predicate":{"custom_model_data":37},"model":"modelengine:kobold_assassin_parts/hood2"},{"predicate":{"custom_model_data":38},"model":"modelengine:kobold_assassin_parts/left_swipe"},{"predicate":{"custom_model_data":39},"model":"modelengine:kobold_assassin_parts/empty"},{"predicate":{"custom_model_data":40},"model":"modelengine:kobold_trap/base"},{"predicate":{"custom_model_data":41},"model":"modelengine:kobold_trap/jaw1"},{"predicate":{"custom_model_data":42},"model":"modelengine:kobold_trap/jaw2"},{"predicate":{"custom_model_data":43},"model":"modelengine:nocsy_fpv2_boss/chest"},{"predicate":{"custom_model_data":44},"model":"modelengine:nocsy_fpv2_boss/hips"},{"predicate":{"custom_model_data":45},"model":"modelengine:nocsy_fpv2_boss/head"},{"predicate":{"custom_model_data":46},"model":"modelengine:nocsy_fpv2_boss/left_shoulder"},{"predicate":{"custom_model_data":47},"model":"modelengine:nocsy_fpv2_boss/right_shoulder"},{"predicate":{"custom_model_data":48},"model":"modelengine:nocsy_fpv2_boss/left_leg"},{"predicate":{"custom_model_data":49},"model":"modelengine:nocsy_fpv2_boss/right_leg"},{"predicate":{"custom_model_data":50},"model":"modelengine:nocsy_fpv2_boss/hoodie"},{"predicate":{"custom_model_data":51},"model":"modelengine:nocsy_fpv2_boss/jaw"},{"predicate":{"custom_model_data":52},"model":"modelengine:nocsy_fpv2_boss/left_forearm"},{"predicate":{"custom_model_data":53},"model":"modelengine:nocsy_fpv2_boss/right_forearm"},{"predicate":{"custom_model_data":54},"model":"modelengine:nocsy_fpv2_boss/left_tibia"},{"predicate":{"custom_model_data":55},"model":"modelengine:nocsy_fpv2_boss/right_tibia"},{"predicate":{"custom_model_data":56},"model":"modelengine:nocsy_fpv2_boss/shovel_hand"},{"predicate":{"custom_model_data":57},"model":"modelengine:nocsy_fpv2_boss/left_foot"},{"predicate":{"custom_model_data":58},"model":"modelengine:nocsy_fpv2_boss/right_foot"},{"predicate":{"custom_model_data":59},"model":"modelengine:nocsy_fpv2_boss/proj_hips"},{"predicate":{"custom_model_data":60},"model":"modelengine:nocsy_fpv2_boss/proj_chest"},{"predicate":{"custom_model_data":61},"model":"modelengine:nocsy_fpv2_boss/proj__left_leg"},{"predicate":{"custom_model_data":62},"model":"modelengine:nocsy_fpv2_boss/proj_right_leg"},{"predicate":{"custom_model_data":63},"model":"modelengine:nocsy_fpv2_boss/proj_left_arm"},{"predicate":{"custom_model_data":64},"model":"modelengine:nocsy_fpv2_boss/proj_h_head"},{"predicate":{"custom_model_data":65},"model":"modelengine:nocsy_fpv2_boss/proj_right_arm"},{"predicate":{"custom_model_data":66},"model":"modelengine:nocsy_fpv2_boss/proj_left_foot"},{"predicate":{"custom_model_data":67},"model":"modelengine:nocsy_fpv2_boss/proj_right_foot"},{"predicate":{"custom_model_data":68},"model":"modelengine:nocsy_fpv2_boss/proj_left_forearm"},{"predicate":{"custom_model_data":69},"model":"modelengine:nocsy_fpv2_boss/proj_h_machoire"},{"predicate":{"custom_model_data":70},"model":"modelengine:nocsy_fpv2_boss/proj_right_forearm"},{"predicate":{"custom_model_data":71},"model":"modelengine:nocsy_fpv2_dog/chest"},{"predicate":{"custom_model_data":72},"model":"modelengine:nocsy_fpv2_dog/head"},{"predicate":{"custom_model_data":73},"model":"modelengine:nocsy_fpv2_dog/tail"},{"predicate":{"custom_model_data":74},"model":"modelengine:nocsy_fpv2_dog/leg_right"},{"predicate":{"custom_model_data":75},"model":"modelengine:nocsy_fpv2_dog/leg_left"},{"predicate":{"custom_model_data":76},"model":"modelengine:nocsy_fpv2_dog/jaw"},{"predicate":{"custom_model_data":77},"model":"modelengine:nocsy_fpv2_dog/end_tail"},{"predicate":{"custom_model_data":78},"model":"modelengine:nocsy_fpv2_dog/right_tibia"},{"predicate":{"custom_model_data":79},"model":"modelengine:nocsy_fpv2_dog/left_tibia"},{"predicate":{"custom_model_data":80},"model":"modelengine:nocsy_fpv2_dog/right_foot"},{"predicate":{"custom_model_data":81},"model":"modelengine:nocsy_fpv2_dog/left_foot"},{"predicate":{"custom_model_data":82},"model":"modelengine:nocsy_fpv2_ghost/body"},{"predicate":{"custom_model_data":83},"model":"modelengine:nocsy_fpv2_ghost/head"},{"predicate":{"custom_model_data":84},"model":"modelengine:nocsy_fpv2_ghost/right_arm"},{"predicate":{"custom_model_data":85},"model":"modelengine:nocsy_fpv2_ghost/left_arm"},{"predicate":{"custom_model_data":86},"model":"modelengine:nocsy_fpv2_ghost/tail"},{"predicate":{"custom_model_data":87},"model":"modelengine:nocsy_fpv2_ghost/jaw"},{"predicate":{"custom_model_data":88},"model":"modelengine:nocsy_fpv2_ghost/right_hand"},{"predicate":{"custom_model_data":89},"model":"modelengine:nocsy_fpv2_ghost/left_hand"},{"predicate":{"custom_model_data":90},"model":"modelengine:nocsy_fpv2_ghost/tail_mid"},{"predicate":{"custom_model_data":91},"model":"modelengine:nocsy_fpv2_ghost/tail_end"},{"predicate":{"custom_model_data":92},"model":"modelengine:nocsy_fpv2_ghoul/chest"},{"predicate":{"custom_model_data":93},"model":"modelengine:nocsy_fpv2_ghoul/hips"},{"predicate":{"custom_model_data":94},"model":"modelengine:nocsy_fpv2_ghoul/head"},{"predicate":{"custom_model_data":95},"model":"modelengine:nocsy_fpv2_ghoul/right_arm"},{"predicate":{"custom_model_data":96},"model":"modelengine:nocsy_fpv2_ghoul/left_arm"},{"predicate":{"custom_model_data":97},"model":"modelengine:nocsy_fpv2_ghoul/left_leg"},{"predicate":{"custom_model_data":98},"model":"modelengine:nocsy_fpv2_ghoul/right_leg"},{"predicate":{"custom_model_data":99},"model":"modelengine:nocsy_fpv2_ghoul/machoire"},{"predicate":{"custom_model_data":100},"model":"modelengine:nocsy_fpv2_ghoul/right_forearm"},{"predicate":{"custom_model_data":101},"model":"modelengine:nocsy_fpv2_ghoul/left_forearm"},{"predicate":{"custom_model_data":102},"model":"modelengine:nocsy_fpv2_ghoul/left_foot"},{"predicate":{"custom_model_data":103},"model":"modelengine:nocsy_fpv2_ghoul/right_foot"},{"predicate":{"custom_model_data":104},"model":"modelengine:nocsy_fpv2_ghoul_crash/chest"},{"predicate":{"custom_model_data":105},"model":"modelengine:nocsy_fpv2_ghoul_crash/hips"},{"predicate":{"custom_model_data":106},"model":"modelengine:nocsy_fpv2_ghoul_crash/head"},{"predicate":{"custom_model_data":107},"model":"modelengine:nocsy_fpv2_ghoul_crash/right_arm"},{"predicate":{"custom_model_data":108},"model":"modelengine:nocsy_fpv2_ghoul_crash/left_arm"},{"predicate":{"custom_model_data":109},"model":"modelengine:nocsy_fpv2_ghoul_crash/left_leg"},{"predicate":{"custom_model_data":110},"model":"modelengine:nocsy_fpv2_ghoul_crash/right_leg"},{"predicate":{"custom_model_data":111},"model":"modelengine:nocsy_fpv2_ghoul_crash/machoire"},{"predicate":{"custom_model_data":112},"model":"modelengine:nocsy_fpv2_ghoul_crash/right_forearm"},{"predicate":{"custom_model_data":113},"model":"modelengine:nocsy_fpv2_ghoul_crash/left_forearm"},{"predicate":{"custom_model_data":114},"model":"modelengine:nocsy_fpv2_ghoul_crash/left_foot"},{"predicate":{"custom_model_data":115},"model":"modelengine:nocsy_fpv2_ghoul_crash/right_foot"},{"predicate":{"custom_model_data":116},"model":"modelengine:nocsy_fpv2_ghoul_grave/chest"},{"predicate":{"custom_model_data":117},"model":"modelengine:nocsy_fpv2_ghoul_grave/hips"},{"predicate":{"custom_model_data":118},"model":"modelengine:nocsy_fpv2_ghoul_grave/head"},{"predicate":{"custom_model_data":119},"model":"modelengine:nocsy_fpv2_ghoul_grave/right_arm"},{"predicate":{"custom_model_data":120},"model":"modelengine:nocsy_fpv2_ghoul_grave/left_arm"},{"predicate":{"custom_model_data":121},"model":"modelengine:nocsy_fpv2_ghoul_grave/left_leg"},{"predicate":{"custom_model_data":122},"model":"modelengine:nocsy_fpv2_ghoul_grave/right_leg"},{"predicate":{"custom_model_data":123},"model":"modelengine:nocsy_fpv2_ghoul_grave/machoire"},{"predicate":{"custom_model_data":124},"model":"modelengine:nocsy_fpv2_ghoul_grave/right_forearm"},{"predicate":{"custom_model_data":125},"model":"modelengine:nocsy_fpv2_ghoul_grave/left_forearm"},{"predicate":{"custom_model_data":126},"model":"modelengine:nocsy_fpv2_ghoul_grave/left_foot"},{"predicate":{"custom_model_data":127},"model":"modelengine:nocsy_fpv2_ghoul_grave/right_foot"},{"predicate":{"custom_model_data":128},"model":"modelengine:nocsy_fpv2_ghoul_projectile/proj_hips"},{"predicate":{"custom_model_data":129},"model":"modelengine:nocsy_fpv2_ghoul_projectile/proj_chest"},{"predicate":{"custom_model_data":130},"model":"modelengine:nocsy_fpv2_ghoul_projectile/proj_left_leg"},{"predicate":{"custom_model_data":131},"model":"modelengine:nocsy_fpv2_ghoul_projectile/proj_right_leg"},{"predicate":{"custom_model_data":132},"model":"modelengine:nocsy_fpv2_ghoul_projectile/proj_left_arm"},{"predicate":{"custom_model_data":133},"model":"modelengine:nocsy_fpv2_ghoul_projectile/proj_h_head"},{"predicate":{"custom_model_data":134},"model":"modelengine:nocsy_fpv2_ghoul_projectile/proj_right_arm"},{"predicate":{"custom_model_data":135},"model":"modelengine:nocsy_fpv2_ghoul_projectile/proj_left_foot"},{"predicate":{"custom_model_data":136},"model":"modelengine:nocsy_fpv2_ghoul_projectile/proj_right_foot"},{"predicate":{"custom_model_data":137},"model":"modelengine:nocsy_fpv2_ghoul_projectile/proj_left_forearm"},{"predicate":{"custom_model_data":138},"model":"modelengine:nocsy_fpv2_ghoul_projectile/proj_h_machoire"},{"predicate":{"custom_model_data":139},"model":"modelengine:nocsy_fpv2_ghoul_projectile/proj_right_forearm"},{"predicate":{"custom_model_data":140},"model":"modelengine:nocsy_fpv2_slender/spine"},{"predicate":{"custom_model_data":141},"model":"modelengine:nocsy_fpv2_slender/leg"},{"predicate":{"custom_model_data":142},"model":"modelengine:nocsy_fpv2_slender/chest"},{"predicate":{"custom_model_data":143},"model":"modelengine:nocsy_fpv2_slender/head"},{"predicate":{"custom_model_data":144},"model":"modelengine:nocsy_fpv2_slender/right_arm"},{"predicate":{"custom_model_data":145},"model":"modelengine:nocsy_fpv2_slender/left_arm"},{"predicate":{"custom_model_data":146},"model":"modelengine:nocsy_fpv2_slender/jaw"},{"predicate":{"custom_model_data":147},"model":"modelengine:nocsy_fpv2_slender/right_forearm"},{"predicate":{"custom_model_data":148},"model":"modelengine:nocsy_fpv2_slender/left_forearm"},{"predicate":{"custom_model_data":149},"model":"modelengine:nocsy_fpv2_tombstone/tombstone"},{"predicate":{"custom_model_data":150},"model":"modelengine:nocsy_fpv2_tombstone2/tombstone"},{"predicate":{"custom_model_data":151},"model":"modelengine:nocsy_otter_v2/body"},{"predicate":{"custom_model_data":152},"model":"modelengine:nocsy_otter_v2/head"},{"predicate":{"custom_model_data":153},"model":"modelengine:nocsy_otter_v2/back_leg_right"},{"predicate":{"custom_model_data":154},"model":"modelengine:nocsy_otter_v2/back_leg_left"},{"predicate":{"custom_model_data":155},"model":"modelengine:nocsy_otter_v2/tail"},{"predicate":{"custom_model_data":156},"model":"modelengine:nocsy_otter_v2/front_leg_right"},{"predicate":{"custom_model_data":157},"model":"modelengine:nocsy_otter_v2/front_leg_left"},{"predicate":{"custom_model_data":158},"model":"modelengine:teeny_warden/left_leg"},{"predicate":{"custom_model_data":159},"model":"modelengine:teeny_warden/right_leg"},{"predicate":{"custom_model_data":160},"model":"modelengine:teeny_warden/body"},{"predicate":{"custom_model_data":161},"model":"modelengine:teeny_warden/head"},{"predicate":{"custom_model_data":162},"model":"modelengine:teeny_warden/right_ribs"},{"predicate":{"custom_model_data":163},"model":"modelengine:teeny_warden/left_ribs"},{"predicate":{"custom_model_data":164},"model":"modelengine:teeny_warden/right_arm"},{"predicate":{"custom_model_data":165},"model":"modelengine:teeny_warden/left_arm"},{"predicate":{"custom_model_data":166},"model":"modelengine:teeny_warden/right_tendril"},{"predicate":{"custom_model_data":167},"model":"modelengine:teeny_warden/left_tendril"},{"predicate":{"custom_model_data":168},"model":"modelengine:teeny_warden_chestglow/body"},{"predicate":{"custom_model_data":169},"model":"modelengine:nocsy_sewer_boss/chest"},{"predicate":{"custom_model_data":170},"model":"modelengine:nocsy_sewer_boss/tail"},{"predicate":{"custom_model_data":171},"model":"modelengine:nocsy_sewer_boss/head"},{"predicate":{"custom_model_data":172},"model":"modelengine:nocsy_sewer_boss/right_arm"},{"predicate":{"custom_model_data":173},"model":"modelengine:nocsy_sewer_boss/left_arm"},{"predicate":{"custom_model_data":174},"model":"modelengine:nocsy_sewer_boss/jar"},{"predicate":{"custom_model_data":175},"model":"modelengine:nocsy_sewer_boss/left_leg"},{"predicate":{"custom_model_data":176},"model":"modelengine:nocsy_sewer_boss/right_leg"},{"predicate":{"custom_model_data":177},"model":"modelengine:nocsy_sewer_boss/tail_mid"},{"predicate":{"custom_model_data":178},"model":"modelengine:nocsy_sewer_boss/mouth"},{"predicate":{"custom_model_data":179},"model":"modelengine:nocsy_sewer_boss/right_ear"},{"predicate":{"custom_model_data":180},"model":"modelengine:nocsy_sewer_boss/left_ear"},{"predicate":{"custom_model_data":181},"model":"modelengine:nocsy_sewer_boss/right_forearm"},{"predicate":{"custom_model_data":182},"model":"modelengine:nocsy_sewer_boss/left_forearm"},{"predicate":{"custom_model_data":183},"model":"modelengine:nocsy_sewer_boss/left_tibia"},{"predicate":{"custom_model_data":184},"model":"modelengine:nocsy_sewer_boss/right_tibia"},{"predicate":{"custom_model_data":185},"model":"modelengine:nocsy_sewer_boss/tail_preend"},{"predicate":{"custom_model_data":186},"model":"modelengine:nocsy_sewer_boss/crossbow"},{"predicate":{"custom_model_data":187},"model":"modelengine:nocsy_sewer_boss/left_foot"},{"predicate":{"custom_model_data":188},"model":"modelengine:nocsy_sewer_boss/right_foot"},{"predicate":{"custom_model_data":189},"model":"modelengine:nocsy_sewer_boss/tail_end"},{"predicate":{"custom_model_data":190},"model":"modelengine:nocsy_sewer_leech/chest"},{"predicate":{"custom_model_data":191},"model":"modelengine:nocsy_sewer_leech/tail"},{"predicate":{"custom_model_data":192},"model":"modelengine:nocsy_sewer_leech/neck"},{"predicate":{"custom_model_data":193},"model":"modelengine:nocsy_sewer_leech/head"},{"predicate":{"custom_model_data":194},"model":"modelengine:nocsy_sewer_mosquito/head"},{"predicate":{"custom_model_data":195},"model":"modelengine:nocsy_sewer_mosquito/abdomen"},{"predicate":{"custom_model_data":196},"model":"modelengine:nocsy_sewer_mosquito/right_wing"},{"predicate":{"custom_model_data":197},"model":"modelengine:nocsy_sewer_mosquito/left_wing"},{"predicate":{"custom_model_data":198},"model":"modelengine:nocsy_sewer_potion_projectile/body"},{"predicate":{"custom_model_data":199},"model":"modelengine:nocsy_sewer_rat/chest"},{"predicate":{"custom_model_data":200},"model":"modelengine:nocsy_sewer_rat/left_leg"},{"predicate":{"custom_model_data":201},"model":"modelengine:nocsy_sewer_rat/right_arm"},{"predicate":{"custom_model_data":202},"model":"modelengine:nocsy_sewer_rat/right_leg"},{"predicate":{"custom_model_data":203},"model":"modelengine:nocsy_sewer_rat/left_arm"},{"predicate":{"custom_model_data":204},"model":"modelengine:nocsy_sewer_rat/left_foot"},{"predicate":{"custom_model_data":205},"model":"modelengine:nocsy_sewer_rat/right_forearm"},{"predicate":{"custom_model_data":206},"model":"modelengine:nocsy_sewer_rat/right_foot"},{"predicate":{"custom_model_data":207},"model":"modelengine:nocsy_sewer_rat/left_forearm"},{"predicate":{"custom_model_data":208},"model":"modelengine:nocsy_sewer_rat/tail"},{"predicate":{"custom_model_data":209},"model":"modelengine:nocsy_sewer_rat/head"},{"predicate":{"custom_model_data":210},"model":"modelengine:nocsy_sewer_rat/tail_mid"},{"predicate":{"custom_model_data":211},"model":"modelengine:nocsy_sewer_rat/tail_midend"},{"predicate":{"custom_model_data":212},"model":"modelengine:nocsy_sewer_rat/tail_end"},{"predicate":{"custom_model_data":213},"model":"modelengine:nocsy_sewer_spider/right_leg_mid"},{"predicate":{"custom_model_data":214},"model":"modelengine:nocsy_sewer_spider/left_leg_end"},{"predicate":{"custom_model_data":215},"model":"modelengine:nocsy_sewer_spider/left_leg_front"},{"predicate":{"custom_model_data":216},"model":"modelengine:nocsy_sewer_spider/right_leg_end"},{"predicate":{"custom_model_data":217},"model":"modelengine:nocsy_sewer_spider/left_leg_mid"},{"predicate":{"custom_model_data":218},"model":"modelengine:nocsy_sewer_spider/right_leg_front"},{"predicate":{"custom_model_data":219},"model":"modelengine:nocsy_sewer_spider/head"},{"predicate":{"custom_model_data":220},"model":"modelengine:nocsy_sewer_spider/abdomen"},{"predicate":{"custom_model_data":221},"model":"modelengine:nocsy_mountpack_dodo/chest"},{"predicate":{"custom_model_data":222},"model":"modelengine:nocsy_mountpack_dodo/left_leg"},{"predicate":{"custom_model_data":223},"model":"modelengine:nocsy_mountpack_dodo/right_leg"},{"predicate":{"custom_model_data":224},"model":"modelengine:nocsy_mountpack_dodo/head"},{"predicate":{"custom_model_data":225},"model":"modelengine:nocsy_mountpack_dodo/right_wing"},{"predicate":{"custom_model_data":226},"model":"modelengine:nocsy_mountpack_dodo/left_wing"},{"predicate":{"custom_model_data":227},"model":"modelengine:nocsy_mountpack_dodo/left_foot"},{"predicate":{"custom_model_data":228},"model":"modelengine:nocsy_mountpack_dodo/right_foot"},{"predicate":{"custom_model_data":229},"model":"modelengine:nocsy_mountpack_dodo_baby/chest"},{"predicate":{"custom_model_data":230},"model":"modelengine:nocsy_mountpack_dodo_baby/left_leg"},{"predicate":{"custom_model_data":231},"model":"modelengine:nocsy_mountpack_dodo_baby/right_leg"},{"predicate":{"custom_model_data":232},"model":"modelengine:nocsy_mountpack_dodo_baby/head"},{"predicate":{"custom_model_data":233},"model":"modelengine:nocsy_mountpack_dodo_baby/right_wing"},{"predicate":{"custom_model_data":234},"model":"modelengine:nocsy_mountpack_dodo_baby/left_wing"},{"predicate":{"custom_model_data":235},"model":"modelengine:nocsy_mountpack_dodo_egg/egg"},{"predicate":{"custom_model_data":236},"model":"modelengine:nocsy_mountpack_dodo_egg/shell"},{"predicate":{"custom_model_data":237},"model":"modelengine:nocsy_mountpack_leopard/chest"},{"predicate":{"custom_model_data":238},"model":"modelengine:nocsy_mountpack_leopard/right_arm"},{"predicate":{"custom_model_data":239},"model":"modelengine:nocsy_mountpack_leopard/left_leg"},{"predicate":{"custom_model_data":240},"model":"modelengine:nocsy_mountpack_leopard/left_arm"},{"predicate":{"custom_model_data":241},"model":"modelengine:nocsy_mountpack_leopard/right_leg"},{"predicate":{"custom_model_data":242},"model":"modelengine:nocsy_mountpack_leopard/head"},{"predicate":{"custom_model_data":243},"model":"modelengine:nocsy_mountpack_leopard/tail"},{"predicate":{"custom_model_data":244},"model":"modelengine:nocsy_mountpack_leopard/right_forearm"},{"predicate":{"custom_model_data":245},"model":"modelengine:nocsy_mountpack_leopard/left_tibia"},{"predicate":{"custom_model_data":246},"model":"modelengine:nocsy_mountpack_leopard/left_forearm"},{"predicate":{"custom_model_data":247},"model":"modelengine:nocsy_mountpack_leopard/right_tibia"},{"predicate":{"custom_model_data":248},"model":"modelengine:nocsy_mountpack_leopard/tail_mid"},{"predicate":{"custom_model_data":249},"model":"modelengine:nocsy_mountpack_leopard/right_hand"},{"predicate":{"custom_model_data":250},"model":"modelengine:nocsy_mountpack_leopard/left_foot"},{"predicate":{"custom_model_data":251},"model":"modelengine:nocsy_mountpack_leopard/left_hand"},{"predicate":{"custom_model_data":252},"model":"modelengine:nocsy_mountpack_leopard/right_foot"},{"predicate":{"custom_model_data":253},"model":"modelengine:nocsy_mountpack_leopard/tail_end"},{"predicate":{"custom_model_data":254},"model":"modelengine:nocsy_mountpack_leopard_baby/chest"},{"predicate":{"custom_model_data":255},"model":"modelengine:nocsy_mountpack_leopard_baby/right_arm"},{"predicate":{"custom_model_data":256},"model":"modelengine:nocsy_mountpack_leopard_baby/left_leg"},{"predicate":{"custom_model_data":257},"model":"modelengine:nocsy_mountpack_leopard_baby/left_arm"},{"predicate":{"custom_model_data":258},"model":"modelengine:nocsy_mountpack_leopard_baby/right_leg"},{"predicate":{"custom_model_data":259},"model":"modelengine:nocsy_mountpack_leopard_baby/head"},{"predicate":{"custom_model_data":260},"model":"modelengine:nocsy_mountpack_leopard_baby/tail"},{"predicate":{"custom_model_data":261},"model":"modelengine:nocsy_mountpack_leopard_baby/right_hand"},{"predicate":{"custom_model_data":262},"model":"modelengine:nocsy_mountpack_leopard_baby/left_tibia"},{"predicate":{"custom_model_data":263},"model":"modelengine:nocsy_mountpack_leopard_baby/left_hand"},{"predicate":{"custom_model_data":264},"model":"modelengine:nocsy_mountpack_leopard_baby/right_tibia"},{"predicate":{"custom_model_data":265},"model":"modelengine:nocsy_mountpack_leopard_baby/tail_mid"},{"predicate":{"custom_model_data":266},"model":"modelengine:nocsy_mountpack_leopard_baby/tail_end"},{"predicate":{"custom_model_data":267},"model":"modelengine:nocsy_mountpack_leopard_egg/egg"},{"predicate":{"custom_model_data":268},"model":"modelengine:nocsy_mountpack_leopard_egg/shell"},{"predicate":{"custom_model_data":269},"model":"modelengine:nocsy_mountpack_lizard/left_backleg"},{"predicate":{"custom_model_data":270},"model":"modelengine:nocsy_mountpack_lizard/chest"},{"predicate":{"custom_model_data":271},"model":"modelengine:nocsy_mountpack_lizard/right_frontleg"},{"predicate":{"custom_model_data":272},"model":"modelengine:nocsy_mountpack_lizard/left_frontleg"},{"predicate":{"custom_model_data":273},"model":"modelengine:nocsy_mountpack_lizard/right_backleg"},{"predicate":{"custom_model_data":274},"model":"modelengine:nocsy_mountpack_lizard/left_fronttibia"},{"predicate":{"custom_model_data":275},"model":"modelengine:nocsy_mountpack_lizard/tail"},{"predicate":{"custom_model_data":276},"model":"modelengine:nocsy_mountpack_lizard/neck"},{"predicate":{"custom_model_data":277},"model":"modelengine:nocsy_mountpack_lizard/right_backarm"},{"predicate":{"custom_model_data":278},"model":"modelengine:nocsy_mountpack_lizard/left_backarm"},{"predicate":{"custom_model_data":279},"model":"modelengine:nocsy_mountpack_lizard/right_fronttibia"},{"predicate":{"custom_model_data":280},"model":"modelengine:nocsy_mountpack_lizard/left_frontfoot"},{"predicate":{"custom_model_data":281},"model":"modelengine:nocsy_mountpack_lizard/tail_mid"},{"predicate":{"custom_model_data":282},"model":"modelengine:nocsy_mountpack_lizard/head"},{"predicate":{"custom_model_data":283},"model":"modelengine:nocsy_mountpack_lizard/right_hand"},{"predicate":{"custom_model_data":284},"model":"modelengine:nocsy_mountpack_lizard/left_hand"},{"predicate":{"custom_model_data":285},"model":"modelengine:nocsy_mountpack_lizard/right_frontfoot"},{"predicate":{"custom_model_data":286},"model":"modelengine:nocsy_mountpack_lizard/left_toes"},{"predicate":{"custom_model_data":287},"model":"modelengine:nocsy_mountpack_lizard/tail_end"},{"predicate":{"custom_model_data":288},"model":"modelengine:nocsy_mountpack_lizard/right_toes"},{"predicate":{"custom_model_data":289},"model":"modelengine:nocsy_mountpack_lizard/tail_tip"},{"predicate":{"custom_model_data":290},"model":"modelengine:nocsy_mountpack_lizard_baby/left_backleg"},{"predicate":{"custom_model_data":291},"model":"modelengine:nocsy_mountpack_lizard_baby/chest"},{"predicate":{"custom_model_data":292},"model":"modelengine:nocsy_mountpack_lizard_baby/right_frontleg"},{"predicate":{"custom_model_data":293},"model":"modelengine:nocsy_mountpack_lizard_baby/left_frontleg"},{"predicate":{"custom_model_data":294},"model":"modelengine:nocsy_mountpack_lizard_baby/right_backleg"},{"predicate":{"custom_model_data":295},"model":"modelengine:nocsy_mountpack_lizard_baby/left_fronttibia"},{"predicate":{"custom_model_data":296},"model":"modelengine:nocsy_mountpack_lizard_baby/tail"},{"predicate":{"custom_model_data":297},"model":"modelengine:nocsy_mountpack_lizard_baby/neck"},{"predicate":{"custom_model_data":298},"model":"modelengine:nocsy_mountpack_lizard_baby/right_backarm"},{"predicate":{"custom_model_data":299},"model":"modelengine:nocsy_mountpack_lizard_baby/left_backarm"},{"predicate":{"custom_model_data":300},"model":"modelengine:nocsy_mountpack_lizard_baby/right_fronttibia"},{"predicate":{"custom_model_data":301},"model":"modelengine:nocsy_mountpack_lizard_baby/left_frontfoot"},{"predicate":{"custom_model_data":302},"model":"modelengine:nocsy_mountpack_lizard_baby/tail_mid"},{"predicate":{"custom_model_data":303},"model":"modelengine:nocsy_mountpack_lizard_baby/head"},{"predicate":{"custom_model_data":304},"model":"modelengine:nocsy_mountpack_lizard_baby/right_hand"},{"predicate":{"custom_model_data":305},"model":"modelengine:nocsy_mountpack_lizard_baby/left_hand"},{"predicate":{"custom_model_data":306},"model":"modelengine:nocsy_mountpack_lizard_baby/right_frontfoot"},{"predicate":{"custom_model_data":307},"model":"modelengine:nocsy_mountpack_lizard_baby/left_toes"},{"predicate":{"custom_model_data":308},"model":"modelengine:nocsy_mountpack_lizard_baby/tail_end"},{"predicate":{"custom_model_data":309},"model":"modelengine:nocsy_mountpack_lizard_baby/right_toes"},{"predicate":{"custom_model_data":310},"model":"modelengine:nocsy_mountpack_lizard_egg/egg"},{"predicate":{"custom_model_data":311},"model":"modelengine:nocsy_mountpack_lizard_egg/shell"},{"predicate":{"custom_model_data":312},"model":"modelengine:nocsy_mountpack_moth/right_front_leg"},{"predicate":{"custom_model_data":313},"model":"modelengine:nocsy_mountpack_moth/chest"},{"predicate":{"custom_model_data":314},"model":"modelengine:nocsy_mountpack_moth/left_legs"},{"predicate":{"custom_model_data":315},"model":"modelengine:nocsy_mountpack_moth/left_front_leg"},{"predicate":{"custom_model_data":316},"model":"modelengine:nocsy_mountpack_moth/right_legs"},{"predicate":{"custom_model_data":317},"model":"modelengine:nocsy_mountpack_moth/head"},{"predicate":{"custom_model_data":318},"model":"modelengine:nocsy_mountpack_moth/right_top_wing"},{"predicate":{"custom_model_data":319},"model":"modelengine:nocsy_mountpack_moth/abdomen"},{"predicate":{"custom_model_data":320},"model":"modelengine:nocsy_mountpack_moth/right_bottom_wing"},{"predicate":{"custom_model_data":321},"model":"modelengine:nocsy_mountpack_moth/left_top_wing"},{"predicate":{"custom_model_data":322},"model":"modelengine:nocsy_mountpack_moth/left_bottom_wing"},{"predicate":{"custom_model_data":323},"model":"modelengine:nocsy_mountpack_moth/right_antenna"},{"predicate":{"custom_model_data":324},"model":"modelengine:nocsy_mountpack_moth/left_antenna"},{"predicate":{"custom_model_data":325},"model":"modelengine:nocsy_mountpack_moth_baby/chest"},{"predicate":{"custom_model_data":326},"model":"modelengine:nocsy_mountpack_moth_baby/left_legs"},{"predicate":{"custom_model_data":327},"model":"modelengine:nocsy_mountpack_moth_baby/right_legs"},{"predicate":{"custom_model_data":328},"model":"modelengine:nocsy_mountpack_moth_baby/head"},{"predicate":{"custom_model_data":329},"model":"modelengine:nocsy_mountpack_moth_baby/right_wing"},{"predicate":{"custom_model_data":330},"model":"modelengine:nocsy_mountpack_moth_baby/left_wing"},{"predicate":{"custom_model_data":331},"model":"modelengine:nocsy_mountpack_moth_baby/abdomen"},{"predicate":{"custom_model_data":332},"model":"modelengine:nocsy_mountpack_moth_baby/antenna_right"},{"predicate":{"custom_model_data":333},"model":"modelengine:nocsy_mountpack_moth_baby/antenna_left"},{"predicate":{"custom_model_data":334},"model":"modelengine:nocsy_mountpack_moth_egg/egg"},{"predicate":{"custom_model_data":335},"model":"modelengine:nocsy_mountpack_moth_egg/shell"},{"predicate":{"custom_model_data":336},"model":"modelengine:nocsy_mountpack_ram/right_front_leg"},{"predicate":{"custom_model_data":337},"model":"modelengine:nocsy_mountpack_ram/chest"},{"predicate":{"custom_model_data":338},"model":"modelengine:nocsy_mountpack_ram/left_leg"},{"predicate":{"custom_model_data":339},"model":"modelengine:nocsy_mountpack_ram/right_leg"},{"predicate":{"custom_model_data":340},"model":"modelengine:nocsy_mountpack_ram/left_front_leg"},{"predicate":{"custom_model_data":341},"model":"modelengine:nocsy_mountpack_ram/right_front_foot"},{"predicate":{"custom_model_data":342},"model":"modelengine:nocsy_mountpack_ram/head"},{"predicate":{"custom_model_data":343},"model":"modelengine:nocsy_mountpack_ram/left_foot"},{"predicate":{"custom_model_data":344},"model":"modelengine:nocsy_mountpack_ram/right_foot"},{"predicate":{"custom_model_data":345},"model":"modelengine:nocsy_mountpack_ram/left_front_foot"},{"predicate":{"custom_model_data":346},"model":"modelengine:nocsy_mountpack_ram/right_horn"},{"predicate":{"custom_model_data":347},"model":"modelengine:nocsy_mountpack_ram/left_horn"},{"predicate":{"custom_model_data":348},"model":"modelengine:nocsy_mountpack_ram_baby/front_right_leg"},{"predicate":{"custom_model_data":349},"model":"modelengine:nocsy_mountpack_ram_baby/chest"},{"predicate":{"custom_model_data":350},"model":"modelengine:nocsy_mountpack_ram_baby/back_right_leg"},{"predicate":{"custom_model_data":351},"model":"modelengine:nocsy_mountpack_ram_baby/back_left_leg"},{"predicate":{"custom_model_data":352},"model":"modelengine:nocsy_mountpack_ram_baby/front_left_leg"},{"predicate":{"custom_model_data":353},"model":"modelengine:nocsy_mountpack_ram_baby/front_right_foot"},{"predicate":{"custom_model_data":354},"model":"modelengine:nocsy_mountpack_ram_baby/head"},{"predicate":{"custom_model_data":355},"model":"modelengine:nocsy_mountpack_ram_baby/back_right_foot"},{"predicate":{"custom_model_data":356},"model":"modelengine:nocsy_mountpack_ram_baby/back_left_foot"},{"predicate":{"custom_model_data":357},"model":"modelengine:nocsy_mountpack_ram_baby/front_left_foot"},{"predicate":{"custom_model_data":358},"model":"modelengine:nocsy_mountpack_ram_baby/horn_right"},{"predicate":{"custom_model_data":359},"model":"modelengine:nocsy_mountpack_ram_baby/horn_left"},{"predicate":{"custom_model_data":360},"model":"modelengine:nocsy_mountpack_ram_egg/egg"},{"predicate":{"custom_model_data":361},"model":"modelengine:nocsy_mountpack_ram_egg/shell"},{"predicate":{"custom_model_data":362},"model":"modelengine:dragon_desert/upper_body"},{"predicate":{"custom_model_data":363},"model":"modelengine:dragon_desert/left_thigh"},{"predicate":{"custom_model_data":364},"model":"modelengine:dragon_desert/right_thigh"},{"predicate":{"custom_model_data":365},"model":"modelengine:dragon_desert/tail"},{"predicate":{"custom_model_data":366},"model":"modelengine:dragon_desert/stomach"},{"predicate":{"custom_model_data":367},"model":"modelengine:dragon_desert/left_leg"},{"predicate":{"custom_model_data":368},"model":"modelengine:dragon_desert/right_leg"},{"predicate":{"custom_model_data":369},"model":"modelengine:dragon_desert/tail_2"},{"predicate":{"custom_model_data":370},"model":"modelengine:dragon_desert/chest"},{"predicate":{"custom_model_data":371},"model":"modelengine:dragon_desert/right_arm"},{"predicate":{"custom_model_data":372},"model":"modelengine:dragon_desert/right_wing"},{"predicate":{"custom_model_data":373},"model":"modelengine:dragon_desert/left_arm"},{"predicate":{"custom_model_data":374},"model":"modelengine:dragon_desert/left_wing"},{"predicate":{"custom_model_data":375},"model":"modelengine:dragon_desert/left_ankle"},{"predicate":{"custom_model_data":376},"model":"modelengine:dragon_desert/right_ankle"},{"predicate":{"custom_model_data":377},"model":"modelengine:dragon_desert/tail_3"},{"predicate":{"custom_model_data":378},"model":"modelengine:dragon_desert/neck"},{"predicate":{"custom_model_data":379},"model":"modelengine:dragon_desert/right_wrist"},{"predicate":{"custom_model_data":380},"model":"modelengine:dragon_desert/right_wing_mid"},{"predicate":{"custom_model_data":381},"model":"modelengine:dragon_desert/left_wrist"},{"predicate":{"custom_model_data":382},"model":"modelengine:dragon_desert/left_wing_mid"},{"predicate":{"custom_model_data":383},"model":"modelengine:dragon_desert/left_foot"},{"predicate":{"custom_model_data":384},"model":"modelengine:dragon_desert/right_foot"},{"predicate":{"custom_model_data":385},"model":"modelengine:dragon_desert/tail_end"},{"predicate":{"custom_model_data":386},"model":"modelengine:dragon_desert/upper_neck"},{"predicate":{"custom_model_data":387},"model":"modelengine:dragon_desert/right_hand"},{"predicate":{"custom_model_data":388},"model":"modelengine:dragon_desert/right_wing_end"},{"predicate":{"custom_model_data":389},"model":"modelengine:dragon_desert/left_hand"},{"predicate":{"custom_model_data":390},"model":"modelengine:dragon_desert/left_wing_end"},{"predicate":{"custom_model_data":391},"model":"modelengine:dragon_desert/head"},{"predicate":{"custom_model_data":392},"model":"modelengine:dragon_desert/jaw"},{"predicate":{"custom_model_data":393},"model":"modelengine:dragon_glacial/upper_body"},{"predicate":{"custom_model_data":394},"model":"modelengine:dragon_glacial/left_thigh"},{"predicate":{"custom_model_data":395},"model":"modelengine:dragon_glacial/right_thigh"},{"predicate":{"custom_model_data":396},"model":"modelengine:dragon_glacial/tail"},{"predicate":{"custom_model_data":397},"model":"modelengine:dragon_glacial/stomach"},{"predicate":{"custom_model_data":398},"model":"modelengine:dragon_glacial/left_leg"},{"predicate":{"custom_model_data":399},"model":"modelengine:dragon_glacial/right_leg"},{"predicate":{"custom_model_data":400},"model":"modelengine:dragon_glacial/tail_2"},{"predicate":{"custom_model_data":401},"model":"modelengine:dragon_glacial/chest"},{"predicate":{"custom_model_data":402},"model":"modelengine:dragon_glacial/right_arm"},{"predicate":{"custom_model_data":403},"model":"modelengine:dragon_glacial/right_wing"},{"predicate":{"custom_model_data":404},"model":"modelengine:dragon_glacial/left_arm"},{"predicate":{"custom_model_data":405},"model":"modelengine:dragon_glacial/left_wing"},{"predicate":{"custom_model_data":406},"model":"modelengine:dragon_glacial/left_ankle"},{"predicate":{"custom_model_data":407},"model":"modelengine:dragon_glacial/right_ankle"},{"predicate":{"custom_model_data":408},"model":"modelengine:dragon_glacial/tail_3"},{"predicate":{"custom_model_data":409},"model":"modelengine:dragon_glacial/neck"},{"predicate":{"custom_model_data":410},"model":"modelengine:dragon_glacial/right_wrist"},{"predicate":{"custom_model_data":411},"model":"modelengine:dragon_glacial/right_wing_mid"},{"predicate":{"custom_model_data":412},"model":"modelengine:dragon_glacial/left_wrist"},{"predicate":{"custom_model_data":413},"model":"modelengine:dragon_glacial/left_wing_mid"},{"predicate":{"custom_model_data":414},"model":"modelengine:dragon_glacial/left_foot"},{"predicate":{"custom_model_data":415},"model":"modelengine:dragon_glacial/right_foot"},{"predicate":{"custom_model_data":416},"model":"modelengine:dragon_glacial/tail_end"},{"predicate":{"custom_model_data":417},"model":"modelengine:dragon_glacial/upper_neck"},{"predicate":{"custom_model_data":418},"model":"modelengine:dragon_glacial/right_hand"},{"predicate":{"custom_model_data":419},"model":"modelengine:dragon_glacial/right_wing_end"},{"predicate":{"custom_model_data":420},"model":"modelengine:dragon_glacial/left_hand"},{"predicate":{"custom_model_data":421},"model":"modelengine:dragon_glacial/left_wing_end"},{"predicate":{"custom_model_data":422},"model":"modelengine:dragon_glacial/head"},{"predicate":{"custom_model_data":423},"model":"modelengine:dragon_glacial/jaw"},{"predicate":{"custom_model_data":424},"model":"modelengine:dragon_nether/upper_body"},{"predicate":{"custom_model_data":425},"model":"modelengine:dragon_nether/left_thigh"},{"predicate":{"custom_model_data":426},"model":"modelengine:dragon_nether/right_thigh"},{"predicate":{"custom_model_data":427},"model":"modelengine:dragon_nether/tail"},{"predicate":{"custom_model_data":428},"model":"modelengine:dragon_nether/stomach"},{"predicate":{"custom_model_data":429},"model":"modelengine:dragon_nether/left_leg"},{"predicate":{"custom_model_data":430},"model":"modelengine:dragon_nether/right_leg"},{"predicate":{"custom_model_data":431},"model":"modelengine:dragon_nether/tail_2"},{"predicate":{"custom_model_data":432},"model":"modelengine:dragon_nether/chest"},{"predicate":{"custom_model_data":433},"model":"modelengine:dragon_nether/right_arm"},{"predicate":{"custom_model_data":434},"model":"modelengine:dragon_nether/right_wing"},{"predicate":{"custom_model_data":435},"model":"modelengine:dragon_nether/left_arm"},{"predicate":{"custom_model_data":436},"model":"modelengine:dragon_nether/left_wing"},{"predicate":{"custom_model_data":437},"model":"modelengine:dragon_nether/left_ankle"},{"predicate":{"custom_model_data":438},"model":"modelengine:dragon_nether/right_ankle"},{"predicate":{"custom_model_data":439},"model":"modelengine:dragon_nether/tail_3"},{"predicate":{"custom_model_data":440},"model":"modelengine:dragon_nether/neck"},{"predicate":{"custom_model_data":441},"model":"modelengine:dragon_nether/right_wrist"},{"predicate":{"custom_model_data":442},"model":"modelengine:dragon_nether/right_wing_mid"},{"predicate":{"custom_model_data":443},"model":"modelengine:dragon_nether/left_wrist"},{"predicate":{"custom_model_data":444},"model":"modelengine:dragon_nether/left_wing_mid"},{"predicate":{"custom_model_data":445},"model":"modelengine:dragon_nether/left_foot"},{"predicate":{"custom_model_data":446},"model":"modelengine:dragon_nether/right_foot"},{"predicate":{"custom_model_data":447},"model":"modelengine:dragon_nether/tail_end"},{"predicate":{"custom_model_data":448},"model":"modelengine:dragon_nether/upper_neck"},{"predicate":{"custom_model_data":449},"model":"modelengine:dragon_nether/right_hand"},{"predicate":{"custom_model_data":450},"model":"modelengine:dragon_nether/right_wing_end"},{"predicate":{"custom_model_data":451},"model":"modelengine:dragon_nether/left_hand"},{"predicate":{"custom_model_data":452},"model":"modelengine:dragon_nether/left_wing_end"},{"predicate":{"custom_model_data":453},"model":"modelengine:dragon_nether/head"},{"predicate":{"custom_model_data":454},"model":"modelengine:dragon_nether/jaw"},{"predicate":{"custom_model_data":455},"model":"modelengine:dragon_sculk/upper_body"},{"predicate":{"custom_model_data":456},"model":"modelengine:dragon_sculk/left_thigh"},{"predicate":{"custom_model_data":457},"model":"modelengine:dragon_sculk/right_thigh"},{"predicate":{"custom_model_data":458},"model":"modelengine:dragon_sculk/tail"},{"predicate":{"custom_model_data":459},"model":"modelengine:dragon_sculk/stomach"},{"predicate":{"custom_model_data":460},"model":"modelengine:dragon_sculk/left_leg"},{"predicate":{"custom_model_data":461},"model":"modelengine:dragon_sculk/right_leg"},{"predicate":{"custom_model_data":462},"model":"modelengine:dragon_sculk/tail_2"},{"predicate":{"custom_model_data":463},"model":"modelengine:dragon_sculk/chest"},{"predicate":{"custom_model_data":464},"model":"modelengine:dragon_sculk/right_arm"},{"predicate":{"custom_model_data":465},"model":"modelengine:dragon_sculk/right_wing"},{"predicate":{"custom_model_data":466},"model":"modelengine:dragon_sculk/left_arm"},{"predicate":{"custom_model_data":467},"model":"modelengine:dragon_sculk/left_wing"},{"predicate":{"custom_model_data":468},"model":"modelengine:dragon_sculk/left_ankle"},{"predicate":{"custom_model_data":469},"model":"modelengine:dragon_sculk/right_ankle"},{"predicate":{"custom_model_data":470},"model":"modelengine:dragon_sculk/tail_3"},{"predicate":{"custom_model_data":471},"model":"modelengine:dragon_sculk/neck"},{"predicate":{"custom_model_data":472},"model":"modelengine:dragon_sculk/right_wrist"},{"predicate":{"custom_model_data":473},"model":"modelengine:dragon_sculk/right_wing_mid"},{"predicate":{"custom_model_data":474},"model":"modelengine:dragon_sculk/left_wrist"},{"predicate":{"custom_model_data":475},"model":"modelengine:dragon_sculk/left_wing_mid"},{"predicate":{"custom_model_data":476},"model":"modelengine:dragon_sculk/left_foot"},{"predicate":{"custom_model_data":477},"model":"modelengine:dragon_sculk/right_foot"},{"predicate":{"custom_model_data":478},"model":"modelengine:dragon_sculk/tail_end"},{"predicate":{"custom_model_data":479},"model":"modelengine:dragon_sculk/upper_neck"},{"predicate":{"custom_model_data":480},"model":"modelengine:dragon_sculk/right_hand"},{"predicate":{"custom_model_data":481},"model":"modelengine:dragon_sculk/right_wing_end"},{"predicate":{"custom_model_data":482},"model":"modelengine:dragon_sculk/left_hand"},{"predicate":{"custom_model_data":483},"model":"modelengine:dragon_sculk/left_wing_end"},{"predicate":{"custom_model_data":484},"model":"modelengine:dragon_sculk/head"},{"predicate":{"custom_model_data":485},"model":"modelengine:dragon_sculk/jaw"},{"predicate":{"custom_model_data":486},"model":"modelengine:lizard_aqua/upper_body"},{"predicate":{"custom_model_data":487},"model":"modelengine:lizard_aqua/tail"},{"predicate":{"custom_model_data":488},"model":"modelengine:lizard_aqua/chest"},{"predicate":{"custom_model_data":489},"model":"modelengine:lizard_aqua/right_arm"},{"predicate":{"custom_model_data":490},"model":"modelengine:lizard_aqua/left_arm"},{"predicate":{"custom_model_data":491},"model":"modelengine:lizard_aqua/tail_2"},{"predicate":{"custom_model_data":492},"model":"modelengine:lizard_aqua/neck"},{"predicate":{"custom_model_data":493},"model":"modelengine:lizard_aqua/right_wrist"},{"predicate":{"custom_model_data":494},"model":"modelengine:lizard_aqua/left_wrist"},{"predicate":{"custom_model_data":495},"model":"modelengine:lizard_aqua/tail_3"},{"predicate":{"custom_model_data":496},"model":"modelengine:lizard_aqua/head"},{"predicate":{"custom_model_data":497},"model":"modelengine:lizard_aqua/right_hand"},{"predicate":{"custom_model_data":498},"model":"modelengine:lizard_aqua/left_hand"},{"predicate":{"custom_model_data":499},"model":"modelengine:lizard_aqua/tail_end"},{"predicate":{"custom_model_data":500},"model":"modelengine:lizard_aqua/jaw"},{"predicate":{"custom_model_data":501},"model":"modelengine:lizard_lava/upper_body"},{"predicate":{"custom_model_data":502},"model":"modelengine:lizard_lava/tail"},{"predicate":{"custom_model_data":503},"model":"modelengine:lizard_lava/chest"},{"predicate":{"custom_model_data":504},"model":"modelengine:lizard_lava/right_arm"},{"predicate":{"custom_model_data":505},"model":"modelengine:lizard_lava/left_arm"},{"predicate":{"custom_model_data":506},"model":"modelengine:lizard_lava/tail_2"},{"predicate":{"custom_model_data":507},"model":"modelengine:lizard_lava/neck"},{"predicate":{"custom_model_data":508},"model":"modelengine:lizard_lava/right_wrist"},{"predicate":{"custom_model_data":509},"model":"modelengine:lizard_lava/left_wrist"},{"predicate":{"custom_model_data":510},"model":"modelengine:lizard_lava/tail_3"},{"predicate":{"custom_model_data":511},"model":"modelengine:lizard_lava/head"},{"predicate":{"custom_model_data":512},"model":"modelengine:lizard_lava/right_hand"},{"predicate":{"custom_model_data":513},"model":"modelengine:lizard_lava/left_hand"},{"predicate":{"custom_model_data":514},"model":"modelengine:lizard_lava/tail_end"},{"predicate":{"custom_model_data":515},"model":"modelengine:lizard_lava/jaw"},{"predicate":{"custom_model_data":516},"model":"modelengine:manticore_aether/upper_body"},{"predicate":{"custom_model_data":517},"model":"modelengine:manticore_aether/left_thigh"},{"predicate":{"custom_model_data":518},"model":"modelengine:manticore_aether/right_thigh"},{"predicate":{"custom_model_data":519},"model":"modelengine:manticore_aether/tail"},{"predicate":{"custom_model_data":520},"model":"modelengine:manticore_aether/stomach"},{"predicate":{"custom_model_data":521},"model":"modelengine:manticore_aether/left_leg"},{"predicate":{"custom_model_data":522},"model":"modelengine:manticore_aether/right_leg"},{"predicate":{"custom_model_data":523},"model":"modelengine:manticore_aether/tail_2"},{"predicate":{"custom_model_data":524},"model":"modelengine:manticore_aether/chest"},{"predicate":{"custom_model_data":525},"model":"modelengine:manticore_aether/left_ankle"},{"predicate":{"custom_model_data":526},"model":"modelengine:manticore_aether/right_ankle"},{"predicate":{"custom_model_data":527},"model":"modelengine:manticore_aether/tail_3"},{"predicate":{"custom_model_data":528},"model":"modelengine:manticore_aether/head"},{"predicate":{"custom_model_data":529},"model":"modelengine:manticore_aether/right_arm"},{"predicate":{"custom_model_data":530},"model":"modelengine:manticore_aether/left_arm"},{"predicate":{"custom_model_data":531},"model":"modelengine:manticore_aether/right_wing"},{"predicate":{"custom_model_data":532},"model":"modelengine:manticore_aether/left_wing"},{"predicate":{"custom_model_data":533},"model":"modelengine:manticore_aether/left_foot"},{"predicate":{"custom_model_data":534},"model":"modelengine:manticore_aether/right_foot"},{"predicate":{"custom_model_data":535},"model":"modelengine:manticore_aether/tail_end"},{"predicate":{"custom_model_data":536},"model":"modelengine:manticore_aether/jaw"},{"predicate":{"custom_model_data":537},"model":"modelengine:manticore_aether/left_braid"},{"predicate":{"custom_model_data":538},"model":"modelengine:manticore_aether/right_braid"},{"predicate":{"custom_model_data":539},"model":"modelengine:manticore_aether/right_wrist"},{"predicate":{"custom_model_data":540},"model":"modelengine:manticore_aether/left_wrist"},{"predicate":{"custom_model_data":541},"model":"modelengine:manticore_aether/right_wing_end"},{"predicate":{"custom_model_data":542},"model":"modelengine:manticore_aether/left_wing_end"},{"predicate":{"custom_model_data":543},"model":"modelengine:manticore_aether/left_braid_end"},{"predicate":{"custom_model_data":544},"model":"modelengine:manticore_aether/right_braid_end"},{"predicate":{"custom_model_data":545},"model":"modelengine:manticore_aether/right_hand"},{"predicate":{"custom_model_data":546},"model":"modelengine:manticore_aether/left_hand"},{"predicate":{"custom_model_data":547},"model":"modelengine:manticore_dusk/upper_body"},{"predicate":{"custom_model_data":548},"model":"modelengine:manticore_dusk/left_thigh"},{"predicate":{"custom_model_data":549},"model":"modelengine:manticore_dusk/right_thigh"},{"predicate":{"custom_model_data":550},"model":"modelengine:manticore_dusk/tail"},{"predicate":{"custom_model_data":551},"model":"modelengine:manticore_dusk/stomach"},{"predicate":{"custom_model_data":552},"model":"modelengine:manticore_dusk/left_leg"},{"predicate":{"custom_model_data":553},"model":"modelengine:manticore_dusk/right_leg"},{"predicate":{"custom_model_data":554},"model":"modelengine:manticore_dusk/tail_2"},{"predicate":{"custom_model_data":555},"model":"modelengine:manticore_dusk/chest"},{"predicate":{"custom_model_data":556},"model":"modelengine:manticore_dusk/left_ankle"},{"predicate":{"custom_model_data":557},"model":"modelengine:manticore_dusk/right_ankle"},{"predicate":{"custom_model_data":558},"model":"modelengine:manticore_dusk/tail_3"},{"predicate":{"custom_model_data":559},"model":"modelengine:manticore_dusk/head"},{"predicate":{"custom_model_data":560},"model":"modelengine:manticore_dusk/right_arm"},{"predicate":{"custom_model_data":561},"model":"modelengine:manticore_dusk/left_arm"},{"predicate":{"custom_model_data":562},"model":"modelengine:manticore_dusk/right_wing"},{"predicate":{"custom_model_data":563},"model":"modelengine:manticore_dusk/left_wing"},{"predicate":{"custom_model_data":564},"model":"modelengine:manticore_dusk/left_foot"},{"predicate":{"custom_model_data":565},"model":"modelengine:manticore_dusk/right_foot"},{"predicate":{"custom_model_data":566},"model":"modelengine:manticore_dusk/tail_end"},{"predicate":{"custom_model_data":567},"model":"modelengine:manticore_dusk/jaw"},{"predicate":{"custom_model_data":568},"model":"modelengine:manticore_dusk/left_braid"},{"predicate":{"custom_model_data":569},"model":"modelengine:manticore_dusk/right_braid"},{"predicate":{"custom_model_data":570},"model":"modelengine:manticore_dusk/right_wrist"},{"predicate":{"custom_model_data":571},"model":"modelengine:manticore_dusk/left_wrist"},{"predicate":{"custom_model_data":572},"model":"modelengine:manticore_dusk/right_wing_end"},{"predicate":{"custom_model_data":573},"model":"modelengine:manticore_dusk/left_wing_end"},{"predicate":{"custom_model_data":574},"model":"modelengine:manticore_dusk/left_braid_end"},{"predicate":{"custom_model_data":575},"model":"modelengine:manticore_dusk/right_braid_end"},{"predicate":{"custom_model_data":576},"model":"modelengine:manticore_dusk/right_hand"},{"predicate":{"custom_model_data":577},"model":"modelengine:manticore_dusk/left_hand"},{"predicate":{"custom_model_data":578},"model":"modelengine:manticore_soul/upper_body"},{"predicate":{"custom_model_data":579},"model":"modelengine:manticore_soul/left_thigh"},{"predicate":{"custom_model_data":580},"model":"modelengine:manticore_soul/right_thigh"},{"predicate":{"custom_model_data":581},"model":"modelengine:manticore_soul/tail"},{"predicate":{"custom_model_data":582},"model":"modelengine:manticore_soul/stomach"},{"predicate":{"custom_model_data":583},"model":"modelengine:manticore_soul/left_leg"},{"predicate":{"custom_model_data":584},"model":"modelengine:manticore_soul/right_leg"},{"predicate":{"custom_model_data":585},"model":"modelengine:manticore_soul/tail_2"},{"predicate":{"custom_model_data":586},"model":"modelengine:manticore_soul/chest"},{"predicate":{"custom_model_data":587},"model":"modelengine:manticore_soul/left_ankle"},{"predicate":{"custom_model_data":588},"model":"modelengine:manticore_soul/right_ankle"},{"predicate":{"custom_model_data":589},"model":"modelengine:manticore_soul/tail_3"},{"predicate":{"custom_model_data":590},"model":"modelengine:manticore_soul/head"},{"predicate":{"custom_model_data":591},"model":"modelengine:manticore_soul/right_arm"},{"predicate":{"custom_model_data":592},"model":"modelengine:manticore_soul/left_arm"},{"predicate":{"custom_model_data":593},"model":"modelengine:manticore_soul/right_wing"},{"predicate":{"custom_model_data":594},"model":"modelengine:manticore_soul/left_wing"},{"predicate":{"custom_model_data":595},"model":"modelengine:manticore_soul/left_foot"},{"predicate":{"custom_model_data":596},"model":"modelengine:manticore_soul/right_foot"},{"predicate":{"custom_model_data":597},"model":"modelengine:manticore_soul/tail_end"},{"predicate":{"custom_model_data":598},"model":"modelengine:manticore_soul/jaw"},{"predicate":{"custom_model_data":599},"model":"modelengine:manticore_soul/left_braid"},{"predicate":{"custom_model_data":600},"model":"modelengine:manticore_soul/right_braid"},{"predicate":{"custom_model_data":601},"model":"modelengine:manticore_soul/right_wrist"},{"predicate":{"custom_model_data":602},"model":"modelengine:manticore_soul/left_wrist"},{"predicate":{"custom_model_data":603},"model":"modelengine:manticore_soul/right_wing_end"},{"predicate":{"custom_model_data":604},"model":"modelengine:manticore_soul/left_wing_end"},{"predicate":{"custom_model_data":605},"model":"modelengine:manticore_soul/left_braid_end"},{"predicate":{"custom_model_data":606},"model":"modelengine:manticore_soul/right_braid_end"},{"predicate":{"custom_model_data":607},"model":"modelengine:manticore_soul/right_hand"},{"predicate":{"custom_model_data":608},"model":"modelengine:manticore_soul/left_hand"},{"predicate":{"custom_model_data":609},"model":"modelengine:manticore_venom/upper_body"},{"predicate":{"custom_model_data":610},"model":"modelengine:manticore_venom/left_thigh"},{"predicate":{"custom_model_data":611},"model":"modelengine:manticore_venom/right_thigh"},{"predicate":{"custom_model_data":612},"model":"modelengine:manticore_venom/tail"},{"predicate":{"custom_model_data":613},"model":"modelengine:manticore_venom/stomach"},{"predicate":{"custom_model_data":614},"model":"modelengine:manticore_venom/left_leg"},{"predicate":{"custom_model_data":615},"model":"modelengine:manticore_venom/right_leg"},{"predicate":{"custom_model_data":616},"model":"modelengine:manticore_venom/tail_2"},{"predicate":{"custom_model_data":617},"model":"modelengine:manticore_venom/chest"},{"predicate":{"custom_model_data":618},"model":"modelengine:manticore_venom/left_ankle"},{"predicate":{"custom_model_data":619},"model":"modelengine:manticore_venom/right_ankle"},{"predicate":{"custom_model_data":620},"model":"modelengine:manticore_venom/tail_3"},{"predicate":{"custom_model_data":621},"model":"modelengine:manticore_venom/head"},{"predicate":{"custom_model_data":622},"model":"modelengine:manticore_venom/right_arm"},{"predicate":{"custom_model_data":623},"model":"modelengine:manticore_venom/left_arm"},{"predicate":{"custom_model_data":624},"model":"modelengine:manticore_venom/right_wing"},{"predicate":{"custom_model_data":625},"model":"modelengine:manticore_venom/left_wing"},{"predicate":{"custom_model_data":626},"model":"modelengine:manticore_venom/left_foot"},{"predicate":{"custom_model_data":627},"model":"modelengine:manticore_venom/right_foot"},{"predicate":{"custom_model_data":628},"model":"modelengine:manticore_venom/tail_end"},{"predicate":{"custom_model_data":629},"model":"modelengine:manticore_venom/jaw"},{"predicate":{"custom_model_data":630},"model":"modelengine:manticore_venom/left_braid"},{"predicate":{"custom_model_data":631},"model":"modelengine:manticore_venom/right_braid"},{"predicate":{"custom_model_data":632},"model":"modelengine:manticore_venom/right_wrist"},{"predicate":{"custom_model_data":633},"model":"modelengine:manticore_venom/left_wrist"},{"predicate":{"custom_model_data":634},"model":"modelengine:manticore_venom/right_wing_end"},{"predicate":{"custom_model_data":635},"model":"modelengine:manticore_venom/left_wing_end"},{"predicate":{"custom_model_data":636},"model":"modelengine:manticore_venom/left_braid_end"},{"predicate":{"custom_model_data":637},"model":"modelengine:manticore_venom/right_braid_end"},{"predicate":{"custom_model_data":638},"model":"modelengine:manticore_venom/right_hand"},{"predicate":{"custom_model_data":639},"model":"modelengine:manticore_venom/left_hand"},{"predicate":{"custom_model_data":640},"model":"modelengine:panda_normal/upper_body"},{"predicate":{"custom_model_data":641},"model":"modelengine:panda_normal/left_thigh"},{"predicate":{"custom_model_data":642},"model":"modelengine:panda_normal/right_thigh"},{"predicate":{"custom_model_data":643},"model":"modelengine:panda_normal/stomach"},{"predicate":{"custom_model_data":644},"model":"modelengine:panda_normal/left_leg"},{"predicate":{"custom_model_data":645},"model":"modelengine:panda_normal/right_leg"},{"predicate":{"custom_model_data":646},"model":"modelengine:panda_normal/chest"},{"predicate":{"custom_model_data":647},"model":"modelengine:panda_normal/left_ankle"},{"predicate":{"custom_model_data":648},"model":"modelengine:panda_normal/right_ankle"},{"predicate":{"custom_model_data":649},"model":"modelengine:panda_normal/head"},{"predicate":{"custom_model_data":650},"model":"modelengine:panda_normal/right_arm"},{"predicate":{"custom_model_data":651},"model":"modelengine:panda_normal/left_arm"},{"predicate":{"custom_model_data":652},"model":"modelengine:panda_normal/left_foot"},{"predicate":{"custom_model_data":653},"model":"modelengine:panda_normal/right_foot"},{"predicate":{"custom_model_data":654},"model":"modelengine:panda_normal/bamboo"},{"predicate":{"custom_model_data":655},"model":"modelengine:panda_normal/right_wrist"},{"predicate":{"custom_model_data":656},"model":"modelengine:panda_normal/left_wrist"},{"predicate":{"custom_model_data":657},"model":"modelengine:panda_normal/right_hand"},{"predicate":{"custom_model_data":658},"model":"modelengine:panda_normal/left_hand"},{"predicate":{"custom_model_data":659},"model":"modelengine:sabertooth_arctic/upper_body"},{"predicate":{"custom_model_data":660},"model":"modelengine:sabertooth_arctic/left_thigh"},{"predicate":{"custom_model_data":661},"model":"modelengine:sabertooth_arctic/right_thigh"},{"predicate":{"custom_model_data":662},"model":"modelengine:sabertooth_arctic/tail"},{"predicate":{"custom_model_data":663},"model":"modelengine:sabertooth_arctic/stomach"},{"predicate":{"custom_model_data":664},"model":"modelengine:sabertooth_arctic/left_leg"},{"predicate":{"custom_model_data":665},"model":"modelengine:sabertooth_arctic/right_leg"},{"predicate":{"custom_model_data":666},"model":"modelengine:sabertooth_arctic/tail_mid"},{"predicate":{"custom_model_data":667},"model":"modelengine:sabertooth_arctic/chest"},{"predicate":{"custom_model_data":668},"model":"modelengine:sabertooth_arctic/left_ankle"},{"predicate":{"custom_model_data":669},"model":"modelengine:sabertooth_arctic/right_ankle"},{"predicate":{"custom_model_data":670},"model":"modelengine:sabertooth_arctic/tail_end"},{"predicate":{"custom_model_data":671},"model":"modelengine:sabertooth_arctic/right_arm"},{"predicate":{"custom_model_data":672},"model":"modelengine:sabertooth_arctic/left_arm"},{"predicate":{"custom_model_data":673},"model":"modelengine:sabertooth_arctic/neck"},{"predicate":{"custom_model_data":674},"model":"modelengine:sabertooth_arctic/left_foot"},{"predicate":{"custom_model_data":675},"model":"modelengine:sabertooth_arctic/right_foot"},{"predicate":{"custom_model_data":676},"model":"modelengine:sabertooth_arctic/right_wrist"},{"predicate":{"custom_model_data":677},"model":"modelengine:sabertooth_arctic/left_wrist"},{"predicate":{"custom_model_data":678},"model":"modelengine:sabertooth_arctic/head"},{"predicate":{"custom_model_data":679},"model":"modelengine:sabertooth_arctic/right_hand"},{"predicate":{"custom_model_data":680},"model":"modelengine:sabertooth_arctic/left_hand"},{"predicate":{"custom_model_data":681},"model":"modelengine:sabertooth_arctic/jaw"},{"predicate":{"custom_model_data":682},"model":"modelengine:sabertooth_midnight/upper_body"},{"predicate":{"custom_model_data":683},"model":"modelengine:sabertooth_midnight/left_thigh"},{"predicate":{"custom_model_data":684},"model":"modelengine:sabertooth_midnight/right_thigh"},{"predicate":{"custom_model_data":685},"model":"modelengine:sabertooth_midnight/tail"},{"predicate":{"custom_model_data":686},"model":"modelengine:sabertooth_midnight/stomach"},{"predicate":{"custom_model_data":687},"model":"modelengine:sabertooth_midnight/left_leg"},{"predicate":{"custom_model_data":688},"model":"modelengine:sabertooth_midnight/right_leg"},{"predicate":{"custom_model_data":689},"model":"modelengine:sabertooth_midnight/tail_mid"},{"predicate":{"custom_model_data":690},"model":"modelengine:sabertooth_midnight/chest"},{"predicate":{"custom_model_data":691},"model":"modelengine:sabertooth_midnight/left_ankle"},{"predicate":{"custom_model_data":692},"model":"modelengine:sabertooth_midnight/right_ankle"},{"predicate":{"custom_model_data":693},"model":"modelengine:sabertooth_midnight/tail_end"},{"predicate":{"custom_model_data":694},"model":"modelengine:sabertooth_midnight/right_arm"},{"predicate":{"custom_model_data":695},"model":"modelengine:sabertooth_midnight/left_arm"},{"predicate":{"custom_model_data":696},"model":"modelengine:sabertooth_midnight/neck"},{"predicate":{"custom_model_data":697},"model":"modelengine:sabertooth_midnight/left_foot"},{"predicate":{"custom_model_data":698},"model":"modelengine:sabertooth_midnight/right_foot"},{"predicate":{"custom_model_data":699},"model":"modelengine:sabertooth_midnight/right_wrist"},{"predicate":{"custom_model_data":700},"model":"modelengine:sabertooth_midnight/left_wrist"},{"predicate":{"custom_model_data":701},"model":"modelengine:sabertooth_midnight/head"},{"predicate":{"custom_model_data":702},"model":"modelengine:sabertooth_midnight/right_hand"},{"predicate":{"custom_model_data":703},"model":"modelengine:sabertooth_midnight/left_hand"},{"predicate":{"custom_model_data":704},"model":"modelengine:sabertooth_midnight/jaw"},{"predicate":{"custom_model_data":705},"model":"modelengine:sabertooth_savanna/upper_body"},{"predicate":{"custom_model_data":706},"model":"modelengine:sabertooth_savanna/left_thigh"},{"predicate":{"custom_model_data":707},"model":"modelengine:sabertooth_savanna/right_thigh"},{"predicate":{"custom_model_data":708},"model":"modelengine:sabertooth_savanna/tail"},{"predicate":{"custom_model_data":709},"model":"modelengine:sabertooth_savanna/stomach"},{"predicate":{"custom_model_data":710},"model":"modelengine:sabertooth_savanna/left_leg"},{"predicate":{"custom_model_data":711},"model":"modelengine:sabertooth_savanna/right_leg"},{"predicate":{"custom_model_data":712},"model":"modelengine:sabertooth_savanna/tail_mid"},{"predicate":{"custom_model_data":713},"model":"modelengine:sabertooth_savanna/chest"},{"predicate":{"custom_model_data":714},"model":"modelengine:sabertooth_savanna/left_ankle"},{"predicate":{"custom_model_data":715},"model":"modelengine:sabertooth_savanna/right_ankle"},{"predicate":{"custom_model_data":716},"model":"modelengine:sabertooth_savanna/tail_end"},{"predicate":{"custom_model_data":717},"model":"modelengine:sabertooth_savanna/right_arm"},{"predicate":{"custom_model_data":718},"model":"modelengine:sabertooth_savanna/left_arm"},{"predicate":{"custom_model_data":719},"model":"modelengine:sabertooth_savanna/neck"},{"predicate":{"custom_model_data":720},"model":"modelengine:sabertooth_savanna/left_foot"},{"predicate":{"custom_model_data":721},"model":"modelengine:sabertooth_savanna/right_foot"},{"predicate":{"custom_model_data":722},"model":"modelengine:sabertooth_savanna/right_wrist"},{"predicate":{"custom_model_data":723},"model":"modelengine:sabertooth_savanna/left_wrist"},{"predicate":{"custom_model_data":724},"model":"modelengine:sabertooth_savanna/head"},{"predicate":{"custom_model_data":725},"model":"modelengine:sabertooth_savanna/right_hand"},{"predicate":{"custom_model_data":726},"model":"modelengine:sabertooth_savanna/left_hand"},{"predicate":{"custom_model_data":727},"model":"modelengine:sabertooth_savanna/jaw"}],"parent":"minecraft:item/generated","textures":{"layer0":"minecraft:item/leather_horse_armor"}}