{"textures":{"0":"modelengine:entity/nocsy_mount_ram"},"elements":[{"from":[13.071944,-6.476492,-4.789833],"to":[13.071944,1.5235081,5.2101674],"faces":{"east":{"uv":[4.0,4.5625,4.625,5.0625],"tintindex":0,"rotation":0,"texture":"#0"},"west":{"uv":[4.625,3.5625,5.25,4.0625],"tintindex":0,"rotation":0,"texture":"#0"}},"rotation":{"origin":[8.071944,1.0235081,0.21016741],"angle":22.5,"axis":"z"}},{"from":[3.5,2.3988647,5.2101674],"to":[12.5,10.398865,21.210167],"faces":{"east":{"uv":[0.0,2.3125,1.0,2.8125],"tintindex":0,"rotation":0,"texture":"#0"},"south":{"uv":[1.875,4.6875,2.4375,5.1875],"tintindex":0,"rotation":0,"texture":"#0"},"north":{"uv":[0.0,4.6875,0.5625,5.1875],"tintindex":0,"rotation":0,"texture":"#0"},"west":{"uv":[1.0625,2.5625,2.0625,3.0625],"tintindex":0,"rotation":0,"texture":"#0"},"up":{"uv":[2.1875,2.5,1.625,1.5],"tintindex":0,"rotation":0,"texture":"#0"},"down":{"uv":[2.8125,1.5,2.25,2.5],"tintindex":0,"rotation":0,"texture":"#0"}}},{"from":[2.9280558,-6.476492,-4.789833],"to":[2.9280558,1.5235081,5.2101674],"faces":{"east":{"uv":[4.5625,0.5625,5.1875,1.0625],"tintindex":0,"rotation":0,"texture":"#0"},"west":{"uv":[4.5625,1.125,5.1875,1.625],"tintindex":0,"rotation":0,"texture":"#0"}},"rotation":{"origin":[7.928056,1.0235081,0.21016741],"angle":-22.5,"axis":"z"}},{"from":[3.5,-6.2475815,2.427682],"to":[12.5,-6.2475815,7.4276814],"faces":{"up":{"uv":[6.875,4.25,6.3125,3.9375],"tintindex":0,"rotation":0,"texture":"#0"},"down":{"uv":[6.875,4.3125,6.3125,4.625],"tintindex":0,"rotation":0,"texture":"#0"}},"rotation":{"origin":[8.5,-1.2475815,6.9276814],"angle":45.0,"axis":"x"}},{"from":[5.5,-4.2079782,23.857279],"to":[10.5,6.792021,23.857279],"faces":{"south":{"uv":[6.125,6.0,6.4375,6.6875],"tintindex":0,"rotation":0,"texture":"#0"},"north":{"uv":[0.875,6.0625,1.1875,6.75],"tintindex":0,"rotation":0,"texture":"#0"}},"rotation":{"origin":[8.0,4.3045845,23.766788],"angle":-22.5,"axis":"x"}},{"from":[2.9280558,-1.4764919,-4.789833],"to":[2.9280558,6.523508,5.2101674],"faces":{"east":{"uv":[4.25,3.0,4.875,3.5],"tintindex":0,"rotation":0,"texture":"#0"},"west":{"uv":[4.5625,0.0,5.1875,0.5],"tintindex":0,"rotation":0,"texture":"#0"}},"rotation":{"origin":[7.928056,6.023508,0.21016741],"angle":-22.5,"axis":"z"}},{"from":[3.5,-1.4492769,21.97461],"to":[12.5,2.550723,21.97461],"faces":{"south":{"uv":[5.625,7.375,6.1875,7.625],"tintindex":0,"rotation":0,"texture":"#0"},"north":{"uv":[5.0,7.375,5.5625,7.625],"tintindex":0,"rotation":0,"texture":"#0"}},"rotation":{"origin":[8.0,0.5507231,21.97461],"angle":-22.5,"axis":"x"}},{"from":[13.071944,-1.4764919,-4.789833],"to":[13.071944,6.523508,5.2101674],"faces":{"east":{"uv":[4.5625,1.6875,5.1875,2.1875],"tintindex":0,"rotation":0,"texture":"#0"},"west":{"uv":[4.5625,2.25,5.1875,2.75],"tintindex":0,"rotation":0,"texture":"#0"}},"rotation":{"origin":[8.071944,6.023508,0.21016741],"angle":22.5,"axis":"z"}},{"from":[0.6827121,-2.1645966,5.2101674],"to":[0.6827121,4.8354034,21.210167],"faces":{"east":{"uv":[2.875,0.5,3.875,0.9375],"tintindex":0,"rotation":0,"texture":"#0"},"west":{"uv":[2.875,1.0,3.875,1.4375],"tintindex":0,"rotation":0,"texture":"#0"}},"rotation":{"origin":[3.5077124,-1.9645967,13.210167],"angle":-22.5,"axis":"z"}},{"from":[5.5,2.9565887,19.072598],"to":[10.5,8.956589,22.072598],"faces":{"east":{"uv":[6.25,6.75,6.4375,7.125],"tintindex":0,"rotation":0,"texture":"#0"},"south":{"uv":[8.0625,1.875,8.375,2.25],"tintindex":0,"rotation":0,"texture":"#0"},"north":{"uv":[5.875,8.0,6.1875,8.375],"tintindex":0,"rotation":0,"texture":"#0"},"west":{"uv":[4.4375,8.1875,4.625,8.5625],"tintindex":0,"rotation":0,"texture":"#0"},"up":{"uv":[8.8125,1.625,8.5,1.4375],"tintindex":0,"rotation":0,"texture":"#0"},"down":{"uv":[8.8125,2.6875,8.5,2.875],"tintindex":0,"rotation":0,"texture":"#0"}},"rotation":{"origin":[8.0,4.3045845,23.766788],"angle":22.5,"axis":"x"}},{"from":[3.51,0.06571937,1.2201674],"to":[12.49,4.045719,9.200167],"faces":{"east":{"uv":[7.9375,3.3125,8.4375,3.5625],"tintindex":0,"rotation":0,"texture":"#0"},"south":{"uv":[7.375,6.25,7.9375,6.5],"tintindex":0,"rotation":0,"texture":"#0"},"north":{"uv":[7.375,5.9375,7.9375,6.1875],"tintindex":0,"rotation":0,"texture":"#0"},"west":{"uv":[8.0,4.5625,8.5,4.8125],"tintindex":0,"rotation":0,"texture":"#0"},"up":{"uv":[3.0625,5.1875,2.5,4.6875],"tintindex":0,"rotation":0,"texture":"#0"},"down":{"uv":[3.6875,4.6875,3.125,5.1875],"tintindex":0,"rotation":0,"texture":"#0"}},"rotation":{"origin":[8.5,4.0557194,5.2101674],"angle":-45.0,"axis":"x"}},{"from":[3.5,-1.6011353,-4.789833],"to":[12.5,10.398865,5.2101674],"faces":{"east":{"uv":[2.125,2.5625,2.75,3.3125],"tintindex":0,"rotation":0,"texture":"#0"},"south":{"uv":[2.125,3.875,2.6875,4.625],"tintindex":0,"rotation":0,"texture":"#0"},"north":{"uv":[0.0,3.875,0.5625,4.625],"tintindex":0,"rotation":0,"texture":"#0"},"west":{"uv":[2.8125,2.5625,3.4375,3.3125],"tintindex":0,"rotation":0,"texture":"#0"},"up":{"uv":[4.5,2.25,3.9375,1.625],"tintindex":0,"rotation":0,"texture":"#0"},"down":{"uv":[4.5625,3.875,4.0,4.5],"tintindex":0,"rotation":0,"texture":"#0"}}},{"from":[3.5,1.0988646,-4.789833],"to":[12.5,8.0988655,-4.789833],"faces":{"south":{"uv":[5.25,1.0625,5.8125,1.5],"tintindex":0,"rotation":0,"texture":"#0"},"north":{"uv":[5.25,0.5625,5.8125,1.0],"tintindex":0,"rotation":0,"texture":"#0"}},"rotation":{"origin":[8.0,8.0988655,-4.789833],"angle":22.5,"axis":"x"}},{"from":[0.6827121,0.83540344,5.2101674],"to":[0.6827121,7.8354034,21.210167],"faces":{"east":{"uv":[2.875,1.5,3.875,1.9375],"tintindex":0,"rotation":0,"texture":"#0"},"west":{"uv":[2.875,2.0,3.875,2.4375],"tintindex":0,"rotation":0,"texture":"#0"}},"rotation":{"origin":[3.5077124,1.0354033,13.210167],"angle":-22.5,"axis":"z"}},{"from":[15.317287,0.83540344,5.2101674],"to":[15.317287,7.8354034,21.210167],"faces":{"east":{"uv":[1.0625,3.125,2.0625,3.5625],"tintindex":0,"rotation":0,"texture":"#0"},"west":{"uv":[0.0,3.375,1.0,3.8125],"tintindex":0,"rotation":0,"texture":"#0"}},"rotation":{"origin":[12.492288,1.0354033,13.210167],"angle":22.5,"axis":"z"}},{"from":[15.317287,-2.1645966,5.2101674],"to":[15.317287,4.8354034,21.210167],"faces":{"east":{"uv":[2.125,3.375,3.125,3.8125],"tintindex":0,"rotation":0,"texture":"#0"},"west":{"uv":[3.1875,3.375,4.1875,3.8125],"tintindex":0,"rotation":0,"texture":"#0"}},"rotation":{"origin":[12.492288,-1.9645967,13.210167],"angle":22.5,"axis":"z"}},{"from":[12.5,-4.6011353,5.2101674],"to":[12.5,2.3988647,21.210167],"faces":{"east":{"uv":[3.5,2.5,4.5,2.9375],"tintindex":0,"rotation":0,"texture":"#0"},"west":{"uv":[1.0625,3.625,2.0625,4.0625],"tintindex":0,"rotation":0,"texture":"#0"}}},{"from":[3.5,-5.6011353,-4.789833],"to":[12.5,3.3988647,-4.789833],"faces":{"south":{"uv":[1.25,4.125,1.8125,4.6875],"tintindex":0,"rotation":0,"texture":"#0"},"north":{"uv":[0.625,4.125,1.1875,4.6875],"tintindex":0,"rotation":0,"texture":"#0"}},"rotation":{"origin":[8.0,3.3988647,-4.789833],"angle":22.5,"axis":"x"}},{"from":[3.51,4.2624187,-3.5262797],"to":[12.49,16.242418,8.45372],"faces":{"east":{"uv":[0.0,1.5,0.75,2.25],"tintindex":0,"rotation":0,"texture":"#0"},"south":{"uv":[3.375,3.875,3.9375,4.625],"tintindex":0,"rotation":0,"texture":"#0"},"north":{"uv":[2.75,3.875,3.3125,4.625],"tintindex":0,"rotation":0,"texture":"#0"},"west":{"uv":[0.8125,1.5,1.5625,2.25],"tintindex":0,"rotation":0,"texture":"#0"},"up":{"uv":[4.5,0.75,3.9375,0.0],"tintindex":0,"rotation":0,"texture":"#0"},"down":{"uv":[4.5,0.8125,3.9375,1.5625],"tintindex":0,"rotation":0,"texture":"#0"}},"rotation":{"origin":[9.0,10.7524185,1.4637208],"angle":45.0,"axis":"x"}},{"from":[8.0,2.3988647,-9.789833],"to":[8.0,25.398865,12.210167],"faces":{"east":{"uv":[0.0,0.0,1.375,1.4375],"tintindex":0,"rotation":0,"texture":"#0"},"west":{"uv":[1.4375,0.0,2.8125,1.4375],"tintindex":0,"rotation":0,"texture":"#0"}}},{"from":[3.5,-6.2475815,-2.572319],"to":[12.5,-6.2475815,2.427682],"faces":{"up":{"uv":[4.0625,3.3125,3.5,3.0],"tintindex":0,"rotation":0,"texture":"#0"},"down":{"uv":[6.875,0.9375,6.3125,1.25],"tintindex":0,"rotation":0,"texture":"#0"}},"rotation":{"origin":[8.5,-1.2475815,1.9276819],"angle":45.0,"axis":"x"}},{"from":[3.5,-4.6011353,5.2101674],"to":[3.5,2.3988647,21.210167],"faces":{"east":{"uv":[0.0,2.875,1.0,3.3125],"tintindex":0,"rotation":0,"texture":"#0"},"west":{"uv":[2.875,0.0,3.875,0.4375],"tintindex":0,"rotation":0,"texture":"#0"}}},{"from":[5.5,-2.2079782,25.857279],"to":[10.5,8.792021,25.857279],"faces":{"south":{"uv":[0.5,6.0625,0.8125,6.75],"tintindex":0,"rotation":0,"texture":"#0"},"north":{"uv":[5.75,6.0,6.0625,6.6875],"tintindex":0,"rotation":0,"texture":"#0"}},"rotation":{"origin":[8.0,4.3045845,23.766788],"angle":-22.5,"axis":"x"}}],"display":{"gui":{"rotation":[30,225,0]}}}