{"textures":{"0":"modelengine:entity/nocsy_mount_ram"},"elements":[{"from":[11.5,15.24169,-1.1381359],"to":[12.5,16.24169,5.861863],"faces":{"east":{"uv":[8.625,0.9375,9.0625,1.0],"tintindex":0,"rotation":0,"texture":"#0"},"south":{"uv":[7.4375,1.1875,7.5,1.25],"tintindex":0,"rotation":0,"texture":"#0"},"north":{"uv":[4.0625,7.375,4.125,7.4375],"tintindex":0,"rotation":0,"texture":"#0"},"west":{"uv":[8.625,2.5,9.0625,2.5625],"tintindex":0,"rotation":0,"texture":"#0"},"up":{"uv":[4.625,9.0625,4.5625,8.625],"tintindex":0,"rotation":0,"texture":"#0"},"down":{"uv":[3.5,8.6875,3.4375,9.125],"tintindex":0,"rotation":0,"texture":"#0"}}},{"from":[4.5,10.24169,-5.638136],"to":[11.5,16.24169,-2.638136],"faces":{"east":{"uv":[3.75,4.6875,3.9375,5.0625],"tintindex":0,"rotation":0,"texture":"#0"},"south":{"uv":[6.8125,3.4375,7.25,3.8125],"tintindex":0,"rotation":0,"texture":"#0"},"north":{"uv":[6.8125,0.4375,7.25,0.8125],"tintindex":0,"rotation":0,"texture":"#0"},"west":{"uv":[1.625,4.75,1.8125,5.125],"tintindex":0,"rotation":0,"texture":"#0"},"up":{"uv":[1.5,2.5,1.0625,2.3125],"tintindex":0,"rotation":0,"texture":"#0"},"down":{"uv":[8.25,7.1875,7.8125,7.375],"tintindex":0,"rotation":0,"texture":"#0"}}},{"from":[8.25,10.24169,-1.6381359],"to":[12.25,13.24169,4.361863],"faces":{"east":{"uv":[2.4375,9.5,2.0625,9.6875],"tintindex":0,"rotation":0,"texture":"#0"},"south":{"uv":[4.0625,9.5625,3.8125,9.75],"tintindex":0,"rotation":0,"texture":"#0"},"north":{"uv":[3.8125,9.5625,4.0625,9.75],"tintindex":0,"rotation":0,"texture":"#0"},"west":{"uv":[5.3125,4.125,4.6875,4.5625],"tintindex":0,"rotation":0,"texture":"#0"},"up":{"uv":[1.25,9.9375,1.5,9.5625],"tintindex":0,"rotation":0,"texture":"#0"},"down":{"uv":[3.0625,9.5,3.3125,9.875],"tintindex":0,"rotation":0,"texture":"#0"}},"rotation":{"origin":[7.5,16.24169,1.3618641],"angle":22.5,"axis":"y"}},{"from":[3.75,10.24169,-1.6381359],"to":[7.75,13.24169,4.361863],"faces":{"east":{"uv":[4.6875,4.125,5.3125,4.5625],"tintindex":0,"rotation":0,"texture":"#0"},"south":{"uv":[3.8125,9.5625,4.0625,9.75],"tintindex":0,"rotation":0,"texture":"#0"},"north":{"uv":[4.0625,9.5625,3.8125,9.75],"tintindex":0,"rotation":0,"texture":"#0"},"west":{"uv":[2.0625,9.5,2.4375,9.6875],"tintindex":0,"rotation":0,"texture":"#0"},"up":{"uv":[1.5,9.9375,1.25,9.5625],"tintindex":0,"rotation":0,"texture":"#0"},"down":{"uv":[3.3125,9.5,3.0625,9.875],"tintindex":0,"rotation":0,"texture":"#0"}},"rotation":{"origin":[8.5,16.24169,1.3618641],"angle":-22.5,"axis":"y"}},{"from":[3.5,15.24169,-1.1381359],"to":[4.5,16.24169,5.861863],"faces":{"east":{"uv":[7.4375,3.3125,7.875,3.375],"tintindex":0,"rotation":0,"texture":"#0"},"south":{"uv":[7.3125,3.75,7.375,3.8125],"tintindex":0,"rotation":0,"texture":"#0"},"north":{"uv":[7.3125,0.75,7.375,0.8125],"tintindex":0,"rotation":0,"texture":"#0"},"west":{"uv":[8.5,1.6875,8.9375,1.75],"tintindex":0,"rotation":0,"texture":"#0"},"up":{"uv":[3.6875,5.6875,3.625,5.25],"tintindex":0,"rotation":0,"texture":"#0"},"down":{"uv":[3.6875,7.4375,3.625,7.875],"tintindex":0,"rotation":0,"texture":"#0"}}},{"from":[4.375,13.44169,-5.763136],"to":[5.375,14.94169,-4.763136],"faces":{"east":{"uv":[7.1875,7.5625,7.25,7.625],"tintindex":0,"rotation":0,"texture":"#0"},"south":{"uv":[7.6875,5.8125,7.75,5.875],"tintindex":0,"rotation":0,"texture":"#0"},"north":{"uv":[7.5625,1.1875,7.625,1.25],"tintindex":0,"rotation":0,"texture":"#0"},"west":{"uv":[6.0625,7.6875,6.125,7.75],"tintindex":0,"rotation":0,"texture":"#0"},"up":{"uv":[7.25,7.75,7.1875,7.6875],"tintindex":0,"rotation":0,"texture":"#0"},"down":{"uv":[7.875,5.8125,7.8125,5.875],"tintindex":0,"rotation":0,"texture":"#0"}}},{"from":[3.45,12.89169,-1.2881367],"to":[6.35,15.791688,1.6118634],"faces":{"east":{"uv":[2.4375,8.625,2.625,8.8125],"tintindex":0,"rotation":0,"texture":"#0"},"south":{"uv":[4.3125,8.625,4.5,8.8125],"tintindex":0,"rotation":0,"texture":"#0"},"north":{"uv":[4.75,6.5,4.9375,6.6875],"tintindex":0,"rotation":0,"texture":"#0"},"west":{"uv":[6.0625,8.625,6.25,8.8125],"tintindex":0,"rotation":0,"texture":"#0"},"up":{"uv":[8.8125,8.625,8.625,8.4375],"tintindex":0,"rotation":0,"texture":"#0"},"down":{"uv":[0.1875,8.6875,0.0,8.875],"tintindex":0,"rotation":0,"texture":"#0"}},"rotation":{"origin":[4.0,14.74169,1.8618641],"angle":-22.5,"axis":"y"}},{"from":[4.1727705,13.541689,-0.62311745],"to":[4.1727705,14.44169,0.6768818],"faces":{"east":{"uv":[4.875,2.8125,4.8125,2.875],"tintindex":0,"rotation":0,"texture":"#0"},"west":{"uv":[4.8125,2.8125,4.875,2.875],"tintindex":0,"rotation":0,"texture":"#0"}},"rotation":{"origin":[4.1727705,14.141689,-0.12311745],"angle":-22.5,"axis":"y"}},{"from":[4.5,9.24169,-2.638136],"to":[11.5,16.24169,7.361863],"faces":{"east":{"uv":[4.6875,4.125,5.3125,4.5625],"tintindex":0,"rotation":0,"texture":"#0"},"south":{"uv":[6.3125,3.4375,6.75,3.875],"tintindex":0,"rotation":0,"texture":"#0"},"north":{"uv":[6.3125,0.4375,6.75,0.875],"tintindex":0,"rotation":0,"texture":"#0"},"west":{"uv":[4.6875,4.625,5.3125,5.0625],"tintindex":0,"rotation":0,"texture":"#0"},"up":{"uv":[1.0625,5.375,0.625,4.75],"tintindex":0,"rotation":0,"texture":"#0"},"down":{"uv":[1.5625,4.75,1.125,5.375],"tintindex":0,"rotation":0,"texture":"#0"}}},{"from":[-1.5,8.302889,4.6250744],"to":[4.5,12.302889,4.6250744],"faces":{"south":{"uv":[8.125,5.25,8.5,5.5],"tintindex":0,"rotation":0,"texture":"#0"},"north":{"uv":[4.9375,8.125,5.3125,8.375],"tintindex":0,"rotation":0,"texture":"#0"}},"rotation":{"origin":[8.0,13.84219,5.261364],"angle":22.5,"axis":"x"}},{"from":[4.51,6.25169,2.371864],"to":[11.49,14.231689,10.351863],"faces":{"east":{"uv":[0.0,5.25,0.5,5.75],"tintindex":0,"rotation":0,"texture":"#0"},"south":{"uv":[2.0625,5.875,2.5,6.375],"tintindex":0,"rotation":0,"texture":"#0"},"north":{"uv":[1.5625,5.875,2.0,6.375],"tintindex":0,"rotation":0,"texture":"#0"},"west":{"uv":[5.25,0.0,5.75,0.5],"tintindex":0,"rotation":0,"texture":"#0"},"up":{"uv":[3.0,6.375,2.5625,5.875],"tintindex":0,"rotation":0,"texture":"#0"},"down":{"uv":[3.5,5.875,3.0625,6.375],"tintindex":0,"rotation":0,"texture":"#0"}}},{"from":[11.477791,12.84169,1.4474773],"to":[12.477791,15.841688,5.4474773],"faces":{"east":{"uv":[8.5625,4.5625,8.8125,4.75],"tintindex":0,"rotation":0,"texture":"#0"},"south":{"uv":[7.5625,5.375,7.625,5.5625],"tintindex":0,"rotation":0,"texture":"#0"},"north":{"uv":[7.4375,4.0625,7.5,4.25],"tintindex":0,"rotation":0,"texture":"#0"},"west":{"uv":[8.5625,5.5625,8.8125,5.75],"tintindex":0,"rotation":0,"texture":"#0"},"up":{"uv":[0.4375,6.6875,0.375,6.4375],"tintindex":0,"rotation":0,"texture":"#0"},"down":{"uv":[7.0,4.3125,6.9375,4.5625],"tintindex":0,"rotation":0,"texture":"#0"}}},{"from":[11.5,12.301889,0.62607384],"to":[17.5,12.301889,4.626075],"faces":{"up":{"uv":[8.5,6.8125,8.125,6.5625],"tintindex":0,"rotation":0,"texture":"#0"},"down":{"uv":[8.5,6.875,8.125,7.125],"tintindex":0,"rotation":0,"texture":"#0"}},"rotation":{"origin":[8.0,13.84219,5.261364],"angle":22.5,"axis":"x"}},{"from":[10.625,13.44169,-5.763136],"to":[11.625,14.94169,-4.763136],"faces":{"east":{"uv":[7.1875,7.8125,7.25,7.875],"tintindex":0,"rotation":0,"texture":"#0"},"south":{"uv":[7.875,1.0,7.9375,1.0625],"tintindex":0,"rotation":0,"texture":"#0"},"north":{"uv":[6.0625,7.8125,6.125,7.875],"tintindex":0,"rotation":0,"texture":"#0"},"west":{"uv":[1.875,7.875,1.9375,7.9375],"tintindex":0,"rotation":0,"texture":"#0"},"up":{"uv":[8.0,3.6875,7.9375,3.625],"tintindex":0,"rotation":0,"texture":"#0"},"down":{"uv":[8.0625,1.0,8.0,1.0625],"tintindex":0,"rotation":0,"texture":"#0"}}},{"from":[-1.5,12.301889,0.62607384],"to":[4.5,12.301889,4.626075],"faces":{"up":{"uv":[8.4375,3.125,8.0625,2.875],"tintindex":0,"rotation":0,"texture":"#0"},"down":{"uv":[8.4375,3.625,8.0625,3.875],"tintindex":0,"rotation":0,"texture":"#0"}},"rotation":{"origin":[8.0,13.84219,5.261364],"angle":22.5,"axis":"x"}},{"from":[9.650001,12.89169,-1.2881367],"to":[12.55,15.791688,1.6118634],"faces":{"east":{"uv":[2.9375,8.6875,3.125,8.875],"tintindex":0,"rotation":0,"texture":"#0"},"south":{"uv":[3.1875,8.6875,3.375,8.875],"tintindex":0,"rotation":0,"texture":"#0"},"north":{"uv":[2.6875,8.6875,2.875,8.875],"tintindex":0,"rotation":0,"texture":"#0"},"west":{"uv":[5.25,8.6875,5.4375,8.875],"tintindex":0,"rotation":0,"texture":"#0"},"up":{"uv":[5.6875,8.875,5.5,8.6875],"tintindex":0,"rotation":0,"texture":"#0"},"down":{"uv":[6.5,8.6875,6.3125,8.875],"tintindex":0,"rotation":0,"texture":"#0"}},"rotation":{"origin":[12.0,14.74169,1.8618641],"angle":22.5,"axis":"y"}},{"from":[11.8272295,13.541689,-0.62311745],"to":[11.8272295,14.44169,0.6768818],"faces":{"east":{"uv":[4.875,2.8125,4.8125,2.875],"tintindex":0,"rotation":0,"texture":"#0"},"west":{"uv":[4.8125,2.8125,4.875,2.875],"tintindex":0,"rotation":0,"texture":"#0"}},"rotation":{"origin":[11.8272295,14.141689,-0.12311745],"angle":22.5,"axis":"y"}},{"from":[11.5,8.302889,4.6250744],"to":[17.5,12.302889,4.6250744],"faces":{"south":{"uv":[4.0,8.1875,4.375,8.4375],"tintindex":0,"rotation":0,"texture":"#0"},"north":{"uv":[8.0,8.125,8.375,8.375],"tintindex":0,"rotation":0,"texture":"#0"}},"rotation":{"origin":[8.0,13.84219,5.261364],"angle":22.5,"axis":"x"}},{"from":[5.01,8.7103405,-5.450897],"to":[10.99,10.69034,-2.4708974],"faces":{"east":{"uv":[4.5625,2.8125,4.75,2.9375],"tintindex":0,"rotation":0,"texture":"#0"},"south":{"uv":[7.625,2.1875,8.0,2.3125],"tintindex":0,"rotation":0,"texture":"#0"},"north":{"uv":[3.9375,2.3125,4.3125,2.4375],"tintindex":0,"rotation":0,"texture":"#0"},"west":{"uv":[5.875,1.375,6.0625,1.5],"tintindex":0,"rotation":0,"texture":"#0"},"up":{"uv":[1.0,4.0625,0.625,3.875],"tintindex":0,"rotation":0,"texture":"#0"},"down":{"uv":[8.5,5.5625,8.125,5.75],"tintindex":0,"rotation":0,"texture":"#0"}}},{"from":[3.5222092,12.84169,1.4474773],"to":[4.522209,15.841688,5.4474773],"faces":{"east":{"uv":[7.75,1.5,8.0,1.6875],"tintindex":0,"rotation":0,"texture":"#0"},"south":{"uv":[4.1875,6.875,4.25,7.0625],"tintindex":0,"rotation":0,"texture":"#0"},"north":{"uv":[6.875,2.4375,6.9375,2.625],"tintindex":0,"rotation":0,"texture":"#0"},"west":{"uv":[8.5,3.6875,8.75,3.875],"tintindex":0,"rotation":0,"texture":"#0"},"up":{"uv":[4.1875,3.25,4.125,3.0],"tintindex":0,"rotation":0,"texture":"#0"},"down":{"uv":[5.6875,6.375,5.625,6.625],"tintindex":0,"rotation":0,"texture":"#0"}}}],"display":{"gui":{"rotation":[30,225,0]}}}