{"textures":{"0":"modelengine:entity/nocsy_mount_ram"},"elements":[{"from":[5.4984775,-1.005786,5.825517],"to":[10.498478,2.994214,9.825518],"faces":{"east":{"uv":[8.4375,8.125,8.6875,8.375],"tintindex":0,"rotation":0,"texture":"#0"},"south":{"uv":[8.3125,7.1875,8.625,7.4375],"tintindex":0,"rotation":0,"texture":"#0"},"north":{"uv":[4.25,3.5625,4.5625,3.8125],"tintindex":0,"rotation":0,"texture":"#0"},"west":{"uv":[8.3125,8.4375,8.5625,8.6875],"tintindex":0,"rotation":0,"texture":"#0"},"up":{"uv":[8.6875,1.375,8.375,1.125],"tintindex":0,"rotation":0,"texture":"#0"},"down":{"uv":[3.125,8.375,2.8125,8.625],"tintindex":0,"rotation":0,"texture":"#0"}}},{"from":[6.1,0.9945183,6.7906566],"to":[10.1,9.994518,10.790656],"faces":{"east":{"uv":[7.6875,7.75,7.9375,8.3125],"tintindex":0,"rotation":0,"texture":"#0"},"south":{"uv":[7.8125,6.5625,8.0625,7.125],"tintindex":0,"rotation":0,"texture":"#0"},"north":{"uv":[3.3125,7.75,3.5625,8.3125],"tintindex":0,"rotation":0,"texture":"#0"},"west":{"uv":[0.3125,7.875,0.5625,8.4375],"tintindex":0,"rotation":0,"texture":"#0"},"up":{"uv":[8.6875,8.0625,8.4375,7.8125],"tintindex":0,"rotation":0,"texture":"#0"},"down":{"uv":[8.25,8.4375,8.0,8.6875],"tintindex":0,"rotation":0,"texture":"#0"}}}],"display":{"gui":{"rotation":[30,225,0]}}}