{"textures":{"0":"modelengine:entity/nocsy_mount_ram"},"elements":[{"from":[4.560896,5.5,2.1938534],"to":[10.560896,10.5,11.193853],"faces":{"east":{"uv":[6.375,2.6875,6.9375,3.0],"tintindex":0,"rotation":0,"texture":"#0"},"south":{"uv":[5.4375,8.0,5.8125,8.3125],"tintindex":0,"rotation":0,"texture":"#0"},"north":{"uv":[8.0,4.875,8.375,5.1875],"tintindex":0,"rotation":0,"texture":"#0"},"west":{"uv":[6.375,3.0625,6.9375,3.375],"tintindex":0,"rotation":0,"texture":"#0"},"up":{"uv":[6.25,4.625,5.875,4.0625],"tintindex":0,"rotation":0,"texture":"#0"},"down":{"uv":[6.3125,2.8125,5.9375,3.375],"tintindex":0,"rotation":0,"texture":"#0"}},"rotation":{"origin":[7.2608967,6.0,7.6938534],"angle":-22.5,"axis":"y"}},{"from":[-1.2120152,3.730915,2.5730228],"to":[1.7879848,11.730915,5.573024],"faces":{"east":{"uv":[5.0,5.8125,5.1875,6.3125],"tintindex":0,"rotation":0,"texture":"#0"},"south":{"uv":[4.6875,8.0,4.875,8.5],"tintindex":0,"rotation":0,"texture":"#0"},"north":{"uv":[1.875,4.125,2.0625,4.625],"tintindex":0,"rotation":0,"texture":"#0"},"west":{"uv":[7.125,8.0,7.3125,8.5],"tintindex":0,"rotation":0,"texture":"#0"},"up":{"uv":[6.75,8.875,6.5625,8.6875],"tintindex":0,"rotation":0,"texture":"#0"},"down":{"uv":[7.0,8.6875,6.8125,8.875],"tintindex":0,"rotation":0,"texture":"#0"}},"rotation":{"origin":[1.3129854,3.730915,6.573024],"angle":-22.5,"axis":"x"}},{"from":[1.1246424,4.0,5.728056],"to":[10.124643,9.0,11.728056],"faces":{"east":{"uv":[8.0,5.8125,8.375,6.125],"tintindex":0,"rotation":0,"texture":"#0"},"south":{"uv":[1.25,6.4375,1.8125,6.75],"tintindex":0,"rotation":0,"texture":"#0"},"north":{"uv":[5.0,6.375,5.5625,6.6875],"tintindex":0,"rotation":0,"texture":"#0"},"west":{"uv":[8.0,6.1875,8.375,6.5],"tintindex":0,"rotation":0,"texture":"#0"},"up":{"uv":[6.8125,1.75,6.25,1.375],"tintindex":0,"rotation":0,"texture":"#0"},"down":{"uv":[6.8125,1.8125,6.25,2.1875],"tintindex":0,"rotation":0,"texture":"#0"}},"rotation":{"origin":[5.6246433,4.0,12.428056],"angle":22.5,"axis":"z"}},{"from":[-0.09922218,1.7309151,3.4280558],"to":[3.9007778,5.730915,12.428056],"faces":{"east":{"uv":[7.0625,5.625,7.625,5.875],"tintindex":0,"rotation":0,"texture":"#0"},"south":{"uv":[6.8125,8.375,7.0625,8.625],"tintindex":0,"rotation":0,"texture":"#0"},"north":{"uv":[6.5,8.375,6.75,8.625],"tintindex":0,"rotation":0,"texture":"#0"},"west":{"uv":[6.75,7.25,7.3125,7.5],"tintindex":0,"rotation":0,"texture":"#0"},"up":{"uv":[0.25,7.625,0.0,7.0625],"tintindex":0,"rotation":0,"texture":"#0"},"down":{"uv":[7.5625,1.75,7.3125,2.3125],"tintindex":0,"rotation":0,"texture":"#0"}},"rotation":{"origin":[-1.799223,3.6309147,8.728056],"angle":22.5,"axis":"y"}}],"display":{"gui":{"rotation":[30,225,0]}}}