{"textures":{"0":"modelengine:entity/nocsy_mount_ram"},"elements":[{"from":[4.6000004,-0.02308178,9.002435],"to":[7.6,4.9769187,13.002434],"faces":{"east":{"uv":[5.375,4.75,5.625,5.0625],"tintindex":0,"rotation":0,"texture":"#0"},"south":{"uv":[8.5,2.9375,8.6875,3.25],"tintindex":0,"rotation":0,"texture":"#0"},"north":{"uv":[1.5625,8.5,1.75,8.8125],"tintindex":0,"rotation":0,"texture":"#0"},"west":{"uv":[1.25,6.0625,1.5,6.375],"tintindex":0,"rotation":0,"texture":"#0"},"up":{"uv":[8.75,6.6875,8.5625,6.4375],"tintindex":0,"rotation":0,"texture":"#0"},"down":{"uv":[8.75,6.75,8.5625,7.0],"tintindex":0,"rotation":0,"texture":"#0"}},"rotation":{"origin":[7.5,0.9769187,8.002435],"angle":45.0,"axis":"x"}},{"from":[6.01,1.9869187,3.0124347],"to":[9.99,5.9669185,11.992434],"faces":{"east":{"uv":[3.0,7.4375,3.5625,7.6875],"tintindex":0,"rotation":0,"texture":"#0"},"south":{"uv":[5.75,8.4375,6.0,8.6875],"tintindex":0,"rotation":0,"texture":"#0"},"north":{"uv":[4.9375,8.4375,5.1875,8.6875],"tintindex":0,"rotation":0,"texture":"#0"},"west":{"uv":[7.4375,3.75,8.0,4.0],"tintindex":0,"rotation":0,"texture":"#0"},"up":{"uv":[7.625,8.0,7.375,7.4375],"tintindex":0,"rotation":0,"texture":"#0"},"down":{"uv":[4.3125,7.5625,4.0625,8.125],"tintindex":0,"rotation":0,"texture":"#0"}},"rotation":{"origin":[7.5,0.9769187,8.002435],"angle":45.0,"axis":"x"}},{"from":[8.1,-0.02308178,9.002435],"to":[11.1,4.9769187,13.002434],"faces":{"east":{"uv":[7.375,8.0625,7.625,8.375],"tintindex":0,"rotation":0,"texture":"#0"},"south":{"uv":[3.5625,8.5,3.75,8.8125],"tintindex":0,"rotation":0,"texture":"#0"},"north":{"uv":[8.5,3.3125,8.6875,3.625],"tintindex":0,"rotation":0,"texture":"#0"},"west":{"uv":[0.0,8.3125,0.25,8.625],"tintindex":0,"rotation":0,"texture":"#0"},"up":{"uv":[7.3125,8.8125,7.125,8.5625],"tintindex":0,"rotation":0,"texture":"#0"},"down":{"uv":[8.8125,0.0,8.625,0.25],"tintindex":0,"rotation":0,"texture":"#0"}},"rotation":{"origin":[7.5,0.9769187,8.002435],"angle":45.0,"axis":"x"}}],"display":{"gui":{"rotation":[30,225,0]}}}