{"textures":{"0":"modelengine:entity/nocsy_mount_ram"},"elements":[{"from":[5.0940795,0.39884782,4.219034],"to":[11.114079,6.418848,4.2390347],"faces":{"south":{"uv":[7.375,7.0,7.75,7.375],"tintindex":0,"rotation":0,"texture":"#0"},"north":{"uv":[7.375,6.5625,7.75,6.9375],"tintindex":0,"rotation":0,"texture":"#0"}},"rotation":{"origin":[8.104079,5.3088484,8.654034],"angle":22.5,"axis":"x"}},{"from":[4.245997,1.7660019,4.9662356],"to":[4.2659974,7.786003,11.986237],"faces":{"east":{"uv":[6.875,6.8125,7.3125,7.1875],"tintindex":0,"rotation":0,"texture":"#0"},"west":{"uv":[6.9375,0.0,7.375,0.375],"tintindex":0,"rotation":0,"texture":"#0"}},"rotation":{"origin":[5.030997,5.7260017,8.476236],"angle":-22.5,"axis":"z"}},{"from":[5.0899997,-0.14040448,4.966235],"to":[11.110001,9.879597,11.986237],"faces":{"east":{"uv":[4.9375,2.8125,5.375,3.4375],"tintindex":0,"rotation":0,"texture":"#0"},"south":{"uv":[4.5625,5.8125,4.9375,6.4375],"tintindex":0,"rotation":0,"texture":"#0"},"north":{"uv":[4.125,5.8125,4.5,6.4375],"tintindex":0,"rotation":0,"texture":"#0"},"west":{"uv":[3.75,5.125,4.1875,5.75],"tintindex":0,"rotation":0,"texture":"#0"},"up":{"uv":[7.25,2.375,6.875,1.9375],"tintindex":0,"rotation":0,"texture":"#0"},"down":{"uv":[4.125,6.875,3.75,7.3125],"tintindex":0,"rotation":0,"texture":"#0"}}},{"from":[11.61137,3.3451903,4.966072],"to":[11.631371,9.3651905,11.986073],"faces":{"east":{"uv":[6.9375,0.875,7.375,1.25],"tintindex":0,"rotation":0,"texture":"#0"},"west":{"uv":[6.9375,3.875,7.375,4.25],"tintindex":0,"rotation":0,"texture":"#0"}},"rotation":{"origin":[22.59637,5.80519,8.476072],"angle":22.5,"axis":"z"}},{"from":[6.1,-1.8555298,5.2440023],"to":[10.1,2.1444693,14.244003],"faces":{"east":{"uv":[2.0625,7.4375,2.625,7.6875],"tintindex":0,"rotation":0,"texture":"#0"},"south":{"uv":[8.4375,4.875,8.6875,5.125],"tintindex":0,"rotation":0,"texture":"#0"},"north":{"uv":[8.4375,1.875,8.6875,2.125],"tintindex":0,"rotation":0,"texture":"#0"},"west":{"uv":[7.4375,2.375,8.0,2.625],"tintindex":0,"rotation":0,"texture":"#0"},"up":{"uv":[2.9375,8.0,2.6875,7.4375],"tintindex":0,"rotation":0,"texture":"#0"},"down":{"uv":[7.6875,2.6875,7.4375,3.25],"tintindex":0,"rotation":0,"texture":"#0"}},"rotation":{"origin":[8.1,-0.6555309,9.744003],"angle":22.5,"axis":"x"}},{"from":[5.083678,-3.0215147,5.8476615],"to":[11.103678,2.9984853,5.867662],"faces":{"south":{"uv":[0.3125,7.4375,0.6875,7.8125],"tintindex":0,"rotation":0,"texture":"#0"},"north":{"uv":[7.4375,0.0,7.8125,0.375],"tintindex":0,"rotation":0,"texture":"#0"}},"rotation":{"origin":[8.0936775,6.138486,10.307661],"angle":22.5,"axis":"x"}},{"from":[5.0940795,-4.675495,11.330729],"to":[11.114079,1.3445051,11.350729],"faces":{"south":{"uv":[7.4375,0.75,7.8125,1.125],"tintindex":0,"rotation":0,"texture":"#0"},"north":{"uv":[0.75,7.4375,1.125,7.8125],"tintindex":0,"rotation":0,"texture":"#0"}},"rotation":{"origin":[8.104079,6.2345057,-4.8842707],"angle":-22.5,"axis":"x"}},{"from":[5.083678,-8.045858,9.727102],"to":[11.103678,-2.0258572,9.747103],"faces":{"south":{"uv":[1.625,7.4375,2.0,7.8125],"tintindex":0,"rotation":0,"texture":"#0"},"north":{"uv":[1.1875,7.4375,1.5625,7.8125],"tintindex":0,"rotation":0,"texture":"#0"}},"rotation":{"origin":[8.0936775,7.064143,-6.537897],"angle":-22.5,"axis":"x"}},{"from":[4.866711,-1.1022556,4.9894953],"to":[4.8867116,4.9177446,12.009497],"faces":{"east":{"uv":[6.875,5.9375,7.3125,6.3125],"tintindex":0,"rotation":0,"texture":"#0"},"west":{"uv":[6.875,6.375,7.3125,6.75],"tintindex":0,"rotation":0,"texture":"#0"}},"rotation":{"origin":[4.901711,4.357744,8.4994955],"angle":-22.5,"axis":"z"}}],"display":{"gui":{"rotation":[30,225,0]}}}