{"textures":{"0":"modelengine:entity/nocsy_mount_ram"},"elements":[{"from":[4.4980416,-4.898532,12.131314],"to":[9.518043,4.1214685,12.151315],"faces":{"south":{"uv":[6.6875,5.3125,7.0,5.875],"tintindex":0,"rotation":0,"texture":"#0"},"north":{"uv":[6.6875,4.6875,7.0,5.25],"tintindex":0,"rotation":0,"texture":"#0"}},"rotation":{"origin":[8.008041,4.186468,11.566315],"angle":-22.5,"axis":"x"}},{"from":[9.498049,-4.898532,5.131307],"to":[9.518049,4.1214685,12.151308],"faces":{"east":{"uv":[5.375,4.125,5.8125,4.6875],"tintindex":0,"rotation":0,"texture":"#0"},"west":{"uv":[0.5625,5.4375,1.0,6.0],"tintindex":0,"rotation":0,"texture":"#0"}},"rotation":{"origin":[8.933049,4.186468,8.641308],"angle":22.5,"axis":"z"}},{"from":[4.4980416,-7.1484165,2.9917343],"to":[9.518043,1.8715837,3.0117342],"faces":{"south":{"uv":[5.125,6.75,5.4375,7.3125],"tintindex":0,"rotation":0,"texture":"#0"},"north":{"uv":[4.75,6.75,5.0625,7.3125],"tintindex":0,"rotation":0,"texture":"#0"}},"rotation":{"origin":[8.008041,-0.7884159,17.726734],"angle":22.5,"axis":"x"}},{"from":[3.348035,-2.1735322,5.131307],"to":[3.368035,6.846469,12.151308],"faces":{"east":{"uv":[2.125,5.25,2.5625,5.8125],"tintindex":0,"rotation":0,"texture":"#0"},"west":{"uv":[5.25,2.1875,5.6875,2.75],"tintindex":0,"rotation":0,"texture":"#0"}},"rotation":{"origin":[5.083035,4.186468,8.641308],"angle":-22.5,"axis":"z"}},{"from":[4.49,0.29370046,5.131307],"to":[9.51,9.313701,12.151307],"faces":{"east":{"uv":[5.25,1.5625,5.6875,2.125],"tintindex":0,"rotation":0,"texture":"#0"},"south":{"uv":[4.375,6.5,4.6875,7.0625],"tintindex":0,"rotation":0,"texture":"#0"},"north":{"uv":[0.0,6.4375,0.3125,7.0],"tintindex":0,"rotation":0,"texture":"#0"},"west":{"uv":[1.625,5.25,2.0625,5.8125],"tintindex":0,"rotation":0,"texture":"#0"},"up":{"uv":[8.25,0.4375,7.9375,0.0],"tintindex":0,"rotation":0,"texture":"#0"},"down":{"uv":[8.25,0.5,7.9375,0.9375],"tintindex":0,"rotation":0,"texture":"#0"}}},{"from":[4.4980416,-9.873417,4.1417336],"to":[9.518043,-0.8534167,4.161734],"faces":{"south":{"uv":[5.875,6.75,6.1875,7.3125],"tintindex":0,"rotation":0,"texture":"#0"},"north":{"uv":[5.5,6.75,5.8125,7.3125],"tintindex":0,"rotation":0,"texture":"#0"}},"rotation":{"origin":[8.008041,-0.7884159,17.726734],"angle":22.5,"axis":"x"}},{"from":[4.498035,-4.898532,5.131307],"to":[4.5180354,4.1214685,12.151308],"faces":{"east":{"uv":[2.625,5.25,3.0625,5.8125],"tintindex":0,"rotation":0,"texture":"#0"},"west":{"uv":[3.125,5.25,3.5625,5.8125],"tintindex":0,"rotation":0,"texture":"#0"}},"rotation":{"origin":[5.083035,4.186468,8.641308],"angle":-22.5,"axis":"z"}},{"from":[10.648048,-2.1735322,5.131307],"to":[10.668049,6.846469,12.151308],"faces":{"east":{"uv":[5.25,5.125,5.6875,5.6875],"tintindex":0,"rotation":0,"texture":"#0"},"west":{"uv":[5.3125,3.5,5.75,4.0625],"tintindex":0,"rotation":0,"texture":"#0"}},"rotation":{"origin":[8.933049,4.186468,8.641308],"angle":22.5,"axis":"z"}},{"from":[4.4980416,-2.1735322,13.281314],"to":[9.518043,6.846469,13.301314],"faces":{"south":{"uv":[6.5,6.5625,6.8125,7.125],"tintindex":0,"rotation":0,"texture":"#0"},"north":{"uv":[6.5,5.9375,6.8125,6.5],"tintindex":0,"rotation":0,"texture":"#0"}},"rotation":{"origin":[8.008041,4.186468,11.566315],"angle":-22.5,"axis":"x"}}],"display":{"gui":{"rotation":[30,225,0]}}}