{"textures":{"0":"modelengine:entity/nocsy_mount_ram"},"elements":[{"from":[5.501522,-1.005786,5.825517],"to":[10.501522,2.994214,9.825518],"faces":{"east":{"uv":[0.9375,8.5,1.1875,8.75],"tintindex":0,"rotation":0,"texture":"#0"},"south":{"uv":[8.375,3.9375,8.6875,4.1875],"tintindex":0,"rotation":0,"texture":"#0"},"north":{"uv":[3.1875,8.375,3.5,8.625],"tintindex":0,"rotation":0,"texture":"#0"},"west":{"uv":[1.25,8.5,1.5,8.75],"tintindex":0,"rotation":0,"texture":"#0"},"up":{"uv":[8.6875,4.5,8.375,4.25],"tintindex":0,"rotation":0,"texture":"#0"},"down":{"uv":[5.6875,8.375,5.375,8.625],"tintindex":0,"rotation":0,"texture":"#0"}}},{"from":[5.9,0.9945183,6.7906566],"to":[9.9,9.994518,10.790656],"faces":{"east":{"uv":[0.9375,7.875,1.1875,8.4375],"tintindex":0,"rotation":0,"texture":"#0"},"south":{"uv":[1.25,7.875,1.5,8.4375],"tintindex":0,"rotation":0,"texture":"#0"},"north":{"uv":[0.625,7.875,0.875,8.4375],"tintindex":0,"rotation":0,"texture":"#0"},"west":{"uv":[1.5625,7.875,1.8125,8.4375],"tintindex":0,"rotation":0,"texture":"#0"},"up":{"uv":[0.5625,8.75,0.3125,8.5],"tintindex":0,"rotation":0,"texture":"#0"},"down":{"uv":[0.875,8.5,0.625,8.75],"tintindex":0,"rotation":0,"texture":"#0"}}}],"display":{"gui":{"rotation":[30,225,0]}}}