{"textures":{"0":"modelengine:entity/nocsy_mount_ram"},"elements":[{"from":[5.8753567,4.0,5.728056],"to":[14.875358,9.0,11.728056],"faces":{"east":{"uv":[8.0625,1.5,8.4375,1.8125],"tintindex":0,"rotation":0,"texture":"#0"},"south":{"uv":[3.75,6.5,4.3125,6.8125],"tintindex":0,"rotation":0,"texture":"#0"},"north":{"uv":[3.125,6.4375,3.6875,6.75],"tintindex":0,"rotation":0,"texture":"#0"},"west":{"uv":[1.875,8.0625,2.25,8.375],"tintindex":0,"rotation":0,"texture":"#0"},"up":{"uv":[6.8125,2.625,6.25,2.25],"tintindex":0,"rotation":0,"texture":"#0"},"down":{"uv":[6.875,0.0,6.3125,0.375],"tintindex":0,"rotation":0,"texture":"#0"}},"rotation":{"origin":[10.375357,4.0,12.428056],"angle":-22.5,"axis":"z"}},{"from":[14.212015,3.730915,2.5730228],"to":[17.212015,11.730915,5.573024],"faces":{"east":{"uv":[8.0625,2.3125,8.25,2.8125],"tintindex":0,"rotation":0,"texture":"#0"},"south":{"uv":[2.5625,8.0625,2.75,8.5625],"tintindex":0,"rotation":0,"texture":"#0"},"north":{"uv":[2.3125,8.0625,2.5,8.5625],"tintindex":0,"rotation":0,"texture":"#0"},"west":{"uv":[6.25,8.0625,6.4375,8.5625],"tintindex":0,"rotation":0,"texture":"#0"},"up":{"uv":[8.875,7.25,8.6875,7.0625],"tintindex":0,"rotation":0,"texture":"#0"},"down":{"uv":[7.875,8.6875,7.6875,8.875],"tintindex":0,"rotation":0,"texture":"#0"}},"rotation":{"origin":[14.687015,3.730915,6.573024],"angle":-22.5,"axis":"x"}},{"from":[5.4391036,5.5,2.1938534],"to":[11.439104,10.5,11.193853],"faces":{"east":{"uv":[1.875,6.4375,2.4375,6.75],"tintindex":0,"rotation":0,"texture":"#0"},"south":{"uv":[8.0,7.75,8.375,8.0625],"tintindex":0,"rotation":0,"texture":"#0"},"north":{"uv":[6.6875,8.0,7.0625,8.3125],"tintindex":0,"rotation":0,"texture":"#0"},"west":{"uv":[2.5,6.4375,3.0625,6.75],"tintindex":0,"rotation":0,"texture":"#0"},"up":{"uv":[6.625,5.25,6.25,4.6875],"tintindex":0,"rotation":0,"texture":"#0"},"down":{"uv":[6.625,5.3125,6.25,5.875],"tintindex":0,"rotation":0,"texture":"#0"}},"rotation":{"origin":[8.739103,6.0,7.6938534],"angle":22.5,"axis":"y"}},{"from":[12.099222,1.7309151,3.4280558],"to":[16.099222,5.730915,12.428056],"faces":{"east":{"uv":[7.3125,0.4375,7.875,0.6875],"tintindex":0,"rotation":0,"texture":"#0"},"south":{"uv":[1.875,8.4375,2.125,8.6875],"tintindex":0,"rotation":0,"texture":"#0"},"north":{"uv":[7.6875,8.375,7.9375,8.625],"tintindex":0,"rotation":0,"texture":"#0"},"west":{"uv":[7.3125,3.4375,7.875,3.6875],"tintindex":0,"rotation":0,"texture":"#0"},"up":{"uv":[4.0,7.9375,3.75,7.375],"tintindex":0,"rotation":0,"texture":"#0"},"down":{"uv":[4.9375,7.375,4.6875,7.9375],"tintindex":0,"rotation":0,"texture":"#0"}},"rotation":{"origin":[17.799223,3.6309147,8.728056],"angle":-22.5,"axis":"y"}}],"display":{"gui":{"rotation":[30,225,0]}}}