{"textures":{"0":"modelengine:entity/nocsy_mount_ram"},"elements":[{"from":[4.9,-0.02308178,9.002435],"to":[7.9,4.9769187,13.002434],"faces":{"east":{"uv":[8.3125,0.75,8.5625,1.0625],"tintindex":0,"rotation":0,"texture":"#0"},"south":{"uv":[8.5625,5.1875,8.75,5.5],"tintindex":0,"rotation":0,"texture":"#0"},"north":{"uv":[4.6875,8.5625,4.875,8.875],"tintindex":0,"rotation":0,"texture":"#0"},"west":{"uv":[8.3125,2.3125,8.5625,2.625],"tintindex":0,"rotation":0,"texture":"#0"},"up":{"uv":[2.375,8.875,2.1875,8.625],"tintindex":0,"rotation":0,"texture":"#0"},"down":{"uv":[8.8125,2.1875,8.625,2.4375],"tintindex":0,"rotation":0,"texture":"#0"}},"rotation":{"origin":[8.5,0.9769187,8.002435],"angle":45.0,"axis":"x"}},{"from":[8.4,-0.02308178,9.002435],"to":[11.4,4.9769187,13.002434],"faces":{"east":{"uv":[8.3125,0.0,8.5625,0.3125],"tintindex":0,"rotation":0,"texture":"#0"},"south":{"uv":[4.0625,8.5,4.25,8.8125],"tintindex":0,"rotation":0,"texture":"#0"},"north":{"uv":[3.8125,8.5,4.0,8.8125],"tintindex":0,"rotation":0,"texture":"#0"},"west":{"uv":[8.3125,0.375,8.5625,0.6875],"tintindex":0,"rotation":0,"texture":"#0"},"up":{"uv":[8.8125,0.5625,8.625,0.3125],"tintindex":0,"rotation":0,"texture":"#0"},"down":{"uv":[8.8125,0.625,8.625,0.875],"tintindex":0,"rotation":0,"texture":"#0"}},"rotation":{"origin":[8.5,0.9769187,8.002435],"angle":45.0,"axis":"x"}},{"from":[6.01,1.9869187,3.0124347],"to":[9.99,5.9669185,11.992434],"faces":{"east":{"uv":[7.75,1.1875,8.3125,1.4375],"tintindex":0,"rotation":0,"texture":"#0"},"south":{"uv":[8.4375,7.5,8.6875,7.75],"tintindex":0,"rotation":0,"texture":"#0"},"north":{"uv":[7.375,8.4375,7.625,8.6875],"tintindex":0,"rotation":0,"texture":"#0"},"west":{"uv":[2.0625,7.75,2.625,8.0],"tintindex":0,"rotation":0,"texture":"#0"},"up":{"uv":[8.0,3.25,7.75,2.6875],"tintindex":0,"rotation":0,"texture":"#0"},"down":{"uv":[3.25,7.75,3.0,8.3125],"tintindex":0,"rotation":0,"texture":"#0"}},"rotation":{"origin":[8.5,0.9769187,8.002435],"angle":45.0,"axis":"x"}}],"display":{"gui":{"rotation":[30,225,0]}}}