{"textures":{"0":"modelengine:entity/nocsy_mount_ram"},"elements":[{"from":[12.631965,-2.1735322,5.131307],"to":[12.651965,6.846469,12.151308],"faces":{"east":{"uv":[5.75,1.5625,6.1875,2.125],"tintindex":0,"rotation":0,"texture":"#0"},"west":{"uv":[5.75,2.1875,6.1875,2.75],"tintindex":0,"rotation":0,"texture":"#0"}},"rotation":{"origin":[10.9169655,4.186468,8.641308],"angle":22.5,"axis":"z"}},{"from":[6.4819574,-9.873417,4.1417336],"to":[11.501959,-0.8534167,4.161734],"faces":{"south":{"uv":[6.875,1.3125,7.1875,1.875],"tintindex":0,"rotation":0,"texture":"#0"},"north":{"uv":[3.375,6.8125,3.6875,7.375],"tintindex":0,"rotation":0,"texture":"#0"}},"rotation":{"origin":[7.991958,-0.7884159,17.726734],"angle":22.5,"axis":"x"}},{"from":[11.481964,-4.898532,5.131307],"to":[11.501965,4.1214685,12.151308],"faces":{"east":{"uv":[5.75,4.75,6.1875,5.3125],"tintindex":0,"rotation":0,"texture":"#0"},"west":{"uv":[5.25,5.75,5.6875,6.3125],"tintindex":0,"rotation":0,"texture":"#0"}},"rotation":{"origin":[10.9169655,4.186468,8.641308],"angle":22.5,"axis":"z"}},{"from":[6.4819574,-7.1484165,2.9917343],"to":[11.501959,1.8715837,3.0117342],"faces":{"south":{"uv":[3.0,6.8125,3.3125,7.375],"tintindex":0,"rotation":0,"texture":"#0"},"north":{"uv":[2.625,6.8125,2.9375,7.375],"tintindex":0,"rotation":0,"texture":"#0"}},"rotation":{"origin":[7.991958,-0.7884159,17.726734],"angle":22.5,"axis":"x"}},{"from":[6.4819574,-2.1735322,13.281314],"to":[11.501959,6.846469,13.301314],"faces":{"south":{"uv":[1.5,6.8125,1.8125,7.375],"tintindex":0,"rotation":0,"texture":"#0"},"north":{"uv":[1.125,6.8125,1.4375,7.375],"tintindex":0,"rotation":0,"texture":"#0"}},"rotation":{"origin":[7.991958,4.186468,11.566315],"angle":-22.5,"axis":"x"}},{"from":[6.49,0.29370046,5.131307],"to":[11.51,9.313701,12.151307],"faces":{"east":{"uv":[1.0625,5.4375,1.5,6.0],"tintindex":0,"rotation":0,"texture":"#0"},"south":{"uv":[0.75,6.8125,1.0625,7.375],"tintindex":0,"rotation":0,"texture":"#0"},"north":{"uv":[0.375,6.8125,0.6875,7.375],"tintindex":0,"rotation":0,"texture":"#0"},"west":{"uv":[5.4375,2.8125,5.875,3.375],"tintindex":0,"rotation":0,"texture":"#0"},"up":{"uv":[3.9375,8.4375,3.625,8.0],"tintindex":0,"rotation":0,"texture":"#0"},"down":{"uv":[8.3125,4.0625,8.0,4.5],"tintindex":0,"rotation":0,"texture":"#0"}}},{"from":[6.4819574,-4.898532,12.131314],"to":[11.501959,4.1214685,12.151315],"faces":{"south":{"uv":[2.25,6.8125,2.5625,7.375],"tintindex":0,"rotation":0,"texture":"#0"},"north":{"uv":[1.875,6.8125,2.1875,7.375],"tintindex":0,"rotation":0,"texture":"#0"}},"rotation":{"origin":[7.991958,4.186468,11.566315],"angle":-22.5,"axis":"x"}},{"from":[6.4819508,-4.898532,5.131307],"to":[6.501951,4.1214685,12.151308],"faces":{"east":{"uv":[5.8125,3.4375,6.25,4.0],"tintindex":0,"rotation":0,"texture":"#0"},"west":{"uv":[3.625,5.8125,4.0625,6.375],"tintindex":0,"rotation":0,"texture":"#0"}},"rotation":{"origin":[7.066951,4.186468,8.641308],"angle":-22.5,"axis":"z"}},{"from":[5.3319507,-2.1735322,5.131307],"to":[5.351951,6.846469,12.151308],"faces":{"east":{"uv":[5.75,5.375,6.1875,5.9375],"tintindex":0,"rotation":0,"texture":"#0"},"west":{"uv":[0.0,5.8125,0.4375,6.375],"tintindex":0,"rotation":0,"texture":"#0"}},"rotation":{"origin":[7.066951,4.186468,8.641308],"angle":-22.5,"axis":"z"}}],"display":{"gui":{"rotation":[30,225,0]}}}