{"textures":{"0":"modelengine:entity/nocsy_mount_ram"},"elements":[{"from":[11.113289,-1.1022556,4.9894953],"to":[11.133289,4.9177446,12.009497],"faces":{"east":{"uv":[7.0625,4.3125,7.5,4.6875],"tintindex":0,"rotation":0,"texture":"#0"},"west":{"uv":[7.0625,4.75,7.5,5.125],"tintindex":0,"rotation":0,"texture":"#0"}},"rotation":{"origin":[11.0982895,4.357744,8.4994955],"angle":22.5,"axis":"z"}},{"from":[4.8963223,-8.045858,9.727102],"to":[10.916323,-2.0258572,9.747103],"faces":{"south":{"uv":[7.6875,5.375,8.0625,5.75],"tintindex":0,"rotation":0,"texture":"#0"},"north":{"uv":[5.0,7.6875,5.375,8.0625],"tintindex":0,"rotation":0,"texture":"#0"}},"rotation":{"origin":[7.906322,7.064143,-6.537897],"angle":-22.5,"axis":"x"}},{"from":[4.8963223,-3.0215147,5.8476615],"to":[10.916323,2.9984853,5.867662],"faces":{"south":{"uv":[6.75,7.5625,7.125,7.9375],"tintindex":0,"rotation":0,"texture":"#0"},"north":{"uv":[7.5625,4.9375,7.9375,5.3125],"tintindex":0,"rotation":0,"texture":"#0"}},"rotation":{"origin":[7.906322,6.138486,10.307661],"angle":22.5,"axis":"x"}},{"from":[4.3686295,3.3451903,4.966072],"to":[4.38863,9.3651905,11.986073],"faces":{"east":{"uv":[6.25,7.1875,6.6875,7.5625],"tintindex":0,"rotation":0,"texture":"#0"},"west":{"uv":[7.25,1.3125,7.6875,1.6875],"tintindex":0,"rotation":0,"texture":"#0"}},"rotation":{"origin":[-6.5963707,5.80519,8.476072],"angle":-22.5,"axis":"z"}},{"from":[4.8859205,-4.675495,11.330729],"to":[10.90592,1.3445051,11.350729],"faces":{"south":{"uv":[6.25,7.625,6.625,8.0],"tintindex":0,"rotation":0,"texture":"#0"},"north":{"uv":[7.625,1.75,8.0,2.125],"tintindex":0,"rotation":0,"texture":"#0"}},"rotation":{"origin":[7.8959208,6.2345057,-4.8842707],"angle":-22.5,"axis":"x"}},{"from":[4.89,-0.14040448,4.966235],"to":[10.91,9.879597,11.986237],"faces":{"east":{"uv":[4.25,5.125,4.6875,5.75],"tintindex":0,"rotation":0,"texture":"#0"},"south":{"uv":[5.875,0.6875,6.25,1.3125],"tintindex":0,"rotation":0,"texture":"#0"},"north":{"uv":[5.875,0.0,6.25,0.625],"tintindex":0,"rotation":0,"texture":"#0"},"west":{"uv":[4.75,5.125,5.1875,5.75],"tintindex":0,"rotation":0,"texture":"#0"},"up":{"uv":[7.375,2.875,7.0,2.4375],"tintindex":0,"rotation":0,"texture":"#0"},"down":{"uv":[7.375,2.9375,7.0,3.375],"tintindex":0,"rotation":0,"texture":"#0"}}},{"from":[11.734003,1.7660019,4.9662356],"to":[11.754004,7.786003,11.986237],"faces":{"east":{"uv":[7.0625,5.1875,7.5,5.5625],"tintindex":0,"rotation":0,"texture":"#0"},"west":{"uv":[4.1875,7.125,4.625,7.5],"tintindex":0,"rotation":0,"texture":"#0"}},"rotation":{"origin":[10.969004,5.7260017,8.476236],"angle":22.5,"axis":"z"}},{"from":[5.9,-1.8555298,5.2440023],"to":[9.9,2.1444693,14.244003],"faces":{"east":{"uv":[5.4375,7.6875,6.0,7.9375],"tintindex":0,"rotation":0,"texture":"#0"},"south":{"uv":[8.4375,6.125,8.6875,6.375],"tintindex":0,"rotation":0,"texture":"#0"},"north":{"uv":[8.4375,5.8125,8.6875,6.0625],"tintindex":0,"rotation":0,"texture":"#0"},"west":{"uv":[7.6875,7.4375,8.25,7.6875],"tintindex":0,"rotation":0,"texture":"#0"},"up":{"uv":[4.625,8.125,4.375,7.5625],"tintindex":0,"rotation":0,"texture":"#0"},"down":{"uv":[0.25,7.6875,0.0,8.25],"tintindex":0,"rotation":0,"texture":"#0"}},"rotation":{"origin":[7.9,-0.6555309,9.744003],"angle":22.5,"axis":"x"}},{"from":[4.8859205,0.39884782,4.219034],"to":[10.90592,6.418848,4.2390347],"faces":{"south":{"uv":[7.5625,4.5,7.9375,4.875],"tintindex":0,"rotation":0,"texture":"#0"},"north":{"uv":[7.5625,4.0625,7.9375,4.4375],"tintindex":0,"rotation":0,"texture":"#0"}},"rotation":{"origin":[7.8959208,5.3088484,8.654034],"angle":22.5,"axis":"x"}}],"display":{"gui":{"rotation":[30,225,0]}}}