{"textures":{"0":"modelengine:entity/sabertooth_midnight"},"elements":[{"from":[11.914997,4.4982142,-2.2597542],"to":[11.914997,8.498215,1.7402458],"faces":{"east":{"uv":[7.0,8.125,6.75,8.375],"tintindex":0,"rotation":0,"texture":"#0"},"west":{"uv":[6.75,8.125,7.0,8.375],"tintindex":0,"rotation":0,"texture":"#0"}},"rotation":{"origin":[11.914997,6.4982142,-0.25975418],"angle":-22.5,"axis":"y"}},{"from":[4.6402225,4.473214,3.6089153],"to":[11.640223,8.448215,9.608915],"faces":{"east":{"uv":[6.0625,7.9375,5.6875,8.1875],"tintindex":0,"rotation":0,"texture":"#0"},"south":{"uv":[7.8125,3.6875,8.25,3.9375],"tintindex":0,"rotation":0,"texture":"#0"},"north":{"uv":[7.8125,3.375,8.25,3.625],"tintindex":0,"rotation":0,"texture":"#0"},"west":{"uv":[5.6875,7.9375,6.0625,8.1875],"tintindex":0,"rotation":0,"texture":"#0"},"up":{"uv":[7.8125,6.1875,7.375,5.8125],"tintindex":0,"rotation":0,"texture":"#0"},"down":{"uv":[7.875,2.0625,7.4375,2.4375],"tintindex":0,"rotation":0,"texture":"#0"}}},{"from":[7.899645,4.5232143,-3.3983965],"to":[7.899645,8.523214,0.6016035],"faces":{"east":{"uv":[7.0,8.125,6.75,8.375],"tintindex":0,"rotation":0,"texture":"#0"},"west":{"uv":[6.75,8.125,7.0,8.375],"tintindex":0,"rotation":0,"texture":"#0"}}},{"from":[3.6459818,4.4982142,1.353692],"to":[7.645982,8.498215,5.353692],"faces":{"east":{"uv":[4.8125,8.125,4.5625,8.375],"tintindex":0,"rotation":0,"texture":"#0"},"south":{"uv":[4.25,8.125,4.5,8.375],"tintindex":0,"rotation":0,"texture":"#0"},"north":{"uv":[1.6875,8.125,1.9375,8.375],"tintindex":0,"rotation":0,"texture":"#0"},"west":{"uv":[4.5625,8.125,4.8125,8.375],"tintindex":0,"rotation":0,"texture":"#0"},"up":{"uv":[5.5,8.375,5.25,8.125],"tintindex":0,"rotation":0,"texture":"#0"},"down":{"uv":[5.25,8.125,5.5,8.375],"tintindex":0,"rotation":0,"texture":"#0"}},"rotation":{"origin":[5.645982,6.4982142,3.353692],"angle":22.5,"axis":"y"}},{"from":[5.899645,4.5232143,0.6016035],"to":[9.899645,8.523214,4.6016035],"faces":{"east":{"uv":[4.8125,8.125,4.5625,8.375],"tintindex":0,"rotation":0,"texture":"#0"},"south":{"uv":[7.0625,8.1875,7.3125,8.4375],"tintindex":0,"rotation":0,"texture":"#0"},"north":{"uv":[1.6875,8.125,1.9375,8.375],"tintindex":0,"rotation":0,"texture":"#0"},"west":{"uv":[4.5625,8.125,4.8125,8.375],"tintindex":0,"rotation":0,"texture":"#0"},"up":{"uv":[5.5,8.375,5.25,8.125],"tintindex":0,"rotation":0,"texture":"#0"},"down":{"uv":[5.25,8.125,5.5,8.375],"tintindex":0,"rotation":0,"texture":"#0"}}},{"from":[4.1152477,4.4982142,-2.3418264],"to":[4.1152477,8.498215,1.6581736],"faces":{"east":{"uv":[7.0,8.125,6.75,8.375],"tintindex":0,"rotation":0,"texture":"#0"},"west":{"uv":[6.75,8.125,7.0,8.375],"tintindex":0,"rotation":0,"texture":"#0"}},"rotation":{"origin":[4.1152477,6.4982142,-0.34182644],"angle":22.5,"axis":"y"}},{"from":[8.384264,4.4982142,1.4357643],"to":[12.384264,8.498215,5.4357643],"faces":{"east":{"uv":[4.8125,8.125,4.5625,8.375],"tintindex":0,"rotation":0,"texture":"#0"},"south":{"uv":[2.0,8.3125,2.25,8.5625],"tintindex":0,"rotation":0,"texture":"#0"},"north":{"uv":[1.6875,8.125,1.9375,8.375],"tintindex":0,"rotation":0,"texture":"#0"},"west":{"uv":[4.5625,8.125,4.8125,8.375],"tintindex":0,"rotation":0,"texture":"#0"},"up":{"uv":[5.5,8.375,5.25,8.125],"tintindex":0,"rotation":0,"texture":"#0"},"down":{"uv":[5.25,8.125,5.5,8.375],"tintindex":0,"rotation":0,"texture":"#0"}},"rotation":{"origin":[10.384264,6.4982142,3.4357643],"angle":-22.5,"axis":"y"}}],"display":{"gui":{"rotation":[30,225,0]}}}