{"textures":{"0":"modelengine:entity/sabertooth_midnight"},"elements":[{"from":[5.4951725,3.2366,6.906892],"to":[12.4951725,10.2366,16.90689],"faces":{"east":{"uv":[5.875,2.5,6.5,2.9375],"tintindex":0,"rotation":0,"texture":"#0"},"south":{"uv":[1.375,7.1875,1.8125,7.625],"tintindex":0,"rotation":0,"texture":"#0"},"north":{"uv":[6.9375,4.125,7.375,4.5625],"tintindex":0,"rotation":0,"texture":"#0"},"west":{"uv":[5.875,3.0,6.5,3.4375],"tintindex":0,"rotation":0,"texture":"#0"},"up":{"uv":[6.3125,4.125,5.875,3.5],"tintindex":0,"rotation":0,"texture":"#0"},"down":{"uv":[6.3125,4.1875,5.875,4.8125],"tintindex":0,"rotation":0,"texture":"#0"}},"rotation":{"origin":[8.9951725,6.7366,11.906891],"angle":22.5,"axis":"x"}}],"display":{"gui":{"rotation":[30,225,0]}}}