{"textures":{"0":"modelengine:entity/sabertooth_midnight"},"elements":[{"from":[2.0,3.2065687,3.2164106],"to":[14.0,13.206569,8.216411],"faces":{"east":{"uv":[1.0,7.0,1.3125,7.625],"tintindex":0,"rotation":0,"texture":"#0"},"south":{"uv":[0.75,4.625,1.5,5.25],"tintindex":0,"rotation":0,"texture":"#0"},"north":{"uv":[4.5625,3.125,5.3125,3.75],"tintindex":0,"rotation":0,"texture":"#0"},"west":{"uv":[7.0,5.1875,7.3125,5.8125],"tintindex":0,"rotation":0,"texture":"#0"},"up":{"uv":[7.25,6.1875,6.5,5.875],"tintindex":0,"rotation":0,"texture":"#0"},"down":{"uv":[7.3125,3.125,6.5625,3.4375],"tintindex":0,"rotation":0,"texture":"#0"}}}],"display":{"gui":{"rotation":[30,225,0]}}}