{"textures":{"0":"modelengine:entity/sabertooth_midnight"},"elements":[{"from":[11.884752,4.4982142,-2.3418264],"to":[11.884752,8.498215,1.6581736],"faces":{"east":{"uv":[7.0,8.125,6.75,8.375],"tintindex":0,"rotation":0,"texture":"#0"},"west":{"uv":[6.75,8.125,7.0,8.375],"tintindex":0,"rotation":0,"texture":"#0"}},"rotation":{"origin":[11.884752,6.4982142,-0.34182644],"angle":-22.5,"axis":"y"}},{"from":[4.359777,4.473214,3.6089153],"to":[11.359777,8.448215,9.608915],"faces":{"east":{"uv":[6.0625,7.9375,5.6875,8.1875],"tintindex":0,"rotation":0,"texture":"#0"},"south":{"uv":[8.25,3.6875,7.8125,3.9375],"tintindex":0,"rotation":0,"texture":"#0"},"north":{"uv":[8.25,3.375,7.8125,3.625],"tintindex":0,"rotation":0,"texture":"#0"},"west":{"uv":[5.6875,7.9375,6.0625,8.1875],"tintindex":0,"rotation":0,"texture":"#0"},"up":{"uv":[7.375,6.1875,7.8125,5.8125],"tintindex":0,"rotation":0,"texture":"#0"},"down":{"uv":[7.4375,2.0625,7.875,2.4375],"tintindex":0,"rotation":0,"texture":"#0"}}},{"from":[8.354018,4.4982142,1.353692],"to":[12.354018,8.498215,5.353692],"faces":{"east":{"uv":[4.8125,8.125,4.5625,8.375],"tintindex":0,"rotation":0,"texture":"#0"},"south":{"uv":[4.5,8.125,4.25,8.375],"tintindex":0,"rotation":0,"texture":"#0"},"north":{"uv":[1.9375,8.125,1.6875,8.375],"tintindex":0,"rotation":0,"texture":"#0"},"west":{"uv":[4.5625,8.125,4.8125,8.375],"tintindex":0,"rotation":0,"texture":"#0"},"up":{"uv":[5.25,8.375,5.5,8.125],"tintindex":0,"rotation":0,"texture":"#0"},"down":{"uv":[5.5,8.125,5.25,8.375],"tintindex":0,"rotation":0,"texture":"#0"}},"rotation":{"origin":[10.354018,6.4982142,3.353692],"angle":-22.5,"axis":"y"}},{"from":[3.6157365,4.4982142,1.4357643],"to":[7.615736,8.498215,5.4357643],"faces":{"east":{"uv":[4.8125,8.125,4.5625,8.375],"tintindex":0,"rotation":0,"texture":"#0"},"south":{"uv":[2.25,8.3125,2.0,8.5625],"tintindex":0,"rotation":0,"texture":"#0"},"north":{"uv":[1.9375,8.125,1.6875,8.375],"tintindex":0,"rotation":0,"texture":"#0"},"west":{"uv":[4.5625,8.125,4.8125,8.375],"tintindex":0,"rotation":0,"texture":"#0"},"up":{"uv":[5.25,8.375,5.5,8.125],"tintindex":0,"rotation":0,"texture":"#0"},"down":{"uv":[5.5,8.125,5.25,8.375],"tintindex":0,"rotation":0,"texture":"#0"}},"rotation":{"origin":[5.6157365,6.4982142,3.4357643],"angle":22.5,"axis":"y"}},{"from":[8.100355,4.5232143,-3.3983965],"to":[8.100355,8.523214,0.6016035],"faces":{"east":{"uv":[7.0,8.125,6.75,8.375],"tintindex":0,"rotation":0,"texture":"#0"},"west":{"uv":[6.75,8.125,7.0,8.375],"tintindex":0,"rotation":0,"texture":"#0"}}},{"from":[6.100355,4.5232143,0.6016035],"to":[10.100355,8.523214,4.6016035],"faces":{"east":{"uv":[4.8125,8.125,4.5625,8.375],"tintindex":0,"rotation":0,"texture":"#0"},"south":{"uv":[7.3125,8.1875,7.0625,8.4375],"tintindex":0,"rotation":0,"texture":"#0"},"north":{"uv":[1.9375,8.125,1.6875,8.375],"tintindex":0,"rotation":0,"texture":"#0"},"west":{"uv":[4.5625,8.125,4.8125,8.375],"tintindex":0,"rotation":0,"texture":"#0"},"up":{"uv":[5.25,8.375,5.5,8.125],"tintindex":0,"rotation":0,"texture":"#0"},"down":{"uv":[5.5,8.125,5.25,8.375],"tintindex":0,"rotation":0,"texture":"#0"}}},{"from":[4.0850024,4.4982142,-2.2597542],"to":[4.0850024,8.498215,1.7402458],"faces":{"east":{"uv":[7.0,8.125,6.75,8.375],"tintindex":0,"rotation":0,"texture":"#0"},"west":{"uv":[6.75,8.125,7.0,8.375],"tintindex":0,"rotation":0,"texture":"#0"}},"rotation":{"origin":[4.0850024,6.4982142,-0.25975418],"angle":22.5,"axis":"y"}}],"display":{"gui":{"rotation":[30,225,0]}}}