{"textures":{"0":"modelengine:entity/sabertooth_midnight"},"elements":[{"from":[1.5,16.736532,0.041708946],"to":[14.5,21.736532,4.0417094],"faces":{"east":{"uv":[2.6875,5.5,2.9375,5.8125],"tintindex":0,"rotation":0,"texture":"#0"},"south":{"uv":[1.625,6.25,2.4375,6.5625],"tintindex":0,"rotation":0,"texture":"#0"},"north":{"uv":[5.875,4.875,6.6875,5.1875],"tintindex":0,"rotation":0,"texture":"#0"},"west":{"uv":[2.625,8.0,2.875,8.3125],"tintindex":0,"rotation":0,"texture":"#0"},"up":{"uv":[7.75,3.75,6.9375,3.5],"tintindex":0,"rotation":0,"texture":"#0"},"down":{"uv":[7.75,3.8125,6.9375,4.0625],"tintindex":0,"rotation":0,"texture":"#0"}}},{"from":[15.475,5.192215,-1.7491598],"to":[15.475,12.192215,9.25084],"faces":{"east":{"uv":[6.5625,0.0,5.875,0.4375],"tintindex":0,"rotation":0,"texture":"#0"},"west":{"uv":[5.875,0.0,6.5625,0.4375],"tintindex":0,"rotation":0,"texture":"#0"}}},{"from":[1.5,14.206203,9.304273],"to":[14.5,17.206203,12.304273],"faces":{"east":{"uv":[0.75,7.1875,0.9375,7.375],"tintindex":0,"rotation":0,"texture":"#0"},"south":{"uv":[7.625,6.875,8.4375,7.0625],"tintindex":0,"rotation":0,"texture":"#0"},"north":{"uv":[7.5,1.75,8.3125,1.9375],"tintindex":0,"rotation":0,"texture":"#0"},"west":{"uv":[0.75,7.4375,0.9375,7.625],"tintindex":0,"rotation":0,"texture":"#0"},"up":{"uv":[8.4375,7.3125,7.625,7.125],"tintindex":0,"rotation":0,"texture":"#0"},"down":{"uv":[8.125,7.625,7.3125,7.8125],"tintindex":0,"rotation":0,"texture":"#0"}},"rotation":{"origin":[8.0,15.706203,10.804273],"angle":45.0,"axis":"x"}},{"from":[1.0,4.1177816,-2.1767454],"to":[15.0,17.11778,8.823255],"faces":{"east":{"uv":[3.8125,3.125,4.5,3.9375],"tintindex":0,"rotation":0,"texture":"#0"},"south":{"uv":[2.8125,0.875,3.6875,1.6875],"tintindex":0,"rotation":0,"texture":"#0"},"north":{"uv":[2.8125,0.0,3.6875,0.8125],"tintindex":0,"rotation":0,"texture":"#0"},"west":{"uv":[0.0,3.875,0.6875,4.6875],"tintindex":0,"rotation":0,"texture":"#0"},"up":{"uv":[4.625,0.6875,3.75,0.0],"tintindex":0,"rotation":0,"texture":"#0"},"down":{"uv":[4.625,0.75,3.75,1.4375],"tintindex":0,"rotation":0,"texture":"#0"}},"rotation":{"origin":[8.0,10.617781,3.3232546],"angle":22.5,"axis":"x"}},{"from":[0.5,16.516552,0.70230293],"to":[15.5,17.516552,11.702303],"faces":{"east":{"uv":[4.625,3.0,5.3125,3.0625],"tintindex":0,"rotation":0,"texture":"#0"},"south":{"uv":[8.625,8.5,9.5625,8.5625],"tintindex":0,"rotation":0,"texture":"#0"},"north":{"uv":[8.625,8.375,9.5625,8.4375],"tintindex":0,"rotation":0,"texture":"#0"},"west":{"uv":[8.6875,4.6875,9.375,4.75],"tintindex":0,"rotation":0,"texture":"#0"},"up":{"uv":[3.75,4.0625,2.8125,3.375],"tintindex":0,"rotation":0,"texture":"#0"},"down":{"uv":[2.5625,3.625,1.625,4.3125],"tintindex":0,"rotation":0,"texture":"#0"}},"rotation":{"origin":[8.0,17.016552,6.202303],"angle":22.5,"axis":"x"}},{"from":[0.5250001,5.192215,-1.7491598],"to":[0.5250001,12.192215,9.25084],"faces":{"east":{"uv":[6.5625,0.0,5.875,0.4375],"tintindex":0,"rotation":0,"texture":"#0"},"west":{"uv":[5.875,0.0,6.5625,0.4375],"tintindex":0,"rotation":0,"texture":"#0"}}},{"from":[0.5,9.821035,-0.8284302],"to":[1.5,16.821035,10.17157],"faces":{"east":{"uv":[1.1875,5.75,1.875,6.1875],"tintindex":0,"rotation":0,"texture":"#0"},"south":{"uv":[0.5,5.4375,0.5625,5.875],"tintindex":0,"rotation":0,"texture":"#0"},"north":{"uv":[0.625,4.75,0.6875,5.1875],"tintindex":0,"rotation":0,"texture":"#0"},"west":{"uv":[5.75,5.3125,6.4375,5.75],"tintindex":0,"rotation":0,"texture":"#0"},"up":{"uv":[1.6875,3.5625,1.625,2.875],"tintindex":0,"rotation":0,"texture":"#0"},"down":{"uv":[1.8125,2.875,1.75,3.5625],"tintindex":0,"rotation":0,"texture":"#0"}},"rotation":{"origin":[1.0,13.321035,4.6715693],"angle":22.5,"axis":"x"}},{"from":[14.5,9.821035,-0.8284302],"to":[15.5,16.821035,10.17157],"faces":{"east":{"uv":[5.875,1.5,6.5625,1.9375],"tintindex":0,"rotation":0,"texture":"#0"},"south":{"uv":[3.3125,7.25,3.375,7.6875],"tintindex":0,"rotation":0,"texture":"#0"},"north":{"uv":[4.5,5.5,4.5625,5.9375],"tintindex":0,"rotation":0,"texture":"#0"},"west":{"uv":[5.875,2.0,6.5625,2.4375],"tintindex":0,"rotation":0,"texture":"#0"},"up":{"uv":[8.8125,1.1875,8.75,0.5],"tintindex":0,"rotation":0,"texture":"#0"},"down":{"uv":[0.6875,8.75,0.625,9.4375],"tintindex":0,"rotation":0,"texture":"#0"}},"rotation":{"origin":[15.0,13.321035,4.6715693],"angle":22.5,"axis":"x"}}],"display":{"gui":{"rotation":[30,225,0]}}}