{"textures":{"0":"modelengine:entity/sabertooth_midnight"},"elements":[{"from":[6.0,4.0,7.0],"to":[10.0,8.0,20.000002],"faces":{"east":{"uv":[5.375,6.875,6.1875,7.125],"tintindex":0,"rotation":0,"texture":"#0"},"south":{"uv":[1.375,8.125,1.625,8.375],"tintindex":0,"rotation":0,"texture":"#0"},"north":{"uv":[1.0625,8.125,1.3125,8.375],"tintindex":0,"rotation":0,"texture":"#0"},"west":{"uv":[2.625,6.9375,3.4375,7.1875],"tintindex":0,"rotation":0,"texture":"#0"},"up":{"uv":[6.5,7.6875,6.25,6.875],"tintindex":0,"rotation":0,"texture":"#0"},"down":{"uv":[3.75,6.9375,3.5,7.75],"tintindex":0,"rotation":0,"texture":"#0"}},"rotation":{"origin":[8.0,6.0,13.500002],"angle":22.5,"axis":"x"}}],"display":{"gui":{"rotation":[30,225,0]}}}