{"textures":{"0":"modelengine:entity/sabertooth_midnight"},"elements":[{"from":[6.0,4.231264,7.088336],"to":[10.0,8.231264,18.088335],"faces":{"east":{"uv":[7.1875,6.25,7.875,6.5],"tintindex":0,"rotation":0,"texture":"#0"},"south":{"uv":[8.0625,4.3125,8.3125,4.5625],"tintindex":0,"rotation":0,"texture":"#0"},"north":{"uv":[2.6875,5.875,2.9375,6.125],"tintindex":0,"rotation":0,"texture":"#0"},"west":{"uv":[7.1875,6.5625,7.875,6.8125],"tintindex":0,"rotation":0,"texture":"#0"},"up":{"uv":[6.125,7.875,5.875,7.1875],"tintindex":0,"rotation":0,"texture":"#0"},"down":{"uv":[2.625,7.25,2.375,7.9375],"tintindex":0,"rotation":0,"texture":"#0"}},"rotation":{"origin":[8.0,6.231264,12.588335],"angle":22.5,"axis":"x"}}],"display":{"gui":{"rotation":[30,225,0]}}}