{"textures":{"0":"modelengine:entity/sabertooth_midnight"},"elements":[{"from":[6.075,-2.2568064,7.986208],"to":[9.925,8.743195,11.986208],"faces":{"east":{"uv":[3.0,7.25,3.25,7.9375],"tintindex":0,"rotation":0,"texture":"#0"},"south":{"uv":[7.3125,6.875,7.5625,7.5625],"tintindex":0,"rotation":0,"texture":"#0"},"north":{"uv":[2.6875,7.25,2.9375,7.9375],"tintindex":0,"rotation":0,"texture":"#0"},"west":{"uv":[7.375,4.625,7.625,5.3125],"tintindex":0,"rotation":0,"texture":"#0"},"up":{"uv":[8.3125,4.875,8.0625,4.625],"tintindex":0,"rotation":0,"texture":"#0"},"down":{"uv":[1.0,8.125,0.75,8.375],"tintindex":0,"rotation":0,"texture":"#0"}},"rotation":{"origin":[8.0,3.2431936,9.986208],"angle":-22.5,"axis":"x"}}],"display":{"gui":{"rotation":[30,225,0]}}}