{"textures":{"0":"modelengine:entity/sabertooth_midnight"},"elements":[{"from":[2.0,5.6512003,-5.213232],"to":[14.0,17.6512,9.786768],"faces":{"east":{"uv":[2.8125,1.75,3.75,2.5],"tintindex":0,"rotation":0,"texture":"#0"},"south":{"uv":[3.8125,2.3125,4.5625,3.0625],"tintindex":0,"rotation":0,"texture":"#0"},"north":{"uv":[3.8125,1.5,4.5625,2.25],"tintindex":0,"rotation":0,"texture":"#0"},"west":{"uv":[2.8125,2.5625,3.75,3.3125],"tintindex":0,"rotation":0,"texture":"#0"},"up":{"uv":[0.75,3.8125,0.0,2.875],"tintindex":0,"rotation":0,"texture":"#0"},"down":{"uv":[1.5625,2.875,0.8125,3.8125],"tintindex":0,"rotation":0,"texture":"#0"}}}],"display":{"gui":{"rotation":[30,225,0]}}}