{"textures":{"0":"modelengine:entity/kobold_trap"},"elements":[{"from":[9.5,6.0,7.0],"to":[12.5,17.0,7.0],"faces":{"south":{"uv":[4.25,3.0,3.5,5.75],"tintindex":0,"rotation":0,"texture":"#0"},"north":{"uv":[3.5,3.0,4.25,5.75],"tintindex":0,"rotation":0,"texture":"#0"}}},{"from":[6.5,6.0,6.0],"to":[9.5,16.0,7.0],"faces":{"east":{"uv":[1.5,4.0,1.75,6.5],"tintindex":0,"rotation":0,"texture":"#0"},"south":{"uv":[4.25,3.0,5.0,5.5],"tintindex":0,"rotation":0,"texture":"#0"},"north":{"uv":[0.75,4.0,1.5,6.5],"tintindex":0,"rotation":0,"texture":"#0"},"west":{"uv":[1.75,4.0,2.0,6.5],"tintindex":0,"rotation":0,"texture":"#0"},"up":{"uv":[5.0,5.75,4.25,5.5],"tintindex":0,"rotation":0,"texture":"#0"},"down":{"uv":[6.25,4.5,5.5,4.75],"tintindex":0,"rotation":0,"texture":"#0"}}},{"from":[9.5,17.0,-5.0],"to":[12.5,17.0,7.0],"faces":{"up":{"uv":[2.75,6.0,2.0,3.0],"tintindex":0,"rotation":0,"texture":"#0"},"down":{"uv":[2.75,3.0,2.0,6.0],"tintindex":0,"rotation":0,"texture":"#0"}}},{"from":[7.0,7.0,5.0],"to":[9.0,9.0,8.0],"faces":{"east":{"uv":[5.0,1.0,5.75,1.5],"tintindex":0,"rotation":0,"texture":"#0"},"south":{"uv":[5.0,5.0,5.5,5.5],"tintindex":0,"rotation":0,"texture":"#0"},"north":{"uv":[5.0,4.5,5.5,5.0],"tintindex":0,"rotation":0,"texture":"#0"},"west":{"uv":[5.0,1.5,5.75,2.0],"tintindex":0,"rotation":0,"texture":"#0"},"up":{"uv":[5.5,2.75,5.0,2.0],"tintindex":0,"rotation":0,"texture":"#0"},"down":{"uv":[5.5,2.75,5.0,3.5],"tintindex":0,"rotation":0,"texture":"#0"}}},{"from":[9.5,6.0,7.0],"to":[12.5,17.0,7.0],"faces":{"south":{"uv":[4.25,3.0,3.5,5.75],"tintindex":0,"rotation":0,"texture":"#0"},"north":{"uv":[3.5,3.0,4.25,5.75],"tintindex":0,"rotation":0,"texture":"#0"}}},{"from":[6.5,6.0,6.0],"to":[9.5,16.0,7.0],"faces":{"east":{"uv":[1.5,4.0,1.75,6.5],"tintindex":0,"rotation":0,"texture":"#0"},"south":{"uv":[4.25,3.0,5.0,5.5],"tintindex":0,"rotation":0,"texture":"#0"},"north":{"uv":[0.75,4.0,1.5,6.5],"tintindex":0,"rotation":0,"texture":"#0"},"west":{"uv":[1.75,4.0,2.0,6.5],"tintindex":0,"rotation":0,"texture":"#0"},"up":{"uv":[5.0,5.75,4.25,5.5],"tintindex":0,"rotation":0,"texture":"#0"},"down":{"uv":[6.25,4.5,5.5,4.75],"tintindex":0,"rotation":0,"texture":"#0"}}},{"from":[6.5,16.0,-5.0],"to":[9.5,17.0,7.0],"faces":{"east":{"uv":[5.0,0.5,8.0,0.75],"tintindex":0,"rotation":0,"texture":"#0"},"south":{"uv":[5.0,5.5,5.75,5.75],"tintindex":0,"rotation":0,"texture":"#0"},"north":{"uv":[5.5,4.75,6.25,5.0],"tintindex":0,"rotation":0,"texture":"#0"},"west":{"uv":[5.0,0.75,8.0,1.0],"tintindex":0,"rotation":0,"texture":"#0"},"up":{"uv":[2.75,3.0,2.0,0.0],"tintindex":0,"rotation":0,"texture":"#0"},"down":{"uv":[3.5,0.0,2.75,3.0],"tintindex":0,"rotation":0,"texture":"#0"}}},{"from":[9.5,6.0,-5.0],"to":[12.5,17.0,-5.0],"faces":{"south":{"uv":[4.25,3.0,3.5,5.75],"tintindex":0,"rotation":0,"texture":"#0"},"north":{"uv":[3.5,3.0,4.25,5.75],"tintindex":0,"rotation":0,"texture":"#0"}}},{"from":[7.0,7.0,-6.0],"to":[9.0,9.0,-3.0],"faces":{"east":{"uv":[5.75,1.0,5.0,1.5],"tintindex":0,"rotation":0,"texture":"#0"},"south":{"uv":[5.5,4.5,5.0,5.0],"tintindex":0,"rotation":0,"texture":"#0"},"north":{"uv":[5.5,5.0,5.0,5.5],"tintindex":0,"rotation":0,"texture":"#0"},"west":{"uv":[5.75,1.5,5.0,2.0],"tintindex":0,"rotation":0,"texture":"#0"},"up":{"uv":[5.5,2.0,5.0,2.75],"tintindex":0,"rotation":0,"texture":"#0"},"down":{"uv":[5.5,3.5,5.0,2.75],"tintindex":0,"rotation":0,"texture":"#0"}}},{"from":[6.5,6.0,-5.0],"to":[9.5,16.0,-4.0],"faces":{"east":{"uv":[1.75,4.0,1.5,6.5],"tintindex":0,"rotation":0,"texture":"#0"},"south":{"uv":[1.5,4.0,0.75,6.5],"tintindex":0,"rotation":0,"texture":"#0"},"north":{"uv":[5.0,3.0,4.25,5.5],"tintindex":0,"rotation":0,"texture":"#0"},"west":{"uv":[2.0,4.0,1.75,6.5],"tintindex":0,"rotation":0,"texture":"#0"},"up":{"uv":[5.0,5.5,4.25,5.75],"tintindex":0,"rotation":0,"texture":"#0"},"down":{"uv":[6.25,4.75,5.5,4.5],"tintindex":0,"rotation":0,"texture":"#0"}}}],"display":{"gui":{"rotation":[30,225,0]}}}