{"textures":{"0":"modelengine:entity/sabertooth_arctic"},"elements":[{"from":[0.9749999,-1.5,-5.0],"to":[15.025,11.5,9.0],"faces":{"east":{"uv":[2.75,2.75,1.875,3.5625],"tintindex":0,"rotation":0,"texture":"#0"},"south":{"uv":[0.9375,2.0,1.8125,2.8125],"tintindex":0,"rotation":0,"texture":"#0"},"north":{"uv":[1.875,1.875,2.75,2.6875],"tintindex":0,"rotation":0,"texture":"#0"},"west":{"uv":[1.875,2.75,2.75,3.5625],"tintindex":0,"rotation":0,"texture":"#0"},"up":{"uv":[2.75,0.875,1.875,0.0],"tintindex":0,"rotation":0,"texture":"#0"},"down":{"uv":[2.75,0.9375,1.875,1.8125],"tintindex":0,"rotation":0,"texture":"#0"}},"rotation":{"origin":[8.0,5.0,1.9999995],"angle":-22.5,"axis":"x"}}],"display":{"gui":{"rotation":[30,225,0]}}}