{"textures":{"0":"modelengine:entity/sabertooth_arctic"},"elements":[{"from":[11.5,2.0043974,-5.722767],"to":[11.5,5.0043974,-1.7227688],"faces":{"east":{"uv":[8.9375,8.625,8.6875,8.8125],"tintindex":0,"rotation":0,"texture":"#0"},"west":{"uv":[8.6875,8.625,8.9375,8.8125],"tintindex":0,"rotation":0,"texture":"#0"}}},{"from":[4.5,-3.6520195,-6.4954605],"to":[5.5,0.34798002,-5.4954624],"faces":{"east":{"uv":[3.8125,7.3125,3.875,7.5625],"tintindex":0,"rotation":0,"texture":"#0"},"south":{"uv":[2.25,7.6875,2.3125,7.9375],"tintindex":0,"rotation":0,"texture":"#0"},"north":{"uv":[0.375,6.875,0.4375,7.125],"tintindex":0,"rotation":0,"texture":"#0"},"west":{"uv":[4.6875,8.75,4.75,9.0],"tintindex":0,"rotation":0,"texture":"#0"},"up":{"uv":[2.6875,4.0625,2.625,4.0],"tintindex":0,"rotation":0,"texture":"#0"},"down":{"uv":[0.5625,5.9375,0.5,6.0],"tintindex":0,"rotation":0,"texture":"#0"}},"rotation":{"origin":[5.0,-1.6520195,-5.9954605],"angle":-22.5,"axis":"x"}},{"from":[-0.39999962,7.954397,-1.8477688],"to":[7.575,12.654397,-1.8477688],"faces":{"south":{"uv":[8.3125,2.0,7.9375,2.25],"tintindex":0,"rotation":0,"texture":"#0"},"north":{"uv":[7.9375,2.0,8.3125,2.25],"tintindex":0,"rotation":0,"texture":"#0"}}},{"from":[4.5,2.0043974,-5.722767],"to":[4.5,5.0043974,-1.7227688],"faces":{"east":{"uv":[8.9375,8.625,8.6875,8.8125],"tintindex":0,"rotation":0,"texture":"#0"},"west":{"uv":[8.6875,8.625,8.9375,8.8125],"tintindex":0,"rotation":0,"texture":"#0"}}},{"from":[2.0,3.0043974,-1.7227688],"to":[14.0,14.004397,8.277231],"faces":{"east":{"uv":[4.625,1.5,5.25,2.1875],"tintindex":0,"rotation":0,"texture":"#0"},"south":{"uv":[3.8125,4.0,4.5625,4.6875],"tintindex":0,"rotation":0,"texture":"#0"},"north":{"uv":[0.75,3.875,1.5,4.5625],"tintindex":0,"rotation":0,"texture":"#0"},"west":{"uv":[4.625,2.25,5.25,2.9375],"tintindex":0,"rotation":0,"texture":"#0"},"up":{"uv":[3.375,4.75,2.625,4.125],"tintindex":0,"rotation":0,"texture":"#0"},"down":{"uv":[2.3125,4.375,1.5625,5.0],"tintindex":0,"rotation":0,"texture":"#0"}}},{"from":[4.5,0.0043973923,-7.2227707],"to":[6.5,5.0043974,-5.222769],"faces":{"east":{"uv":[2.375,4.375,2.5,4.6875],"tintindex":0,"rotation":0,"texture":"#0"},"south":{"uv":[2.1875,5.0625,2.3125,5.375],"tintindex":0,"rotation":0,"texture":"#0"},"north":{"uv":[2.625,3.625,2.75,3.9375],"tintindex":0,"rotation":0,"texture":"#0"},"west":{"uv":[1.9375,5.75,2.0625,6.0625],"tintindex":0,"rotation":0,"texture":"#0"},"up":{"uv":[5.125,6.6875,5.0,6.5625],"tintindex":0,"rotation":0,"texture":"#0"},"down":{"uv":[1.5,7.0,1.375,7.125],"tintindex":0,"rotation":0,"texture":"#0"}}},{"from":[9.5,0.0043973923,-7.2227707],"to":[11.5,5.0043974,-5.222769],"faces":{"east":{"uv":[1.0,6.5625,1.125,6.875],"tintindex":0,"rotation":0,"texture":"#0"},"south":{"uv":[3.8125,6.9375,3.9375,7.25],"tintindex":0,"rotation":0,"texture":"#0"},"north":{"uv":[2.5,6.25,2.625,6.5625],"tintindex":0,"rotation":0,"texture":"#0"},"west":{"uv":[4.75,7.125,4.875,7.4375],"tintindex":0,"rotation":0,"texture":"#0"},"up":{"uv":[5.8125,7.8125,5.6875,7.6875],"tintindex":0,"rotation":0,"texture":"#0"},"down":{"uv":[2.125,8.125,2.0,8.25],"tintindex":0,"rotation":0,"texture":"#0"}}},{"from":[1.3086581,11.292459,-2.0977688],"to":[6.308658,13.292459,1.9022312],"faces":{"east":{"uv":[7.0625,2.9375,7.3125,3.0625],"tintindex":0,"rotation":0,"texture":"#0"},"south":{"uv":[1.5,8.75,1.8125,8.875],"tintindex":0,"rotation":0,"texture":"#0"},"north":{"uv":[1.125,8.75,1.4375,8.875],"tintindex":0,"rotation":0,"texture":"#0"},"west":{"uv":[7.125,2.0625,7.375,2.1875],"tintindex":0,"rotation":0,"texture":"#0"},"up":{"uv":[3.25,8.25,2.9375,8.0],"tintindex":0,"rotation":0,"texture":"#0"},"down":{"uv":[0.3125,8.0625,0.0,8.3125],"tintindex":0,"rotation":0,"texture":"#0"}},"rotation":{"origin":[3.8086581,12.292459,-0.09776878],"angle":-22.5,"axis":"z"}},{"from":[-6.40901,-0.9956026,9.5146675],"to":[7.59099,14.004397,9.5146675],"faces":{"south":{"uv":[0.875,0.0,0.0,0.9375],"tintindex":0,"rotation":0,"texture":"#0"},"north":{"uv":[0.0,0.0,0.875,0.9375],"tintindex":0,"rotation":0,"texture":"#0"}},"rotation":{"origin":[0.59099007,6.5043974,9.5146675],"angle":45.0,"axis":"y"}},{"from":[-2.9619398,0.813056,-1.6977692],"to":[7.03806,11.813056,-1.6977692],"faces":{"south":{"uv":[5.25,3.8125,4.625,4.5],"tintindex":0,"rotation":0,"texture":"#0"},"north":{"uv":[4.625,3.8125,5.25,4.5],"tintindex":0,"rotation":0,"texture":"#0"}},"rotation":{"origin":[2.0380602,6.313056,-1.6977692],"angle":22.5,"axis":"z"}},{"from":[10.5,-3.6520195,-6.4954605],"to":[11.5,0.34798002,-5.4954624],"faces":{"east":{"uv":[5.3125,8.75,5.375,9.0],"tintindex":0,"rotation":0,"texture":"#0"},"south":{"uv":[5.8125,8.75,5.875,9.0],"tintindex":0,"rotation":0,"texture":"#0"},"north":{"uv":[5.1875,8.75,5.25,9.0],"tintindex":0,"rotation":0,"texture":"#0"},"west":{"uv":[5.9375,8.75,6.0,9.0],"tintindex":0,"rotation":0,"texture":"#0"},"up":{"uv":[2.0,6.1875,1.9375,6.125],"tintindex":0,"rotation":0,"texture":"#0"},"down":{"uv":[2.125,6.125,2.0625,6.1875],"tintindex":0,"rotation":0,"texture":"#0"}},"rotation":{"origin":[11.0,-1.6520195,-5.9954605],"angle":-22.5,"axis":"x"}},{"from":[8.425,7.954397,-1.8477688],"to":[16.4,12.654397,-1.8477688],"faces":{"south":{"uv":[7.9375,2.0,8.3125,2.25],"tintindex":0,"rotation":0,"texture":"#0"},"north":{"uv":[8.3125,2.0,7.9375,2.25],"tintindex":0,"rotation":0,"texture":"#0"}}},{"from":[9.807,11.237367,5.2522316],"to":[16.807,20.237366,5.2522316],"faces":{"south":{"uv":[4.0,6.25,4.4375,6.8125],"tintindex":0,"rotation":0,"texture":"#0"},"north":{"uv":[4.4375,6.25,4.0,6.8125],"tintindex":0,"rotation":0,"texture":"#0"}},"rotation":{"origin":[13.306999,15.737367,5.2522316],"angle":-22.5,"axis":"z"}},{"from":[8.96194,0.813056,-1.6977692],"to":[18.96194,11.813056,-1.6977692],"faces":{"south":{"uv":[4.625,3.8125,5.25,4.5],"tintindex":0,"rotation":0,"texture":"#0"},"north":{"uv":[5.25,3.8125,4.625,4.5],"tintindex":0,"rotation":0,"texture":"#0"}},"rotation":{"origin":[13.96194,6.313056,-1.6977692],"angle":-22.5,"axis":"z"}},{"from":[8.40901,-0.9956026,9.5146675],"to":[22.40901,14.004397,9.5146675],"faces":{"south":{"uv":[0.0,0.0,0.875,0.9375],"tintindex":0,"rotation":0,"texture":"#0"},"north":{"uv":[0.875,0.0,0.0,0.9375],"tintindex":0,"rotation":0,"texture":"#0"}},"rotation":{"origin":[15.40901,6.5043974,9.5146675],"angle":-45.0,"axis":"y"}},{"from":[4.5,5.0043974,-7.722767],"to":[11.5,9.004397,-1.7227688],"faces":{"east":{"uv":[7.9375,2.625,8.3125,2.875],"tintindex":0,"rotation":0,"texture":"#0"},"south":{"uv":[3.3125,7.8125,3.75,8.0625],"tintindex":0,"rotation":0,"texture":"#0"},"north":{"uv":[7.6875,5.0,8.125,5.25],"tintindex":0,"rotation":0,"texture":"#0"},"west":{"uv":[3.8125,7.9375,4.1875,8.1875],"tintindex":0,"rotation":0,"texture":"#0"},"up":{"uv":[7.8125,3.3125,7.375,2.9375],"tintindex":0,"rotation":0,"texture":"#0"},"down":{"uv":[7.8125,5.375,7.375,5.75],"tintindex":0,"rotation":0,"texture":"#0"}}},{"from":[5.5,7.4699116,-8.196877],"to":[10.5,11.469911,-0.19687462],"faces":{"east":{"uv":[4.75,7.5,5.25,7.75],"tintindex":0,"rotation":0,"texture":"#0"},"south":{"uv":[2.25,8.0,2.5625,8.25],"tintindex":0,"rotation":0,"texture":"#0"},"north":{"uv":[8.0,1.25,8.3125,1.5],"tintindex":0,"rotation":0,"texture":"#0"},"west":{"uv":[3.8125,7.625,4.3125,7.875],"tintindex":0,"rotation":0,"texture":"#0"},"up":{"uv":[3.75,4.625,3.4375,4.125],"tintindex":0,"rotation":0,"texture":"#0"},"down":{"uv":[3.3125,4.8125,3.0,5.3125],"tintindex":0,"rotation":0,"texture":"#0"}},"rotation":{"origin":[8.0,9.469911,-4.1968746],"angle":-22.5,"axis":"x"}},{"from":[-0.80700016,11.237367,5.2522316],"to":[6.193,20.237366,5.2522316],"faces":{"south":{"uv":[4.4375,6.25,4.0,6.8125],"tintindex":0,"rotation":0,"texture":"#0"},"north":{"uv":[4.0,6.25,4.4375,6.8125],"tintindex":0,"rotation":0,"texture":"#0"}},"rotation":{"origin":[2.6930003,15.737367,5.2522316],"angle":22.5,"axis":"z"}},{"from":[9.691341,11.292459,-2.0977688],"to":[14.691341,13.292459,1.9022312],"faces":{"east":{"uv":[7.375,2.0625,7.125,2.1875],"tintindex":0,"rotation":0,"texture":"#0"},"south":{"uv":[1.8125,8.75,1.5,8.875],"tintindex":0,"rotation":0,"texture":"#0"},"north":{"uv":[1.4375,8.75,1.125,8.875],"tintindex":0,"rotation":0,"texture":"#0"},"west":{"uv":[7.3125,2.9375,7.0625,3.0625],"tintindex":0,"rotation":0,"texture":"#0"},"up":{"uv":[2.9375,8.25,3.25,8.0],"tintindex":0,"rotation":0,"texture":"#0"},"down":{"uv":[0.0,8.0625,0.3125,8.3125],"tintindex":0,"rotation":0,"texture":"#0"}},"rotation":{"origin":[12.191341,12.292459,-0.09776878],"angle":22.5,"axis":"z"}}],"display":{"gui":{"rotation":[30,225,0]}}}