{"textures":{"0":"modelengine:entity/sabertooth_arctic"},"elements":[{"from":[5.5,6.25,2.250002],"to":[10.5,8.25,8.25],"faces":{"east":{"uv":[6.625,2.25,7.0,2.375],"tintindex":0,"rotation":0,"texture":"#0"},"south":{"uv":[0.75,8.75,1.0625,8.875],"tintindex":0,"rotation":0,"texture":"#0"},"north":{"uv":[8.0,1.5625,8.3125,1.6875],"tintindex":0,"rotation":0,"texture":"#0"},"west":{"uv":[7.625,7.375,8.0,7.5],"tintindex":0,"rotation":0,"texture":"#0"},"up":{"uv":[1.5,5.6875,1.1875,5.3125],"tintindex":0,"rotation":0,"texture":"#0"},"down":{"uv":[0.3125,7.625,0.0,8.0],"tintindex":0,"rotation":0,"texture":"#0"}}}],"display":{"gui":{"rotation":[30,225,0]}}}