{"textures":{"0":"modelengine:entity/sabertooth_arctic"},"elements":[{"from":[3.504827,3.2366,6.906892],"to":[10.5048275,10.2366,16.90689],"faces":{"east":{"uv":[6.5,3.0,5.875,3.4375],"tintindex":0,"rotation":0,"texture":"#0"},"south":{"uv":[1.8125,7.1875,1.375,7.625],"tintindex":0,"rotation":0,"texture":"#0"},"north":{"uv":[7.375,4.125,6.9375,4.5625],"tintindex":0,"rotation":0,"texture":"#0"},"west":{"uv":[6.5,2.5,5.875,2.9375],"tintindex":0,"rotation":0,"texture":"#0"},"up":{"uv":[5.875,4.125,6.3125,3.5],"tintindex":0,"rotation":0,"texture":"#0"},"down":{"uv":[5.875,4.1875,6.3125,4.8125],"tintindex":0,"rotation":0,"texture":"#0"}},"rotation":{"origin":[7.0048275,6.7366,11.906891],"angle":22.5,"axis":"x"}}],"display":{"gui":{"rotation":[30,225,0]}}}