{"textures":{"0":"modelengine:entity/sabertooth_arctic"},"elements":[{"from":[5.3554296,-1.1256943,6.889984],"to":[10.35543,8.874306,11.889984],"faces":{"east":{"uv":[7.4375,0.0,7.125,0.625],"tintindex":0,"rotation":0,"texture":"#0"},"south":{"uv":[7.375,2.25,7.0625,2.875],"tintindex":0,"rotation":0,"texture":"#0"},"north":{"uv":[6.875,7.0,6.5625,7.625],"tintindex":0,"rotation":0,"texture":"#0"},"west":{"uv":[7.25,7.0,6.9375,7.625],"tintindex":0,"rotation":0,"texture":"#0"},"up":{"uv":[6.1875,8.0625,6.5,7.75],"tintindex":0,"rotation":0,"texture":"#0"},"down":{"uv":[4.875,7.8125,5.1875,8.125],"tintindex":0,"rotation":0,"texture":"#0"}},"rotation":{"origin":[7.8554296,3.8743062,9.389984],"angle":-22.5,"axis":"x"}}],"display":{"gui":{"rotation":[30,225,0]}}}