{"textures":{"0":"modelengine:entity/nocsy_fpv2_ghoul"},"elements":[{"from":[10.624035,4.876791,-0.46947765],"to":[10.624035,13.876791,7.5305223],"faces":{"east":{"uv":[1.125,4.625,2.125,5.75],"tintindex":0,"rotation":0,"texture":"#0"},"west":{"uv":[2.25,4.625,3.25,5.75],"tintindex":0,"rotation":0,"texture":"#0"}},"rotation":{"origin":[7.994716,9.021986,-1.2401171],"angle":22.5,"axis":"y"}},{"from":[10.994717,6.520464,2.794745],"to":[10.994717,12.520464,8.7947445],"faces":{"east":{"uv":[7.5,2.625,8.25,3.375],"tintindex":0,"rotation":0,"texture":"#0"},"west":{"uv":[7.75,5.375,8.5,6.125],"tintindex":0,"rotation":0,"texture":"#0"}},"rotation":{"origin":[7.994716,9.521986,7.2598825],"angle":22.5,"axis":"x"}},{"from":[3.9947162,4.876791,-1.055418],"to":[11.994717,8.876791,7.944582],"faces":{"east":{"uv":[7.75,6.25,8.875,6.75],"tintindex":0,"rotation":0,"texture":"#0"},"south":{"uv":[8.375,2.875,9.375,3.375],"tintindex":0,"rotation":0,"texture":"#0"},"north":{"uv":[8.375,2.25,9.375,2.75],"tintindex":0,"rotation":0,"texture":"#0"},"west":{"uv":[6.5,7.875,7.625,8.375],"tintindex":0,"rotation":0,"texture":"#0"},"up":{"uv":[2.25,4.5,1.25,3.375],"tintindex":0,"rotation":0,"texture":"#0"},"down":{"uv":[3.375,3.375,2.375,4.5],"tintindex":0,"rotation":0,"texture":"#0"}}},{"from":[4.994716,6.520464,2.794745],"to":[4.994716,12.520464,8.7947445],"faces":{"east":{"uv":[7.5,0.875,8.25,1.625],"tintindex":0,"rotation":0,"texture":"#0"},"west":{"uv":[7.5,1.75,8.25,2.5],"tintindex":0,"rotation":0,"texture":"#0"}},"rotation":{"origin":[7.994716,9.521986,7.2598825],"angle":22.5,"axis":"x"}},{"from":[3.9947162,4.642269,-0.85863113],"to":[11.994717,13.642269,-0.85863113],"faces":{"south":{"uv":[3.75,0.0,4.75,1.125],"tintindex":0,"rotation":0,"texture":"#0"},"north":{"uv":[3.5,3.375,4.5,4.5],"tintindex":0,"rotation":0,"texture":"#0"}},"rotation":{"origin":[7.994716,9.021986,-1.2401171],"angle":-45.0,"axis":"x"}},{"from":[5.494716,4.521986,-0.24011707],"to":[5.494716,13.521986,7.7598825],"faces":{"east":{"uv":[3.75,1.25,4.75,2.375],"tintindex":0,"rotation":0,"texture":"#0"},"west":{"uv":[0.0,4.5,1.0,5.625],"tintindex":0,"rotation":0,"texture":"#0"}},"rotation":{"origin":[7.994716,9.021986,-1.2401171],"angle":-22.5,"axis":"y"}}],"display":{"gui":{"rotation":[30,225,0]}}}