{"textures":{"0":"modelengine:entity/nocsy_fpv2_boss"},"elements":[{"from":[-5.9978228,8.233599,6.696045],"to":[21.982176,18.213598,19.676044],"faces":{"east":{"uv":[6.0,4.5625,6.40625,4.875],"tintindex":0,"rotation":0,"texture":"#0"},"south":{"uv":[3.34375,1.9375,4.21875,2.25],"tintindex":0,"rotation":0,"texture":"#0"},"north":{"uv":[1.1875,3.34375,2.0625,3.65625],"tintindex":0,"rotation":0,"texture":"#0"},"west":{"uv":[6.03125,2.96875,6.4375,3.28125],"tintindex":0,"rotation":0,"texture":"#0"},"up":{"uv":[3.0,0.40625,2.125,0.0],"tintindex":0,"rotation":0,"texture":"#0"},"down":{"uv":[3.0,0.4375,2.125,0.84375],"tintindex":0,"rotation":0,"texture":"#0"}}},{"from":[-5.242973,19.87277,6.697045],"to":[4.735026,23.85077,19.675045],"faces":{"east":{"uv":[1.125,7.65625,1.53125,7.78125],"tintindex":0,"rotation":0,"texture":"#0"},"south":{"uv":[8.03125,6.21875,8.34375,6.34375],"tintindex":0,"rotation":0,"texture":"#0"},"north":{"uv":[8.03125,6.0625,8.34375,6.1875],"tintindex":0,"rotation":0,"texture":"#0"},"west":{"uv":[7.65625,3.84375,8.0625,3.96875],"tintindex":0,"rotation":0,"texture":"#0"},"up":{"uv":[1.59375,6.53125,1.28125,6.125],"tintindex":0,"rotation":0,"texture":"#0"},"down":{"uv":[6.46875,0.46875,6.15625,0.875],"tintindex":0,"rotation":0,"texture":"#0"}},"rotation":{"origin":[8.746026,18.86177,13.186045],"angle":22.5,"axis":"z"}},{"from":[-2.007823,1.6236,2.2860446],"to":[17.992176,21.6236,2.2860446],"faces":{"south":{"uv":[2.09375,2.09375,2.71875,2.71875],"tintindex":0,"rotation":0,"texture":"#0"},"north":{"uv":[2.09375,1.4375,2.71875,2.0625],"tintindex":0,"rotation":0,"texture":"#0"}},"rotation":{"origin":[7.9921765,11.6236,2.2860446],"angle":-45.0,"axis":"z"}},{"from":[-2.007823,2.5236015,3.986045],"to":[17.992176,22.523602,3.986045],"faces":{"south":{"uv":[1.4375,2.09375,2.0625,2.71875],"tintindex":0,"rotation":0,"texture":"#0"},"north":{"uv":[1.4375,1.4375,2.0625,2.0625],"tintindex":0,"rotation":0,"texture":"#0"}},"rotation":{"origin":[7.9921765,12.523602,2.5860448],"angle":22.5,"axis":"x"}},{"from":[13.711144,7.1918106,19.486044],"to":[23.711145,11.191811,21.486044],"faces":{"east":{"uv":[1.15625,8.75,1.21875,8.875],"tintindex":0,"rotation":0,"texture":"#0"},"south":{"uv":[8.09375,2.75,8.40625,2.875],"tintindex":0,"rotation":0,"texture":"#0"},"north":{"uv":[8.09375,2.59375,8.40625,2.71875],"tintindex":0,"rotation":0,"texture":"#0"},"west":{"uv":[1.25,8.75,1.3125,8.875],"tintindex":0,"rotation":0,"texture":"#0"},"up":{"uv":[8.90625,6.6875,8.59375,6.625],"tintindex":0,"rotation":0,"texture":"#0"},"down":{"uv":[7.0,8.59375,6.6875,8.65625],"tintindex":0,"rotation":0,"texture":"#0"}},"rotation":{"origin":[16.711145,10.691811,20.486044],"angle":22.5,"axis":"z"}},{"from":[10.728238,8.209269,19.496044],"to":[17.708239,11.189268,21.476044],"faces":{"east":{"uv":[8.75,7.25,8.8125,7.34375],"tintindex":0,"rotation":0,"texture":"#0"},"south":{"uv":[1.8125,8.5625,2.03125,8.65625],"tintindex":0,"rotation":0,"texture":"#0"},"north":{"uv":[1.5625,8.5625,1.78125,8.65625],"tintindex":0,"rotation":0,"texture":"#0"},"west":{"uv":[7.6875,8.75,7.75,8.84375],"tintindex":0,"rotation":0,"texture":"#0"},"up":{"uv":[5.71875,8.71875,5.5,8.65625],"tintindex":0,"rotation":0,"texture":"#0"},"down":{"uv":[8.875,5.59375,8.65625,5.65625],"tintindex":0,"rotation":0,"texture":"#0"}},"rotation":{"origin":[14.218238,10.199268,20.486044],"angle":-45.0,"axis":"z"}},{"from":[0.7661152,14.820591,19.486044],"to":[1.7661152,15.820591,21.486044],"faces":{"east":{"uv":[1.5,7.0,1.5625,7.03125],"tintindex":0,"rotation":0,"texture":"#0"},"south":{"uv":[4.0625,5.71875,4.09375,5.75],"tintindex":0,"rotation":0,"texture":"#0"},"north":{"uv":[4.0625,5.65625,4.09375,5.6875],"tintindex":0,"rotation":0,"texture":"#0"},"west":{"uv":[7.0625,5.65625,7.125,5.6875],"tintindex":0,"rotation":0,"texture":"#0"},"up":{"uv":[5.25,2.15625,5.21875,2.09375],"tintindex":0,"rotation":0,"texture":"#0"},"down":{"uv":[5.25,2.1875,5.21875,2.25],"tintindex":0,"rotation":0,"texture":"#0"}},"rotation":{"origin":[1.7661152,12.320591,20.486044],"angle":45.0,"axis":"z"}},{"from":[14.218238,14.820591,19.486044],"to":[15.218238,15.820591,21.486044],"faces":{"east":{"uv":[7.28125,0.28125,7.34375,0.3125],"tintindex":0,"rotation":0,"texture":"#0"},"south":{"uv":[1.9375,5.9375,1.96875,5.96875],"tintindex":0,"rotation":0,"texture":"#0"},"north":{"uv":[1.9375,5.875,1.96875,5.90625],"tintindex":0,"rotation":0,"texture":"#0"},"west":{"uv":[7.28125,2.625,7.34375,2.65625],"tintindex":0,"rotation":0,"texture":"#0"},"up":{"uv":[5.25,2.34375,5.21875,2.28125],"tintindex":0,"rotation":0,"texture":"#0"},"down":{"uv":[5.25,2.375,5.21875,2.4375],"tintindex":0,"rotation":0,"texture":"#0"}},"rotation":{"origin":[14.218238,12.320591,20.486044],"angle":-45.0,"axis":"z"}},{"from":[8.138623,5.5236015,1.9860449],"to":[11.138623,8.523602,2.986045],"faces":{"east":{"uv":[3.15625,4.6875,3.1875,4.78125],"tintindex":0,"rotation":0,"texture":"#0"},"south":{"uv":[7.40625,5.0,7.5,5.09375],"tintindex":0,"rotation":0,"texture":"#0"},"north":{"uv":[5.4375,6.03125,5.53125,6.125],"tintindex":0,"rotation":0,"texture":"#0"},"west":{"uv":[0.40625,4.9375,0.4375,5.03125],"tintindex":0,"rotation":0,"texture":"#0"},"up":{"uv":[2.71875,3.09375,2.625,3.0625],"tintindex":0,"rotation":0,"texture":"#0"},"down":{"uv":[4.6875,1.46875,4.59375,1.5],"tintindex":0,"rotation":0,"texture":"#0"}},"rotation":{"origin":[7.638623,5.5236015,2.5860448],"angle":45.0,"axis":"z"}},{"from":[-1.2338839,15.820591,4.6860447],"to":[-0.23388386,16.820591,6.6860447],"faces":{"east":{"uv":[6.6875,4.84375,6.75,4.875],"tintindex":0,"rotation":0,"texture":"#0"},"south":{"uv":[4.0625,5.59375,4.09375,5.625],"tintindex":0,"rotation":0,"texture":"#0"},"north":{"uv":[4.0625,5.53125,4.09375,5.5625],"tintindex":0,"rotation":0,"texture":"#0"},"west":{"uv":[0.125,6.75,0.1875,6.78125],"tintindex":0,"rotation":0,"texture":"#0"},"up":{"uv":[4.21875,1.90625,4.1875,1.84375],"tintindex":0,"rotation":0,"texture":"#0"},"down":{"uv":[5.09375,1.375,5.0625,1.4375],"tintindex":0,"rotation":0,"texture":"#0"}},"rotation":{"origin":[-0.23388386,13.320591,5.6860447],"angle":45.0,"axis":"z"}},{"from":[3.0041766,8.962436,6.698045],"to":[12.980176,21.938437,19.674046],"faces":{"east":{"uv":[5.0625,3.75,5.46875,4.15625],"tintindex":0,"rotation":0,"texture":"#0"},"south":{"uv":[5.09375,6.03125,5.40625,6.4375],"tintindex":0,"rotation":0,"texture":"#0"},"north":{"uv":[4.25,6.0,4.5625,6.40625],"tintindex":0,"rotation":0,"texture":"#0"},"west":{"uv":[5.0625,4.5625,5.46875,4.96875],"tintindex":0,"rotation":0,"texture":"#0"},"up":{"uv":[6.34375,6.21875,6.03125,5.8125],"tintindex":0,"rotation":0,"texture":"#0"},"down":{"uv":[6.375,4.90625,6.0625,5.3125],"tintindex":0,"rotation":0,"texture":"#0"}}},{"from":[16.218239,15.820591,4.6860447],"to":[17.218239,16.820591,6.6860447],"faces":{"east":{"uv":[7.5625,1.9375,7.625,1.96875],"tintindex":0,"rotation":0,"texture":"#0"},"south":{"uv":[6.0,5.34375,6.03125,5.375],"tintindex":0,"rotation":0,"texture":"#0"},"north":{"uv":[1.9375,6.0,1.96875,6.03125],"tintindex":0,"rotation":0,"texture":"#0"},"west":{"uv":[7.65625,1.9375,7.71875,1.96875],"tintindex":0,"rotation":0,"texture":"#0"},"up":{"uv":[5.25,2.53125,5.21875,2.46875],"tintindex":0,"rotation":0,"texture":"#0"},"down":{"uv":[4.09375,5.4375,4.0625,5.5],"tintindex":0,"rotation":0,"texture":"#0"}},"rotation":{"origin":[16.218239,13.320591,5.6860447],"angle":-45.0,"axis":"z"}},{"from":[-6.007823,5.319977,5.6860447],"to":[8.992177,15.319977,20.686045],"faces":{"east":{"uv":[5.53125,3.03125,6.0,3.34375],"tintindex":0,"rotation":0,"texture":"#0"},"south":{"uv":[5.5625,5.46875,6.03125,5.78125],"tintindex":0,"rotation":0,"texture":"#0"},"north":{"uv":[5.5,4.5625,5.96875,4.875],"tintindex":0,"rotation":0,"texture":"#0"},"west":{"uv":[5.59375,3.375,6.0625,3.6875],"tintindex":0,"rotation":0,"texture":"#0"},"up":{"uv":[4.5625,4.0625,4.09375,3.59375],"tintindex":0,"rotation":0,"texture":"#0"},"down":{"uv":[4.5625,4.09375,4.09375,4.5625],"tintindex":0,"rotation":0,"texture":"#0"}},"rotation":{"origin":[1.4921765,18.319977,6.6860447],"angle":-22.5,"axis":"z"}},{"from":[12.728238,9.209269,4.696045],"to":[19.708239,12.189268,6.6760445],"faces":{"east":{"uv":[7.78125,8.75,7.84375,8.84375],"tintindex":0,"rotation":0,"texture":"#0"},"south":{"uv":[8.5625,4.53125,8.78125,4.625],"tintindex":0,"rotation":0,"texture":"#0"},"north":{"uv":[8.5625,4.40625,8.78125,4.5],"tintindex":0,"rotation":0,"texture":"#0"},"west":{"uv":[8.03125,8.75,8.09375,8.84375],"tintindex":0,"rotation":0,"texture":"#0"},"up":{"uv":[8.875,5.75,8.65625,5.6875],"tintindex":0,"rotation":0,"texture":"#0"},"down":{"uv":[8.875,5.78125,8.65625,5.84375],"tintindex":0,"rotation":0,"texture":"#0"}},"rotation":{"origin":[16.218239,11.199268,5.6860447],"angle":-45.0,"axis":"z"}},{"from":[15.711144,8.191811,4.6860447],"to":[25.711143,12.191811,6.6860447],"faces":{"east":{"uv":[3.5,8.75,3.5625,8.875],"tintindex":0,"rotation":0,"texture":"#0"},"south":{"uv":[8.09375,4.28125,8.40625,4.40625],"tintindex":0,"rotation":0,"texture":"#0"},"north":{"uv":[8.09375,3.8125,8.40625,3.9375],"tintindex":0,"rotation":0,"texture":"#0"},"west":{"uv":[3.59375,8.75,3.65625,8.875],"tintindex":0,"rotation":0,"texture":"#0"},"up":{"uv":[8.90625,6.78125,8.59375,6.71875],"tintindex":0,"rotation":0,"texture":"#0"},"down":{"uv":[8.90625,6.9375,8.59375,7.0],"tintindex":0,"rotation":0,"texture":"#0"}},"rotation":{"origin":[18.711145,11.691811,5.6860447],"angle":22.5,"axis":"z"}},{"from":[-3.7238839,9.209269,4.696045],"to":[3.2561152,12.189268,6.6760445],"faces":{"east":{"uv":[8.21875,7.96875,8.28125,8.0625],"tintindex":0,"rotation":0,"texture":"#0"},"south":{"uv":[0.375,8.5625,0.59375,8.65625],"tintindex":0,"rotation":0,"texture":"#0"},"north":{"uv":[1.1875,3.21875,1.40625,3.3125],"tintindex":0,"rotation":0,"texture":"#0"},"west":{"uv":[5.5625,8.375,5.625,8.46875],"tintindex":0,"rotation":0,"texture":"#0"},"up":{"uv":[2.0625,4.125,1.84375,4.0625],"tintindex":0,"rotation":0,"texture":"#0"},"down":{"uv":[6.0,6.15625,5.78125,6.21875],"tintindex":0,"rotation":0,"texture":"#0"}},"rotation":{"origin":[-0.23388386,11.199268,5.6860447],"angle":45.0,"axis":"z"}},{"from":[1.7661152,11.820591,19.486044],"to":[3.7661152,15.820591,21.486044],"faces":{"east":{"uv":[8.75,0.9375,8.8125,1.0625],"tintindex":0,"rotation":0,"texture":"#0"},"south":{"uv":[1.0625,8.75,1.125,8.875],"tintindex":0,"rotation":0,"texture":"#0"},"north":{"uv":[0.0,8.75,0.0625,8.875],"tintindex":0,"rotation":0,"texture":"#0"},"west":{"uv":[8.75,1.09375,8.8125,1.21875],"tintindex":0,"rotation":0,"texture":"#0"},"up":{"uv":[8.84375,3.8125,8.78125,3.75],"tintindex":0,"rotation":0,"texture":"#0"},"down":{"uv":[8.84375,3.84375,8.78125,3.90625],"tintindex":0,"rotation":0,"texture":"#0"}},"rotation":{"origin":[1.7661152,12.320591,20.486044],"angle":45.0,"axis":"z"}},{"from":[-0.23388386,12.820591,4.6860447],"to":[1.7661152,16.820591,6.6860447],"faces":{"east":{"uv":[7.59375,8.71875,7.65625,8.84375],"tintindex":0,"rotation":0,"texture":"#0"},"south":{"uv":[7.9375,8.71875,8.0,8.84375],"tintindex":0,"rotation":0,"texture":"#0"},"north":{"uv":[7.5,8.71875,7.5625,8.84375],"tintindex":0,"rotation":0,"texture":"#0"},"west":{"uv":[8.71875,8.09375,8.78125,8.21875],"tintindex":0,"rotation":0,"texture":"#0"},"up":{"uv":[3.09375,8.46875,3.03125,8.40625],"tintindex":0,"rotation":0,"texture":"#0"},"down":{"uv":[1.40625,8.4375,1.34375,8.5],"tintindex":0,"rotation":0,"texture":"#0"}},"rotation":{"origin":[-0.23388386,13.320591,5.6860447],"angle":45.0,"axis":"z"}},{"from":[6.9921765,5.319977,5.6860447],"to":[21.992176,15.319977,20.686045],"faces":{"east":{"uv":[5.5,2.34375,5.96875,2.65625],"tintindex":0,"rotation":0,"texture":"#0"},"south":{"uv":[5.5,2.6875,5.96875,3.0],"tintindex":0,"rotation":0,"texture":"#0"},"north":{"uv":[5.5,0.0,5.96875,0.3125],"tintindex":0,"rotation":0,"texture":"#0"},"west":{"uv":[5.5,3.75,5.96875,4.0625],"tintindex":0,"rotation":0,"texture":"#0"},"up":{"uv":[1.28125,4.5625,0.8125,4.09375],"tintindex":0,"rotation":0,"texture":"#0"},"down":{"uv":[1.78125,4.09375,1.3125,4.5625],"tintindex":0,"rotation":0,"texture":"#0"}},"rotation":{"origin":[14.492176,18.319977,6.6860447],"angle":22.5,"axis":"z"}},{"from":[-9.726791,8.191811,4.6860447],"to":[0.27320862,12.191811,6.6860447],"faces":{"east":{"uv":[7.0,7.53125,7.0625,7.65625],"tintindex":0,"rotation":0,"texture":"#0"},"south":{"uv":[8.03125,7.28125,8.34375,7.40625],"tintindex":0,"rotation":0,"texture":"#0"},"north":{"uv":[6.90625,8.03125,7.21875,8.15625],"tintindex":0,"rotation":0,"texture":"#0"},"west":{"uv":[7.65625,6.40625,7.71875,6.53125],"tintindex":0,"rotation":0,"texture":"#0"},"up":{"uv":[8.875,6.90625,8.5625,6.84375],"tintindex":0,"rotation":0,"texture":"#0"},"down":{"uv":[8.90625,3.28125,8.59375,3.34375],"tintindex":0,"rotation":0,"texture":"#0"}},"rotation":{"origin":[-2.7267914,11.691811,5.6860447],"angle":-22.5,"axis":"z"}},{"from":[-7.7267914,7.1918106,19.486044],"to":[2.2732086,11.191811,21.486044],"faces":{"east":{"uv":[8.71875,8.25,8.78125,8.375],"tintindex":0,"rotation":0,"texture":"#0"},"south":{"uv":[8.0625,7.09375,8.375,7.21875],"tintindex":0,"rotation":0,"texture":"#0"},"north":{"uv":[8.0625,6.9375,8.375,7.0625],"tintindex":0,"rotation":0,"texture":"#0"},"west":{"uv":[8.71875,8.40625,8.78125,8.53125],"tintindex":0,"rotation":0,"texture":"#0"},"up":{"uv":[8.90625,4.84375,8.59375,4.78125],"tintindex":0,"rotation":0,"texture":"#0"},"down":{"uv":[8.90625,4.875,8.59375,4.9375],"tintindex":0,"rotation":0,"texture":"#0"}},"rotation":{"origin":[-0.7267914,10.691811,20.486044],"angle":-22.5,"axis":"z"}},{"from":[12.218238,11.820591,19.486044],"to":[14.218238,15.820591,21.486044],"faces":{"east":{"uv":[2.34375,8.75,2.40625,8.875],"tintindex":0,"rotation":0,"texture":"#0"},"south":{"uv":[2.4375,8.75,2.5,8.875],"tintindex":0,"rotation":0,"texture":"#0"},"north":{"uv":[8.75,1.875,8.8125,2.0],"tintindex":0,"rotation":0,"texture":"#0"},"west":{"uv":[2.53125,8.75,2.59375,8.875],"tintindex":0,"rotation":0,"texture":"#0"},"up":{"uv":[8.84375,4.28125,8.78125,4.21875],"tintindex":0,"rotation":0,"texture":"#0"},"down":{"uv":[8.84375,4.3125,8.78125,4.375],"tintindex":0,"rotation":0,"texture":"#0"}},"rotation":{"origin":[14.218238,12.320591,20.486044],"angle":-45.0,"axis":"z"}},{"from":[-1.7238839,8.209269,19.496044],"to":[5.256115,11.189268,21.476044],"faces":{"east":{"uv":[6.4375,8.75,6.5,8.84375],"tintindex":0,"rotation":0,"texture":"#0"},"south":{"uv":[0.875,8.5625,1.09375,8.65625],"tintindex":0,"rotation":0,"texture":"#0"},"north":{"uv":[0.625,8.5625,0.84375,8.65625],"tintindex":0,"rotation":0,"texture":"#0"},"west":{"uv":[6.53125,8.75,6.59375,8.84375],"tintindex":0,"rotation":0,"texture":"#0"},"up":{"uv":[8.84375,3.25,8.625,3.1875],"tintindex":0,"rotation":0,"texture":"#0"},"down":{"uv":[8.875,4.65625,8.65625,4.71875],"tintindex":0,"rotation":0,"texture":"#0"}},"rotation":{"origin":[1.7661152,10.199268,20.486044],"angle":45.0,"axis":"z"}},{"from":[2.4921765,10.2235985,6.6860447],"to":[13.492176,23.223598,16.686045],"faces":{"east":{"uv":[5.4375,6.15625,5.75,6.5625],"tintindex":0,"rotation":0,"texture":"#0"},"south":{"uv":[5.8125,1.65625,6.15625,2.0625],"tintindex":0,"rotation":0,"texture":"#0"},"north":{"uv":[3.875,5.78125,4.21875,6.1875],"tintindex":0,"rotation":0,"texture":"#0"},"west":{"uv":[6.1875,1.5,6.5,1.90625],"tintindex":0,"rotation":0,"texture":"#0"},"up":{"uv":[1.15625,4.0625,0.8125,3.75],"tintindex":0,"rotation":0,"texture":"#0"},"down":{"uv":[6.875,3.3125,6.53125,3.625],"tintindex":0,"rotation":0,"texture":"#0"}},"rotation":{"origin":[7.9921765,17.223598,12.686045],"angle":-22.5,"axis":"x"}},{"from":[11.249327,19.87277,6.697045],"to":[21.227327,23.85077,19.675045],"faces":{"east":{"uv":[7.59375,7.3125,8.0,7.4375],"tintindex":0,"rotation":0,"texture":"#0"},"south":{"uv":[8.03125,4.125,8.34375,4.25],"tintindex":0,"rotation":0,"texture":"#0"},"north":{"uv":[1.6875,8.0,2.0,8.125],"tintindex":0,"rotation":0,"texture":"#0"},"west":{"uv":[0.6875,7.65625,1.09375,7.78125],"tintindex":0,"rotation":0,"texture":"#0"},"up":{"uv":[6.375,5.75,6.0625,5.34375],"tintindex":0,"rotation":0,"texture":"#0"},"down":{"uv":[6.40625,1.0625,6.09375,1.46875],"tintindex":0,"rotation":0,"texture":"#0"}},"rotation":{"origin":[7.238327,18.86177,13.186045],"angle":-22.5,"axis":"z"}},{"from":[14.218238,12.820591,4.6860447],"to":[16.218239,16.820591,6.6860447],"faces":{"east":{"uv":[2.71875,8.75,2.78125,8.875],"tintindex":0,"rotation":0,"texture":"#0"},"south":{"uv":[2.8125,8.75,2.875,8.875],"tintindex":0,"rotation":0,"texture":"#0"},"north":{"uv":[2.625,8.75,2.6875,8.875],"tintindex":0,"rotation":0,"texture":"#0"},"west":{"uv":[2.90625,8.75,2.96875,8.875],"tintindex":0,"rotation":0,"texture":"#0"},"up":{"uv":[4.53125,8.84375,4.46875,8.78125],"tintindex":0,"rotation":0,"texture":"#0"},"down":{"uv":[4.625,8.78125,4.5625,8.84375],"tintindex":0,"rotation":0,"texture":"#0"}},"rotation":{"origin":[16.218239,13.320591,5.6860447],"angle":-45.0,"axis":"z"}}],"display":{"gui":{"rotation":[30,225,0]}}}