{"textures":{"0":"modelengine:entity/nocsy_fpv2_boss"},"elements":[{"from":[1.5,10.436123,-6.1000004],"to":[7.5,12.436123,-4.1000004],"faces":{"east":{"uv":[1.71875,4.59375,1.78125,4.65625],"tintindex":0,"rotation":0,"texture":"#0"},"south":{"uv":[7.34375,2.25,7.53125,2.3125],"tintindex":0,"rotation":0,"texture":"#0"},"north":{"uv":[7.25,5.5625,7.4375,5.625],"tintindex":0,"rotation":0,"texture":"#0"},"west":{"uv":[0.3125,5.65625,0.375,5.71875],"tintindex":0,"rotation":0,"texture":"#0"},"up":{"uv":[7.75,0.25,7.5625,0.1875],"tintindex":0,"rotation":0,"texture":"#0"},"down":{"uv":[8.84375,6.375,8.65625,6.4375],"tintindex":0,"rotation":0,"texture":"#0"}},"rotation":{"origin":[8.0,13.436119,1.9000001],"angle":-22.5,"axis":"z"}},{"from":[8.5,10.436123,-6.1000004],"to":[14.5,12.436123,-4.1000004],"faces":{"east":{"uv":[1.625,6.53125,1.6875,6.59375],"tintindex":0,"rotation":0,"texture":"#0"},"south":{"uv":[8.65625,7.4375,8.84375,7.5],"tintindex":0,"rotation":0,"texture":"#0"},"north":{"uv":[8.65625,6.46875,8.84375,6.53125],"tintindex":0,"rotation":0,"texture":"#0"},"west":{"uv":[4.0,8.375,4.0625,8.4375],"tintindex":0,"rotation":0,"texture":"#0"},"up":{"uv":[7.90625,8.71875,7.71875,8.65625],"tintindex":0,"rotation":0,"texture":"#0"},"down":{"uv":[8.84375,7.90625,8.65625,7.96875],"tintindex":0,"rotation":0,"texture":"#0"}},"rotation":{"origin":[8.0,13.436119,1.9000001],"angle":22.5,"axis":"z"}},{"from":[1.5,6.436123,-4.8999996],"to":[14.5,8.436123,-4.8999996],"faces":{"south":{"uv":[8.375,4.125,8.78125,4.1875],"tintindex":0,"rotation":0,"texture":"#0"},"north":{"uv":[8.34375,3.40625,8.75,3.46875],"tintindex":0,"rotation":0,"texture":"#0"}}},{"from":[1.5,8.436123,-5.1000004],"to":[14.5,18.43612,8.9],"faces":{"east":{"uv":[5.5625,5.8125,6.0,6.125],"tintindex":0,"rotation":0,"texture":"#0"},"south":{"uv":[6.125,4.15625,6.53125,4.46875],"tintindex":0,"rotation":0,"texture":"#0"},"north":{"uv":[6.09375,3.3125,6.5,3.625],"tintindex":0,"rotation":0,"texture":"#0"},"west":{"uv":[4.625,5.90625,5.0625,6.21875],"tintindex":0,"rotation":0,"texture":"#0"},"up":{"uv":[5.03125,5.0,4.625,4.5625],"tintindex":0,"rotation":0,"texture":"#0"},"down":{"uv":[2.125,4.6875,1.71875,5.125],"tintindex":0,"rotation":0,"texture":"#0"}}},{"from":[8.5,6.13612,-5.3999996],"to":[14.5,13.136124,-5.3999996],"faces":{"south":{"uv":[3.875,7.96875,4.0625,8.1875],"tintindex":0,"rotation":0,"texture":"#0"},"north":{"uv":[3.5625,6.4375,3.75,6.65625],"tintindex":0,"rotation":0,"texture":"#0"}}},{"from":[1.5,6.13612,-5.3999996],"to":[7.5,13.136124,-5.3999996],"faces":{"south":{"uv":[4.84375,7.96875,5.03125,8.1875],"tintindex":0,"rotation":0,"texture":"#0"},"north":{"uv":[4.625,7.96875,4.8125,8.1875],"tintindex":0,"rotation":0,"texture":"#0"}}}],"display":{"gui":{"rotation":[30,225,0]}}}