{"textures":{"0":"modelengine:entity/nocsy_fpv2_boss"},"elements":[{"from":[2.5,-1.0481882,5.75],"to":[13.5,2.9518108,13.75],"faces":{"east":{"uv":[2.84375,1.125,3.34375,1.375],"tintindex":0,"rotation":0,"texture":"#0"},"south":{"uv":[5.0625,0.9375,5.75,1.1875],"tintindex":0,"rotation":0,"texture":"#0"},"north":{"uv":[0.40625,5.0625,1.09375,5.3125],"tintindex":0,"rotation":0,"texture":"#0"},"west":{"uv":[2.09375,3.34375,2.59375,3.59375],"tintindex":0,"rotation":0,"texture":"#0"},"up":{"uv":[2.8125,1.375,2.125,0.875],"tintindex":0,"rotation":0,"texture":"#0"},"down":{"uv":[0.6875,2.15625,0.0,2.65625],"tintindex":0,"rotation":0,"texture":"#0"}}},{"from":[2.4499998,-1.0981884,5.7],"to":[13.55,0.501811,13.8],"faces":{"east":{"uv":[7.90625,5.21875,8.40625,5.3125],"tintindex":0,"rotation":0,"texture":"#0"},"south":{"uv":[7.1875,4.4375,7.875,4.53125],"tintindex":0,"rotation":0,"texture":"#0"},"north":{"uv":[7.1875,0.9375,7.875,1.03125],"tintindex":0,"rotation":0,"texture":"#0"},"west":{"uv":[7.90625,7.46875,8.40625,7.5625],"tintindex":0,"rotation":0,"texture":"#0"},"up":{"uv":[1.40625,3.1875,0.71875,2.6875],"tintindex":0,"rotation":0,"texture":"#0"},"down":{"uv":[3.4375,1.40625,2.75,1.90625],"tintindex":0,"rotation":0,"texture":"#0"}}},{"from":[3.7646446,-3.748189,5.15],"to":[12.264645,4.751812,5.15],"faces":{"south":{"uv":[3.03125,0.5625,3.5625,1.09375],"tintindex":0,"rotation":0,"texture":"#0"},"north":{"uv":[3.03125,0.0,3.5625,0.53125],"tintindex":0,"rotation":0,"texture":"#0"}},"rotation":{"origin":[7.9646444,0.501812,5.15],"angle":45.0,"axis":"z"}},{"from":[10.25,6.5,7.75],"to":[14.25,13.0,12.25],"faces":{"east":{"uv":[6.46875,2.875,6.75,3.28125],"tintindex":0,"rotation":0,"texture":"#0"},"south":{"uv":[6.78125,2.84375,7.03125,3.25],"tintindex":0,"rotation":0,"texture":"#0"},"north":{"uv":[0.9375,6.78125,1.1875,7.1875],"tintindex":0,"rotation":0,"texture":"#0"},"west":{"uv":[6.5,0.46875,6.78125,0.875],"tintindex":0,"rotation":0,"texture":"#0"},"up":{"uv":[7.375,6.84375,7.125,6.5625],"tintindex":0,"rotation":0,"texture":"#0"},"down":{"uv":[7.375,6.875,7.125,7.15625],"tintindex":0,"rotation":0,"texture":"#0"}},"rotation":{"origin":[8.0,8.5,6.75],"angle":-45.0,"axis":"z"}},{"from":[3.0,2.9518108,6.75],"to":[13.0,8.951811,13.25],"faces":{"east":{"uv":[2.8125,5.3125,3.21875,5.6875],"tintindex":0,"rotation":0,"texture":"#0"},"south":{"uv":[1.1875,3.6875,1.8125,4.0625],"tintindex":0,"rotation":0,"texture":"#0"},"north":{"uv":[3.34375,2.71875,3.96875,3.09375],"tintindex":0,"rotation":0,"texture":"#0"},"west":{"uv":[0.40625,5.34375,0.8125,5.71875],"tintindex":0,"rotation":0,"texture":"#0"},"up":{"uv":[3.96875,2.6875,3.34375,2.28125],"tintindex":0,"rotation":0,"texture":"#0"},"down":{"uv":[4.09375,1.125,3.46875,1.53125],"tintindex":0,"rotation":0,"texture":"#0"}}},{"from":[5.073223,-0.7981882,5.25],"to":[10.073223,4.201811,9.25],"faces":{"east":{"uv":[1.21875,7.0,1.46875,7.3125],"tintindex":0,"rotation":0,"texture":"#0"},"south":{"uv":[6.8125,0.4375,7.125,0.75],"tintindex":0,"rotation":0,"texture":"#0"},"north":{"uv":[0.0,6.8125,0.3125,7.125],"tintindex":0,"rotation":0,"texture":"#0"},"west":{"uv":[7.0,1.71875,7.25,2.03125],"tintindex":0,"rotation":0,"texture":"#0"},"up":{"uv":[7.1875,4.8125,6.875,4.5625],"tintindex":0,"rotation":0,"texture":"#0"},"down":{"uv":[7.3125,2.0625,7.0,2.3125],"tintindex":0,"rotation":0,"texture":"#0"}},"rotation":{"origin":[7.823223,1.2018108,7.75],"angle":-45.0,"axis":"z"}},{"from":[1.75,6.5,7.75],"to":[5.75,13.0,12.25],"faces":{"east":{"uv":[6.53125,1.28125,6.8125,1.6875],"tintindex":0,"rotation":0,"texture":"#0"},"south":{"uv":[6.78125,5.28125,7.03125,5.6875],"tintindex":0,"rotation":0,"texture":"#0"},"north":{"uv":[6.78125,4.84375,7.03125,5.25],"tintindex":0,"rotation":0,"texture":"#0"},"west":{"uv":[5.78125,6.53125,6.0625,6.9375],"tintindex":0,"rotation":0,"texture":"#0"},"up":{"uv":[0.25,7.4375,0.0,7.15625],"tintindex":0,"rotation":0,"texture":"#0"},"down":{"uv":[7.40625,0.34375,7.15625,0.625],"tintindex":0,"rotation":0,"texture":"#0"}},"rotation":{"origin":[8.0,8.5,6.75],"angle":45.0,"axis":"z"}},{"from":[3.5,-10.048189,13.7495],"to":[12.5,-1.0481882,13.7495],"faces":{"south":{"uv":[2.75,2.53125,3.3125,3.09375],"tintindex":0,"rotation":0,"texture":"#0"},"north":{"uv":[2.03125,2.75,2.59375,3.3125],"tintindex":0,"rotation":0,"texture":"#0"}}},{"from":[3.5,-10.048189,5.75],"to":[12.5,-1.0481882,5.75],"faces":{"south":{"uv":[2.75,1.9375,3.3125,2.5],"tintindex":0,"rotation":0,"texture":"#0"},"north":{"uv":[1.4375,2.75,2.0,3.3125],"tintindex":0,"rotation":0,"texture":"#0"}}},{"from":[2.4499998,1.4018106,5.7],"to":[13.55,3.001811,13.8],"faces":{"east":{"uv":[3.59375,1.0,4.09375,1.09375],"tintindex":0,"rotation":0,"texture":"#0"},"south":{"uv":[7.15625,5.9375,7.84375,6.03125],"tintindex":0,"rotation":0,"texture":"#0"},"north":{"uv":[7.15625,1.59375,7.84375,1.6875],"tintindex":0,"rotation":0,"texture":"#0"},"west":{"uv":[7.875,5.9375,8.375,6.03125],"tintindex":0,"rotation":0,"texture":"#0"},"up":{"uv":[1.40625,2.65625,0.71875,2.15625],"tintindex":0,"rotation":0,"texture":"#0"},"down":{"uv":[0.6875,2.6875,0.0,3.1875],"tintindex":0,"rotation":0,"texture":"#0"}}}],"display":{"gui":{"rotation":[30,225,0]}}}