{"textures":{"0":"modelengine:entity/nocsy_fpv2_boss"},"elements":[{"from":[11.67604,-13.312494,-1.5450306],"to":[13.17604,-4.8124943,-1.5450306],"faces":{"south":{"uv":[1.5625,7.65625,1.65625,8.1875],"tintindex":0,"rotation":0,"texture":"#0"},"north":{"uv":[2.84375,7.625,2.9375,8.15625],"tintindex":0,"rotation":0,"texture":"#0"}},"rotation":{"origin":[12.1885395,-8.363255,2.9375381],"angle":22.5,"axis":"x"}},{"from":[4.0184855,0.50115395,10.539919],"to":[12.018486,6.001156,13.539919],"faces":{"east":{"uv":[1.84375,3.6875,2.03125,4.03125],"tintindex":0,"rotation":0,"texture":"#0"},"south":{"uv":[3.59375,5.0625,4.09375,5.40625],"tintindex":0,"rotation":0,"texture":"#0"},"north":{"uv":[5.0625,3.375,5.5625,3.71875],"tintindex":0,"rotation":0,"texture":"#0"},"west":{"uv":[0.71875,7.09375,0.90625,7.4375],"tintindex":0,"rotation":0,"texture":"#0"},"up":{"uv":[7.3125,3.84375,6.8125,3.65625],"tintindex":0,"rotation":0,"texture":"#0"},"down":{"uv":[4.40625,6.8125,3.90625,7.0],"tintindex":0,"rotation":0,"texture":"#0"}},"rotation":{"origin":[8.018486,3.251154,12.039919],"angle":22.5,"axis":"x"}},{"from":[13.17604,-13.312494,-1.5450306],"to":[13.17604,-4.8124943,2.9549694],"faces":{"east":{"uv":[0.0,5.4375,0.28125,5.96875],"tintindex":0,"rotation":0,"texture":"#0"},"west":{"uv":[3.5625,5.4375,3.84375,5.96875],"tintindex":0,"rotation":0,"texture":"#0"}},"rotation":{"origin":[12.1885395,-8.363255,2.9375381],"angle":22.5,"axis":"x"}},{"from":[11.67554,-5.457223,1.7062454],"to":[13.16554,3.0327768,5.196246],"faces":{"east":{"uv":[4.90625,6.46875,5.125,7.0],"tintindex":0,"rotation":0,"texture":"#0"},"south":{"uv":[6.3125,7.6875,6.40625,8.21875],"tintindex":0,"rotation":0,"texture":"#0"},"north":{"uv":[4.375,7.6875,4.46875,8.21875],"tintindex":0,"rotation":0,"texture":"#0"},"west":{"uv":[5.15625,6.46875,5.375,7.0],"tintindex":0,"rotation":0,"texture":"#0"},"up":{"uv":[6.90625,7.1875,6.8125,6.96875],"tintindex":0,"rotation":0,"texture":"#0"},"down":{"uv":[6.46875,7.03125,6.375,7.25],"tintindex":0,"rotation":0,"texture":"#0"}},"rotation":{"origin":[12.17054,-0.5129852,6.183815],"angle":22.5,"axis":"x"}},{"from":[5.0184855,4.3392906,10.061565],"to":[11.018486,8.339291,13.061565],"faces":{"east":{"uv":[5.4375,7.9375,5.625,8.1875],"tintindex":0,"rotation":0,"texture":"#0"},"south":{"uv":[6.84375,1.09375,7.21875,1.34375],"tintindex":0,"rotation":0,"texture":"#0"},"north":{"uv":[3.125,6.8125,3.5,7.0625],"tintindex":0,"rotation":0,"texture":"#0"},"west":{"uv":[5.65625,7.9375,5.84375,8.1875],"tintindex":0,"rotation":0,"texture":"#0"},"up":{"uv":[5.4375,4.375,5.0625,4.1875],"tintindex":0,"rotation":0,"texture":"#0"},"down":{"uv":[7.53125,1.375,7.15625,1.5625],"tintindex":0,"rotation":0,"texture":"#0"}},"rotation":{"origin":[8.018486,8.339291,11.561565],"angle":-22.5,"axis":"x"}},{"from":[1.9314575,4.0429573,2.9233599],"to":[3.4314575,8.542957,12.923359],"faces":{"east":{"uv":[3.46875,1.5625,4.09375,1.84375],"tintindex":0,"rotation":0,"texture":"#0"},"south":{"uv":[4.125,1.53125,4.21875,1.8125],"tintindex":0,"rotation":0,"texture":"#0"},"north":{"uv":[2.625,2.75,2.71875,3.03125],"tintindex":0,"rotation":0,"texture":"#0"},"west":{"uv":[4.625,0.625,5.25,0.90625],"tintindex":0,"rotation":0,"texture":"#0"},"up":{"uv":[4.78125,7.9375,4.6875,7.3125],"tintindex":0,"rotation":0,"texture":"#0"},"down":{"uv":[4.90625,7.3125,4.8125,7.9375],"tintindex":0,"rotation":0,"texture":"#0"}},"rotation":{"origin":[3.5032983,1.9124126,7.792626],"angle":-22.5,"axis":"z"}},{"from":[7.5539303,3.415018,3.3500004],"to":[8.55393,5.415016,3.8500004],"faces":{"east":{"uv":[5.0625,1.21875,5.09375,1.34375],"tintindex":0,"rotation":0,"texture":"#0"},"south":{"uv":[6.09375,1.5,6.15625,1.625],"tintindex":0,"rotation":0,"texture":"#0"},"north":{"uv":[5.40625,1.78125,5.46875,1.90625],"tintindex":0,"rotation":0,"texture":"#0"},"west":{"uv":[5.21875,1.9375,5.25,2.0625],"tintindex":0,"rotation":0,"texture":"#0"},"up":{"uv":[3.4375,1.375,3.375,1.34375],"tintindex":0,"rotation":0,"texture":"#0"},"down":{"uv":[4.0625,3.59375,4.0,3.625],"tintindex":0,"rotation":0,"texture":"#0"}},"rotation":{"origin":[7.8039303,3.665018,4.6000004],"angle":45.0,"axis":"x"}},{"from":[2.8664317,-3.017105,3.4012785],"to":[4.366431,4.482895,11.9012785],"faces":{"east":{"uv":[3.59375,0.0,4.125,0.46875],"tintindex":0,"rotation":0,"texture":"#0"},"south":{"uv":[4.5,7.9375,4.59375,8.40625],"tintindex":0,"rotation":0,"texture":"#0"},"north":{"uv":[1.4375,7.8125,1.53125,8.28125],"tintindex":0,"rotation":0,"texture":"#0"},"west":{"uv":[3.59375,0.5,4.125,0.96875],"tintindex":0,"rotation":0,"texture":"#0"},"up":{"uv":[0.09375,8.21875,0.0,7.6875],"tintindex":0,"rotation":0,"texture":"#0"},"down":{"uv":[0.21875,7.6875,0.125,8.21875],"tintindex":0,"rotation":0,"texture":"#0"}}},{"from":[7.483041,3.415018,3.3500004],"to":[8.483041,4.915016,5.8500004],"faces":{"east":{"uv":[4.40625,3.46875,4.5625,3.5625],"tintindex":0,"rotation":0,"texture":"#0"},"south":{"uv":[0.21875,6.21875,0.28125,6.3125],"tintindex":0,"rotation":0,"texture":"#0"},"north":{"uv":[5.71875,1.65625,5.78125,1.75],"tintindex":0,"rotation":0,"texture":"#0"},"west":{"uv":[3.90625,6.6875,4.0625,6.78125],"tintindex":0,"rotation":0,"texture":"#0"},"up":{"uv":[1.34375,6.09375,1.28125,5.9375],"tintindex":0,"rotation":0,"texture":"#0"},"down":{"uv":[3.84375,6.0,3.78125,6.15625],"tintindex":0,"rotation":0,"texture":"#0"}},"rotation":{"origin":[8.233041,3.665018,4.6000004],"angle":-22.5,"axis":"y"}},{"from":[2.8714318,-5.457223,1.7062454],"to":[4.3614316,3.0327768,5.196246],"faces":{"east":{"uv":[2.25,6.46875,2.46875,7.0],"tintindex":0,"rotation":0,"texture":"#0"},"south":{"uv":[5.125,7.59375,5.21875,8.125],"tintindex":0,"rotation":0,"texture":"#0"},"north":{"uv":[6.1875,7.5625,6.28125,8.09375],"tintindex":0,"rotation":0,"texture":"#0"},"west":{"uv":[2.5,6.46875,2.71875,7.0],"tintindex":0,"rotation":0,"texture":"#0"},"up":{"uv":[4.5625,6.65625,4.46875,6.4375],"tintindex":0,"rotation":0,"texture":"#0"},"down":{"uv":[6.59375,6.71875,6.5,6.9375],"tintindex":0,"rotation":0,"texture":"#0"}},"rotation":{"origin":[3.8664317,-0.5129852,6.183815],"angle":22.5,"axis":"x"}},{"from":[7.5539303,3.415018,3.3500004],"to":[8.55393,4.915016,5.8500004],"faces":{"east":{"uv":[6.4375,8.03125,6.59375,8.125],"tintindex":0,"rotation":0,"texture":"#0"},"south":{"uv":[6.21875,8.125,6.28125,8.21875],"tintindex":0,"rotation":0,"texture":"#0"},"north":{"uv":[6.90625,7.90625,6.96875,8.0],"tintindex":0,"rotation":0,"texture":"#0"},"west":{"uv":[8.65625,1.375,8.8125,1.46875],"tintindex":0,"rotation":0,"texture":"#0"},"up":{"uv":[6.5,1.4375,6.4375,1.28125],"tintindex":0,"rotation":0,"texture":"#0"},"down":{"uv":[6.59375,1.71875,6.53125,1.875],"tintindex":0,"rotation":0,"texture":"#0"}},"rotation":{"origin":[7.8039303,3.665018,4.6000004],"angle":22.5,"axis":"y"}},{"from":[4.3609314,-13.312494,-1.5450306],"to":[4.3609314,-4.8124943,2.9549694],"faces":{"east":{"uv":[4.625,5.34375,4.90625,5.875],"tintindex":0,"rotation":0,"texture":"#0"},"west":{"uv":[4.9375,5.34375,5.21875,5.875],"tintindex":0,"rotation":0,"texture":"#0"}},"rotation":{"origin":[3.8609314,-8.363255,2.9375381],"angle":22.5,"axis":"x"}},{"from":[2.8609314,-13.312494,-1.5450306],"to":[2.8609314,-4.8124943,2.9549694],"faces":{"east":{"uv":[5.40625,1.21875,5.6875,1.75],"tintindex":0,"rotation":0,"texture":"#0"},"west":{"uv":[3.25,5.40625,3.53125,5.9375],"tintindex":0,"rotation":0,"texture":"#0"}},"rotation":{"origin":[3.8484316,-8.363255,2.9375381],"angle":22.5,"axis":"x"}},{"from":[2.8609314,-13.312494,-1.5450306],"to":[4.3609314,-4.8124943,-1.5450306],"faces":{"south":{"uv":[2.71875,7.625,2.8125,8.15625],"tintindex":0,"rotation":0,"texture":"#0"},"north":{"uv":[2.03125,7.625,2.125,8.15625],"tintindex":0,"rotation":0,"texture":"#0"}},"rotation":{"origin":[3.8484316,-8.363255,2.9375381],"angle":22.5,"axis":"x"}},{"from":[11.67604,-13.312494,-1.5450306],"to":[11.67604,-4.8124943,2.9549694],"faces":{"east":{"uv":[5.25,5.46875,5.53125,6.0],"tintindex":0,"rotation":0,"texture":"#0"},"west":{"uv":[5.5,1.78125,5.78125,2.3125],"tintindex":0,"rotation":0,"texture":"#0"}},"rotation":{"origin":[12.17604,-8.363255,2.9375381],"angle":22.5,"axis":"x"}},{"from":[12.605514,4.0429573,2.9233599],"to":[14.105514,8.542957,12.923359],"faces":{"east":{"uv":[4.875,3.0625,5.5,3.34375],"tintindex":0,"rotation":0,"texture":"#0"},"south":{"uv":[3.125,8.1875,3.21875,8.46875],"tintindex":0,"rotation":0,"texture":"#0"},"north":{"uv":[6.4375,4.5,6.53125,4.78125],"tintindex":0,"rotation":0,"texture":"#0"},"west":{"uv":[4.625,5.03125,5.25,5.3125],"tintindex":0,"rotation":0,"texture":"#0"},"up":{"uv":[1.8125,7.96875,1.71875,7.34375],"tintindex":0,"rotation":0,"texture":"#0"},"down":{"uv":[3.5625,7.34375,3.46875,7.96875],"tintindex":0,"rotation":0,"texture":"#0"}},"rotation":{"origin":[12.533672,1.9124126,7.792626],"angle":22.5,"axis":"z"}},{"from":[4.4880934,7.953145,1.9183588],"to":[8.498093,9.463145,12.928359],"faces":{"east":{"uv":[7.125,7.1875,7.8125,7.28125],"tintindex":0,"rotation":0,"texture":"#0"},"south":{"uv":[8.40625,7.125,8.65625,7.21875],"tintindex":0,"rotation":0,"texture":"#0"},"north":{"uv":[2.8125,6.3125,3.0625,6.40625],"tintindex":0,"rotation":0,"texture":"#0"},"west":{"uv":[7.21875,3.25,7.90625,3.34375],"tintindex":0,"rotation":0,"texture":"#0"},"up":{"uv":[1.375,5.75,1.125,5.0625],"tintindex":0,"rotation":0,"texture":"#0"},"down":{"uv":[4.375,5.0625,4.125,5.75],"tintindex":0,"rotation":0,"texture":"#0"}},"rotation":{"origin":[5.9930935,8.708145,7.6733594],"angle":22.5,"axis":"z"}},{"from":[11.67054,-3.017105,3.4012785],"to":[13.17054,4.482895,11.9012785],"faces":{"east":{"uv":[2.09375,3.65625,2.625,4.125],"tintindex":0,"rotation":0,"texture":"#0"},"south":{"uv":[3.25,7.96875,3.34375,8.4375],"tintindex":0,"rotation":0,"texture":"#0"},"north":{"uv":[2.34375,7.96875,2.4375,8.4375],"tintindex":0,"rotation":0,"texture":"#0"},"west":{"uv":[2.65625,3.65625,3.1875,4.125],"tintindex":0,"rotation":0,"texture":"#0"},"up":{"uv":[4.21875,8.21875,4.125,7.6875],"tintindex":0,"rotation":0,"texture":"#0"},"down":{"uv":[4.34375,7.6875,4.25,8.21875],"tintindex":0,"rotation":0,"texture":"#0"}}},{"from":[7.5388775,7.953145,1.9183588],"to":[11.548878,9.463145,12.928359],"faces":{"east":{"uv":[7.21875,3.375,7.90625,3.46875],"tintindex":0,"rotation":0,"texture":"#0"},"south":{"uv":[3.25,8.5,3.5,8.59375],"tintindex":0,"rotation":0,"texture":"#0"},"north":{"uv":[8.4375,0.875,8.6875,0.96875],"tintindex":0,"rotation":0,"texture":"#0"},"west":{"uv":[7.21875,3.5,7.90625,3.59375],"tintindex":0,"rotation":0,"texture":"#0"},"up":{"uv":[5.375,1.90625,5.125,1.21875],"tintindex":0,"rotation":0,"texture":"#0"},"down":{"uv":[1.96875,5.15625,1.71875,5.84375],"tintindex":0,"rotation":0,"texture":"#0"}},"rotation":{"origin":[10.043878,8.708145,7.6733594],"angle":-22.5,"axis":"z"}}],"display":{"gui":{"rotation":[30,225,0]}}}