{"textures":{"0":"modelengine:entity/nocsy_fpv2_boss"},"elements":[{"from":[3.9999995,-14.999615,2.505086],"to":[12.0,-6.9996166,2.505086],"faces":{"south":{"uv":[7.28125,0.0,7.53125,0.25],"tintindex":0,"rotation":0,"texture":"#0"},"north":{"uv":[6.8125,7.25,7.0625,7.5],"tintindex":0,"rotation":0,"texture":"#0"}},"rotation":{"origin":[8.0,-5.9996166,7.505086],"angle":22.5,"axis":"x"}},{"from":[11.996995,-15.899998,2.503005],"to":[11.996995,-7.8999996,12.503004],"faces":{"east":{"uv":[2.375,7.03125,2.6875,7.28125],"tintindex":0,"rotation":0,"texture":"#0"},"west":{"uv":[3.90625,7.03125,4.21875,7.28125],"tintindex":0,"rotation":0,"texture":"#0"}},"rotation":{"origin":[6.9969954,-6.8999996,6.503005],"angle":22.5,"axis":"z"}},{"from":[3.9999995,-15.899998,12.5],"to":[12.0,-7.8999996,12.5],"faces":{"south":{"uv":[7.25,5.125,7.5,5.375],"tintindex":0,"rotation":0,"texture":"#0"},"north":{"uv":[0.9375,7.21875,1.1875,7.46875],"tintindex":0,"rotation":0,"texture":"#0"}},"rotation":{"origin":[8.0,-6.8999996,7.5],"angle":-22.5,"axis":"x"}},{"from":[3.9999995,-10.5,2.5],"to":[12.0,7.5,12.5],"faces":{"east":{"uv":[2.15625,4.6875,2.46875,5.25],"tintindex":0,"rotation":0,"texture":"#0"},"south":{"uv":[2.8125,5.71875,3.0625,6.28125],"tintindex":0,"rotation":0,"texture":"#0"},"north":{"uv":[0.84375,5.34375,1.09375,5.90625],"tintindex":0,"rotation":0,"texture":"#0"},"west":{"uv":[2.5,4.6875,2.8125,5.25],"tintindex":0,"rotation":0,"texture":"#0"},"up":{"uv":[7.25,2.65625,7.0,2.34375],"tintindex":0,"rotation":0,"texture":"#0"},"down":{"uv":[2.34375,7.03125,2.09375,7.34375],"tintindex":0,"rotation":0,"texture":"#0"}}},{"from":[4.0020814,-15.899616,2.503005],"to":[4.0020814,-7.8996162,12.503004],"faces":{"east":{"uv":[4.25,7.03125,4.5625,7.28125],"tintindex":0,"rotation":0,"texture":"#0"},"west":{"uv":[4.59375,7.03125,4.90625,7.28125],"tintindex":0,"rotation":0,"texture":"#0"}},"rotation":{"origin":[9.002081,-6.8996162,6.503005],"angle":-22.5,"axis":"z"}}],"display":{"gui":{"rotation":[30,225,0]}}}