{"textures":{"1":"modelengine:entity/nocsy_fpv2_ghoul"},"elements":[{"from":[5.5,4.0000005,2.9],"to":[10.5,9.0,8.9],"faces":{"east":{"uv":[8.375,4.25,9.125,4.875],"tintindex":0,"rotation":0,"texture":"#1"},"south":{"uv":[9.0,5.875,9.625,6.5],"tintindex":0,"rotation":0,"texture":"#1"},"north":{"uv":[9.0,3.5,9.625,4.125],"tintindex":0,"rotation":0,"texture":"#1"},"west":{"uv":[4.375,8.375,5.125,9.0],"tintindex":0,"rotation":0,"texture":"#1"},"up":{"uv":[7.0,9.25,6.375,8.5],"tintindex":0,"rotation":0,"texture":"#1"},"down":{"uv":[9.125,7.875,8.5,8.625],"tintindex":0,"rotation":0,"texture":"#1"}}}],"display":{"gui":{"rotation":[30,225,0]}}}