{"textures":{"1":"modelengine:entity/nocsy_fpv2_ghoul"},"elements":[{"from":[10.129318,2.2420006,-1.4255466],"to":[10.129318,11.242001,6.574454],"faces":{"east":{"uv":[1.125,4.625,2.125,5.75],"tintindex":0,"rotation":0,"texture":"#1"},"west":{"uv":[2.25,4.625,3.25,5.75],"tintindex":0,"rotation":0,"texture":"#1"}},"rotation":{"origin":[7.5,6.3871956,-2.196186],"angle":22.5,"axis":"y"}},{"from":[10.5,3.8856735,1.838676],"to":[10.5,9.8856735,7.838676],"faces":{"east":{"uv":[7.5,2.625,8.25,3.375],"tintindex":0,"rotation":0,"texture":"#1"},"west":{"uv":[7.75,5.375,8.5,6.125],"tintindex":0,"rotation":0,"texture":"#1"}},"rotation":{"origin":[7.5,6.8871956,6.303814],"angle":22.5,"axis":"x"}},{"from":[3.5,2.2420006,-2.011487],"to":[11.5,6.2420006,6.988513],"faces":{"east":{"uv":[7.75,6.25,8.875,6.75],"tintindex":0,"rotation":0,"texture":"#1"},"south":{"uv":[8.375,2.875,9.375,3.375],"tintindex":0,"rotation":0,"texture":"#1"},"north":{"uv":[8.375,2.25,9.375,2.75],"tintindex":0,"rotation":0,"texture":"#1"},"west":{"uv":[6.5,7.875,7.625,8.375],"tintindex":0,"rotation":0,"texture":"#1"},"up":{"uv":[2.25,4.5,1.25,3.375],"tintindex":0,"rotation":0,"texture":"#1"},"down":{"uv":[3.375,3.375,2.375,4.5],"tintindex":0,"rotation":0,"texture":"#1"}}},{"from":[4.5,3.8856735,1.838676],"to":[4.5,9.8856735,7.838676],"faces":{"east":{"uv":[7.5,0.875,8.25,1.625],"tintindex":0,"rotation":0,"texture":"#1"},"west":{"uv":[7.5,1.75,8.25,2.5],"tintindex":0,"rotation":0,"texture":"#1"}},"rotation":{"origin":[7.5,6.8871956,6.303814],"angle":22.5,"axis":"x"}},{"from":[3.5,2.0074787,-1.8146992],"to":[11.5,11.007479,-1.8146992],"faces":{"south":{"uv":[3.75,0.0,4.75,1.125],"tintindex":0,"rotation":0,"texture":"#1"},"north":{"uv":[3.5,3.375,4.5,4.5],"tintindex":0,"rotation":0,"texture":"#1"}},"rotation":{"origin":[7.5,6.3871956,-2.196186],"angle":-45.0,"axis":"x"}},{"from":[5.0,1.8871956,-1.1961861],"to":[5.0,10.887196,6.803814],"faces":{"east":{"uv":[3.75,1.25,4.75,2.375],"tintindex":0,"rotation":0,"texture":"#1"},"west":{"uv":[0.0,4.5,1.0,5.625],"tintindex":0,"rotation":0,"texture":"#1"}},"rotation":{"origin":[7.5,6.3871956,-2.196186],"angle":-22.5,"axis":"y"}}],"display":{"gui":{"rotation":[30,225,0]}}}