{"textures":{"1":"modelengine:entity/nocsy_fpv2_ghoul"},"elements":[{"from":[6.014396,1.4682075,5.9692526],"to":[8.814396,8.268207,9.769253],"faces":{"east":{"uv":[2.75,8.875,3.25,9.75],"tintindex":0,"rotation":0,"texture":"#1"},"south":{"uv":[6.5,9.375,6.875,10.25],"tintindex":0,"rotation":0,"texture":"#1"},"north":{"uv":[6.0,9.375,6.375,10.25],"tintindex":0,"rotation":0,"texture":"#1"},"west":{"uv":[7.875,8.875,8.375,9.75],"tintindex":0,"rotation":0,"texture":"#1"},"up":{"uv":[7.625,5.875,7.25,5.375],"tintindex":0,"rotation":0,"texture":"#1"},"down":{"uv":[2.375,8.25,2.0,8.75],"tintindex":0,"rotation":0,"texture":"#1"}}}],"display":{"gui":{"rotation":[30,225,0]}}}