{"textures":{"1":"modelengine:entity/nocsy_fpv2_ghoul"},"elements":[{"from":[8.715717,0.1924139,6.186576],"to":[11.515717,5.992415,9.986576],"faces":{"east":{"uv":[9.375,1.25,9.875,2.0],"tintindex":0,"rotation":0,"texture":"#1"},"south":{"uv":[9.875,7.625,10.25,8.375],"tintindex":0,"rotation":0,"texture":"#1"},"north":{"uv":[2.75,9.875,3.125,10.625],"tintindex":0,"rotation":0,"texture":"#1"},"west":{"uv":[9.375,4.875,9.875,5.625],"tintindex":0,"rotation":0,"texture":"#1"},"up":{"uv":[10.625,1.125,10.25,0.625],"tintindex":0,"rotation":0,"texture":"#1"},"down":{"uv":[3.625,10.25,3.25,10.75],"tintindex":0,"rotation":0,"texture":"#1"}}},{"from":[7.5067515,3.7718349,5.1865754],"to":[12.306751,7.571835,10.986576],"faces":{"east":{"uv":[9.375,0.0,10.125,0.5],"tintindex":0,"rotation":0,"texture":"#1"},"south":{"uv":[7.0,9.75,7.625,10.25],"tintindex":0,"rotation":0,"texture":"#1"},"north":{"uv":[9.75,5.75,10.375,6.25],"tintindex":0,"rotation":0,"texture":"#1"},"west":{"uv":[9.375,0.625,10.125,1.125],"tintindex":0,"rotation":0,"texture":"#1"},"up":{"uv":[5.875,9.5,5.25,8.75],"tintindex":0,"rotation":0,"texture":"#1"},"down":{"uv":[9.125,8.75,8.5,9.5],"tintindex":0,"rotation":0,"texture":"#1"}},"rotation":{"origin":[10.5840435,7.323881,8.0],"angle":-45.0,"axis":"z"}}],"display":{"gui":{"rotation":[30,225,0]}}}