{"textures":{"1":"modelengine:entity/nocsy_fpv2_ghoul"},"elements":[{"from":[6.3022604,-7.578022,5.262368],"to":[6.3022604,1.4219775,11.262368],"faces":{"east":{"uv":[4.25,5.875,5.0,7.0],"tintindex":0,"rotation":0,"texture":"#1"},"west":{"uv":[5.125,6.0,5.875,7.125],"tintindex":0,"rotation":0,"texture":"#1"}},"rotation":{"origin":[5.026469,-3.4700823,8.2857065],"angle":22.5,"axis":"y"}},{"from":[5.0481653,1.4219775,5.004282],"to":[10.048165,8.421977,11.004282],"faces":{"east":{"uv":[6.875,6.0,7.625,6.875],"tintindex":0,"rotation":0,"texture":"#1"},"south":{"uv":[7.75,7.875,8.375,8.75],"tintindex":0,"rotation":0,"texture":"#1"},"north":{"uv":[7.875,6.875,8.5,7.75],"tintindex":0,"rotation":0,"texture":"#1"},"west":{"uv":[0.0,7.0,0.75,7.875],"tintindex":0,"rotation":0,"texture":"#1"},"up":{"uv":[2.625,9.625,2.0,8.875],"tintindex":0,"rotation":0,"texture":"#1"},"down":{"uv":[7.75,8.875,7.125,9.625],"tintindex":0,"rotation":0,"texture":"#1"}}},{"from":[9.007084,-7.578022,5.718708],"to":[9.007084,1.4219775,11.718708],"faces":{"east":{"uv":[6.0,6.0,6.75,7.125],"tintindex":0,"rotation":0,"texture":"#1"},"west":{"uv":[6.375,3.75,7.125,4.875],"tintindex":0,"rotation":0,"texture":"#1"}},"rotation":{"origin":[7.7312927,-3.4700823,8.742046],"angle":22.5,"axis":"y"}},{"from":[10.048165,-7.578022,5.004282],"to":[10.048165,1.4219775,11.004282],"faces":{"east":{"uv":[0.875,5.875,1.625,7.0],"tintindex":0,"rotation":0,"texture":"#1"},"west":{"uv":[1.75,5.875,2.5,7.0],"tintindex":0,"rotation":0,"texture":"#1"}}},{"from":[8.967458,-7.578022,4.297171],"to":[8.967458,1.4219775,10.297171],"faces":{"east":{"uv":[6.625,0.0,7.375,1.125],"tintindex":0,"rotation":0,"texture":"#1"},"west":{"uv":[6.625,1.25,7.375,2.375],"tintindex":0,"rotation":0,"texture":"#1"}},"rotation":{"origin":[7.7303686,-3.4700823,7.3672667],"angle":-22.5,"axis":"y"}}],"display":{"gui":{"rotation":[30,225,0]}}}