{"textures":{"1":"modelengine:entity/nocsy_fpv2_ghoul"},"elements":[{"from":[5.9518356,1.4219775,5.004282],"to":[10.951836,8.421977,11.004282],"faces":{"east":{"uv":[6.375,5.0,7.125,5.875],"tintindex":0,"rotation":0,"texture":"#1"},"south":{"uv":[2.625,7.875,3.25,8.75],"tintindex":0,"rotation":0,"texture":"#1"},"north":{"uv":[5.625,3.75,6.25,4.625],"tintindex":0,"rotation":0,"texture":"#1"},"west":{"uv":[6.625,2.5,7.375,3.375],"tintindex":0,"rotation":0,"texture":"#1"},"up":{"uv":[0.625,9.5,0.0,8.75],"tintindex":0,"rotation":0,"texture":"#1"},"down":{"uv":[4.0,8.75,3.375,9.5],"tintindex":0,"rotation":0,"texture":"#1"}}},{"from":[6.992916,-7.578022,5.718708],"to":[6.992916,1.4219775,11.718708],"faces":{"east":{"uv":[5.75,0.0,6.5,1.125],"tintindex":0,"rotation":0,"texture":"#1"},"west":{"uv":[5.75,1.25,6.5,2.375],"tintindex":0,"rotation":0,"texture":"#1"}},"rotation":{"origin":[8.268707,-3.4700823,8.742046],"angle":-22.5,"axis":"y"}},{"from":[7.0325413,-7.578022,4.297171],"to":[7.0325413,1.4219775,10.297171],"faces":{"east":{"uv":[5.75,2.5,6.5,3.625],"tintindex":0,"rotation":0,"texture":"#1"},"west":{"uv":[3.375,5.75,4.125,6.875],"tintindex":0,"rotation":0,"texture":"#1"}},"rotation":{"origin":[8.26963,-3.4700823,7.3672667],"angle":22.5,"axis":"y"}},{"from":[5.9518356,-7.578022,5.004282],"to":[5.9518356,1.4219775,11.004282],"faces":{"east":{"uv":[4.875,0.0,5.625,1.125],"tintindex":0,"rotation":0,"texture":"#1"},"west":{"uv":[4.875,1.25,5.625,2.375],"tintindex":0,"rotation":0,"texture":"#1"}}},{"from":[9.697741,-7.578022,5.262368],"to":[9.697741,1.4219775,11.262368],"faces":{"east":{"uv":[5.5,4.75,6.25,5.875],"tintindex":0,"rotation":0,"texture":"#1"},"west":{"uv":[0.0,5.75,0.75,6.875],"tintindex":0,"rotation":0,"texture":"#1"}},"rotation":{"origin":[10.97353,-3.4700823,8.2857065],"angle":-22.5,"axis":"y"}}],"display":{"gui":{"rotation":[30,225,0]}}}