{"textures":{"1":"modelengine:entity/nocsy_fpv2_ghoul"},"elements":[{"from":[4.5,14.275579,0.79090977],"to":[11.5,20.27558,6.79091],"faces":{"east":{"uv":[3.75,2.5,4.5,3.25],"tintindex":0,"rotation":0,"texture":"#1"},"south":{"uv":[6.875,7.0,7.75,7.75],"tintindex":0,"rotation":0,"texture":"#1"},"north":{"uv":[2.625,7.0,3.5,7.75],"tintindex":0,"rotation":0,"texture":"#1"},"west":{"uv":[7.5,0.0,8.25,0.75],"tintindex":0,"rotation":0,"texture":"#1"},"up":{"uv":[1.75,7.875,0.875,7.125],"tintindex":0,"rotation":0,"texture":"#1"},"down":{"uv":[4.5,7.125,3.625,7.875],"tintindex":0,"rotation":0,"texture":"#1"}},"rotation":{"origin":[8.0,18.06066,5.453553],"angle":-45.0,"axis":"x"}},{"from":[10.134773,8.451179,-0.045181274],"to":[10.134773,16.45118,4.9548187],"faces":{"east":{"uv":[2.625,5.875,3.25,6.875],"tintindex":0,"rotation":0,"texture":"#1"},"west":{"uv":[1.875,7.125,2.5,8.125],"tintindex":0,"rotation":0,"texture":"#1"}},"rotation":{"origin":[7.1959915,12.06066,0.3936],"angle":45.0,"axis":"y"}},{"from":[3.5,8.451179,1.5401292],"to":[12.5,16.45118,9.540129],"faces":{"east":{"uv":[4.625,2.5,5.625,3.5],"tintindex":0,"rotation":0,"texture":"#1"},"south":{"uv":[1.25,2.25,2.375,3.25],"tintindex":0,"rotation":0,"texture":"#1"},"north":{"uv":[0.0,2.25,1.125,3.25],"tintindex":0,"rotation":0,"texture":"#1"},"west":{"uv":[3.375,4.625,4.375,5.625],"tintindex":0,"rotation":0,"texture":"#1"},"up":{"uv":[3.625,3.25,2.5,2.25],"tintindex":0,"rotation":0,"texture":"#1"},"down":{"uv":[1.125,3.375,0.0,4.375],"tintindex":0,"rotation":0,"texture":"#1"}}},{"from":[8.0,12.27558,0.79090977],"to":[8.0,20.27558,13.79091],"faces":{"east":{"uv":[2.0,0.0,3.625,1.0],"tintindex":0,"rotation":0,"texture":"#1"},"west":{"uv":[2.0,1.125,3.625,2.125],"tintindex":0,"rotation":0,"texture":"#1"}},"rotation":{"origin":[11.5,18.06066,5.453553],"angle":-45.0,"axis":"x"}},{"from":[5.8652267,8.451179,-0.045181274],"to":[5.8652267,16.45118,4.9548187],"faces":{"east":{"uv":[7.25,3.5,7.875,4.5],"tintindex":0,"rotation":0,"texture":"#1"},"west":{"uv":[4.625,7.25,5.25,8.25],"tintindex":0,"rotation":0,"texture":"#1"}},"rotation":{"origin":[8.8040085,12.06066,0.3936],"angle":-45.0,"axis":"y"}},{"from":[8.0,8.451179,1.5401292],"to":[8.0,16.45118,16.540129],"faces":{"east":{"uv":[0.0,0.0,1.875,1.0],"tintindex":0,"rotation":0,"texture":"#1"},"west":{"uv":[0.0,1.125,1.875,2.125],"tintindex":0,"rotation":0,"texture":"#1"}}}],"display":{"gui":{"rotation":[30,225,0]}}}