{"textures":{"0":"modelengine:entity/nocsy_fpv2_boss"},"elements":[{"from":[11.997919,-15.899616,2.503005],"to":[11.997919,-7.8996162,12.503004],"faces":{"east":{"uv":[7.0625,2.6875,7.375,2.9375],"tintindex":0,"rotation":0,"texture":"#0"},"west":{"uv":[7.0625,2.96875,7.375,3.21875],"tintindex":0,"rotation":0,"texture":"#0"}},"rotation":{"origin":[6.997919,-6.8996162,6.503005],"angle":22.5,"axis":"z"}},{"from":[4.0,-10.5,2.5],"to":[12.0,7.5,12.5],"faces":{"east":{"uv":[3.25,4.8125,3.5625,5.375],"tintindex":0,"rotation":0,"texture":"#0"},"south":{"uv":[2.0,5.75,2.25,6.3125],"tintindex":0,"rotation":0,"texture":"#0"},"north":{"uv":[0.3125,5.75,0.5625,6.3125],"tintindex":0,"rotation":0,"texture":"#0"},"west":{"uv":[4.875,1.96875,5.1875,2.53125],"tintindex":0,"rotation":0,"texture":"#0"},"up":{"uv":[5.1875,7.34375,4.9375,7.03125],"tintindex":0,"rotation":0,"texture":"#0"},"down":{"uv":[5.46875,7.03125,5.21875,7.34375],"tintindex":0,"rotation":0,"texture":"#0"}}},{"from":[4.0,-14.999615,2.505086],"to":[12.0,-6.9996166,2.505086],"faces":{"south":{"uv":[3.875,7.3125,4.125,7.5625],"tintindex":0,"rotation":0,"texture":"#0"},"north":{"uv":[2.375,7.3125,2.625,7.5625],"tintindex":0,"rotation":0,"texture":"#0"}},"rotation":{"origin":[8.0,-5.9996166,7.505086],"angle":22.5,"axis":"x"}},{"from":[4.0,-15.899998,12.5],"to":[12.0,-7.8999996,12.5],"faces":{"south":{"uv":[7.28125,2.34375,7.53125,2.59375],"tintindex":0,"rotation":0,"texture":"#0"},"north":{"uv":[7.28125,1.71875,7.53125,1.96875],"tintindex":0,"rotation":0,"texture":"#0"}},"rotation":{"origin":[8.0,-6.8999996,7.5],"angle":-22.5,"axis":"x"}},{"from":[4.003005,-15.899998,2.503005],"to":[4.003005,-7.8999996,12.503004],"faces":{"east":{"uv":[6.03125,7.03125,6.34375,7.28125],"tintindex":0,"rotation":0,"texture":"#0"},"west":{"uv":[1.5,7.0625,1.8125,7.3125],"tintindex":0,"rotation":0,"texture":"#0"}},"rotation":{"origin":[9.003004,-6.8999996,6.503005],"angle":-22.5,"axis":"z"}}],"display":{"gui":{"rotation":[30,225,0]}}}