{"textures":{"0":"modelengine:entity/nocsy_fpv2_boss"},"elements":[{"from":[9.87324,7.709028,15.932213],"to":[12.87324,8.375694,20.265547],"faces":{"east":{"uv":[8.40625,0.1875,8.8125,0.25],"tintindex":0,"rotation":0,"texture":"#0"},"south":{"uv":[8.625,0.375,8.90625,0.4375],"tintindex":0,"rotation":0,"texture":"#0"},"north":{"uv":[8.625,0.28125,8.90625,0.34375],"tintindex":0,"rotation":0,"texture":"#0"},"west":{"uv":[8.40625,5.9375,8.8125,6.0],"tintindex":0,"rotation":0,"texture":"#0"},"up":{"uv":[6.90625,6.9375,6.625,6.53125],"tintindex":0,"rotation":0,"texture":"#0"},"down":{"uv":[6.9375,0.0,6.65625,0.40625],"tintindex":0,"rotation":0,"texture":"#0"}},"rotation":{"origin":[11.2065735,8.042361,16.265547],"angle":22.5,"axis":"y"}},{"from":[8.749057,7.209028,-4.324194],"to":[10.749057,8.875694,-3.657527],"faces":{"east":{"uv":[4.90625,8.6875,4.96875,8.84375],"tintindex":0,"rotation":0,"texture":"#0"},"south":{"uv":[8.375,7.25,8.5625,7.40625],"tintindex":0,"rotation":0,"texture":"#0"},"north":{"uv":[8.375,6.65625,8.5625,6.8125],"tintindex":0,"rotation":0,"texture":"#0"},"west":{"uv":[6.90625,8.6875,6.96875,8.84375],"tintindex":0,"rotation":0,"texture":"#0"},"up":{"uv":[1.75,8.75,1.5625,8.6875],"tintindex":0,"rotation":0,"texture":"#0"},"down":{"uv":[1.96875,8.6875,1.78125,8.75],"tintindex":0,"rotation":0,"texture":"#0"}},"rotation":{"origin":[10.463327,8.042361,-4.480852],"angle":45.0,"axis":"y"}},{"from":[5.406897,7.709028,-1.1693287],"to":[6.406897,8.042361,-0.16932869],"faces":{"east":{"uv":[6.125,4.5,6.21875,4.53125],"tintindex":0,"rotation":0,"texture":"#0"},"south":{"uv":[6.21875,3.65625,6.3125,3.6875],"tintindex":0,"rotation":0,"texture":"#0"},"north":{"uv":[6.09375,3.65625,6.1875,3.6875],"tintindex":0,"rotation":0,"texture":"#0"},"west":{"uv":[6.25,4.5,6.34375,4.53125],"tintindex":0,"rotation":0,"texture":"#0"},"up":{"uv":[8.40625,8.78125,8.3125,8.6875],"tintindex":0,"rotation":0,"texture":"#0"},"down":{"uv":[8.53125,8.6875,8.4375,8.78125],"tintindex":0,"rotation":0,"texture":"#0"}},"rotation":{"origin":[5.3854923,7.8756943,0.59852314],"angle":45.0,"axis":"y"}},{"from":[7.0,7.042361,13.313499],"to":[9.0,9.042361,14.646833],"faces":{"east":{"uv":[4.25,5.78125,4.375,5.96875],"tintindex":0,"rotation":0,"texture":"#0"},"south":{"uv":[8.21875,2.90625,8.40625,3.09375],"tintindex":0,"rotation":0,"texture":"#0"},"north":{"uv":[8.21875,1.53125,8.40625,1.71875],"tintindex":0,"rotation":0,"texture":"#0"},"west":{"uv":[5.96875,4.15625,6.09375,4.34375],"tintindex":0,"rotation":0,"texture":"#0"},"up":{"uv":[5.75,8.625,5.5625,8.5],"tintindex":0,"rotation":0,"texture":"#0"},"down":{"uv":[7.90625,8.5,7.71875,8.625],"tintindex":0,"rotation":0,"texture":"#0"}}},{"from":[8.124074,7.542361,-5.372658],"to":[8.79074,8.542361,-4.3726597],"faces":{"east":{"uv":[8.6875,7.65625,8.78125,7.75],"tintindex":0,"rotation":0,"texture":"#0"},"south":{"uv":[1.625,8.78125,1.6875,8.875],"tintindex":0,"rotation":0,"texture":"#0"},"north":{"uv":[1.53125,8.78125,1.59375,8.875],"tintindex":0,"rotation":0,"texture":"#0"},"west":{"uv":[8.6875,7.78125,8.78125,7.875],"tintindex":0,"rotation":0,"texture":"#0"},"up":{"uv":[1.78125,8.875,1.71875,8.78125],"tintindex":0,"rotation":0,"texture":"#0"},"down":{"uv":[1.875,8.78125,1.8125,8.875],"tintindex":0,"rotation":0,"texture":"#0"}},"rotation":{"origin":[8.457407,8.042361,-5.372658],"angle":22.5,"axis":"y"}},{"from":[10.580881,7.3756943,-5.4340467],"to":[11.247547,8.709027,-4.1007147],"faces":{"east":{"uv":[4.15625,8.65625,4.28125,8.78125],"tintindex":0,"rotation":0,"texture":"#0"},"south":{"uv":[3.90625,8.75,3.96875,8.875],"tintindex":0,"rotation":0,"texture":"#0"},"north":{"uv":[3.8125,8.75,3.875,8.875],"tintindex":0,"rotation":0,"texture":"#0"},"west":{"uv":[4.3125,8.65625,4.4375,8.78125],"tintindex":0,"rotation":0,"texture":"#0"},"up":{"uv":[5.375,8.875,5.3125,8.75],"tintindex":0,"rotation":0,"texture":"#0"},"down":{"uv":[5.46875,8.75,5.40625,8.875],"tintindex":0,"rotation":0,"texture":"#0"}}},{"from":[9.593102,7.709028,-1.1693287],"to":[10.593103,8.042361,-0.16932869],"faces":{"east":{"uv":[6.71875,5.71875,6.8125,5.75],"tintindex":0,"rotation":0,"texture":"#0"},"south":{"uv":[0.0,6.75,0.09375,6.78125],"tintindex":0,"rotation":0,"texture":"#0"},"north":{"uv":[6.5625,4.84375,6.65625,4.875],"tintindex":0,"rotation":0,"texture":"#0"},"west":{"uv":[7.21875,4.78125,7.3125,4.8125],"tintindex":0,"rotation":0,"texture":"#0"},"up":{"uv":[8.8125,3.59375,8.71875,3.5],"tintindex":0,"rotation":0,"texture":"#0"},"down":{"uv":[8.8125,3.625,8.71875,3.71875],"tintindex":0,"rotation":0,"texture":"#0"}},"rotation":{"origin":[10.614508,7.8756943,0.59852314],"angle":-45.0,"axis":"y"}},{"from":[11.746265,7.042361,13.704555],"to":[13.079599,9.042361,16.371222],"faces":{"east":{"uv":[5.875,7.9375,6.125,8.125],"tintindex":0,"rotation":0,"texture":"#0"},"south":{"uv":[7.9375,8.5,8.0625,8.6875],"tintindex":0,"rotation":0,"texture":"#0"},"north":{"uv":[8.5,7.90625,8.625,8.09375],"tintindex":0,"rotation":0,"texture":"#0"},"west":{"uv":[6.625,7.9375,6.875,8.125],"tintindex":0,"rotation":0,"texture":"#0"},"up":{"uv":[0.375,8.46875,0.25,8.21875],"tintindex":0,"rotation":0,"texture":"#0"},"down":{"uv":[3.5,8.21875,3.375,8.46875],"tintindex":0,"rotation":0,"texture":"#0"}}},{"from":[4.829267,7.542361,-5.7145424],"to":[6.1626005,8.542361,-5.0478764],"faces":{"east":{"uv":[8.5625,8.75,8.625,8.84375],"tintindex":0,"rotation":0,"texture":"#0"},"south":{"uv":[6.1875,8.65625,6.3125,8.75],"tintindex":0,"rotation":0,"texture":"#0"},"north":{"uv":[2.1875,8.34375,2.3125,8.4375],"tintindex":0,"rotation":0,"texture":"#0"},"west":{"uv":[8.65625,8.75,8.71875,8.84375],"tintindex":0,"rotation":0,"texture":"#0"},"up":{"uv":[5.625,8.8125,5.5,8.75],"tintindex":0,"rotation":0,"texture":"#0"},"down":{"uv":[5.78125,8.75,5.65625,8.8125],"tintindex":0,"rotation":0,"texture":"#0"}},"rotation":{"origin":[5.4959335,8.042361,-5.3812094],"angle":22.5,"axis":"y"}},{"from":[7.0,7.042361,11.313499],"to":[9.0,9.042361,12.646833],"faces":{"east":{"uv":[4.25,2.0625,4.375,2.25],"tintindex":0,"rotation":0,"texture":"#0"},"south":{"uv":[7.53125,8.1875,7.71875,8.375],"tintindex":0,"rotation":0,"texture":"#0"},"north":{"uv":[7.3125,8.1875,7.5,8.375],"tintindex":0,"rotation":0,"texture":"#0"},"west":{"uv":[3.09375,5.71875,3.21875,5.90625],"tintindex":0,"rotation":0,"texture":"#0"},"up":{"uv":[8.6875,3.625,8.5,3.5],"tintindex":0,"rotation":0,"texture":"#0"},"down":{"uv":[8.6875,3.65625,8.5,3.78125],"tintindex":0,"rotation":0,"texture":"#0"}}},{"from":[4.333333,7.942361,16.3135],"to":[11.666667,8.142361,23.646833],"faces":{"east":{"uv":[8.28125,2.1875,8.96875,2.21875],"tintindex":0,"rotation":0,"texture":"#0"},"south":{"uv":[8.4375,1.6875,9.125,1.71875],"tintindex":0,"rotation":0,"texture":"#0"},"north":{"uv":[3.46875,1.875,4.15625,1.90625],"tintindex":0,"rotation":0,"texture":"#0"},"west":{"uv":[8.46875,6.5625,9.15625,6.59375],"tintindex":0,"rotation":0,"texture":"#0"},"up":{"uv":[0.6875,2.125,0.0,1.4375],"tintindex":0,"rotation":0,"texture":"#0"},"down":{"uv":[1.40625,1.4375,0.71875,2.125],"tintindex":0,"rotation":0,"texture":"#0"}}},{"from":[9.08239,7.8756943,-4.324194],"to":[13.08239,7.8756943,2.342473],"faces":{"up":{"uv":[4.375,2.90625,4.0,2.28125],"tintindex":0,"rotation":0,"texture":"#0"},"down":{"uv":[4.375,2.9375,4.0,3.5625],"tintindex":0,"rotation":0,"texture":"#0"}}},{"from":[9.8373995,7.542361,-5.7145424],"to":[11.1707325,8.542361,-5.0478764],"faces":{"east":{"uv":[8.125,8.75,8.1875,8.84375],"tintindex":0,"rotation":0,"texture":"#0"},"south":{"uv":[5.09375,5.90625,5.21875,6.0],"tintindex":0,"rotation":0,"texture":"#0"},"north":{"uv":[2.0,5.15625,2.125,5.25],"tintindex":0,"rotation":0,"texture":"#0"},"west":{"uv":[8.21875,8.75,8.28125,8.84375],"tintindex":0,"rotation":0,"texture":"#0"},"up":{"uv":[8.0625,6.71875,7.9375,6.65625],"tintindex":0,"rotation":0,"texture":"#0"},"down":{"uv":[8.875,2.09375,8.75,2.15625],"tintindex":0,"rotation":0,"texture":"#0"}},"rotation":{"origin":[10.504066,8.042361,-5.3812094],"angle":-22.5,"axis":"y"}},{"from":[9.622637,7.0390277,15.595547],"to":[12.962637,9.045694,16.935547],"faces":{"east":{"uv":[4.09375,6.21875,4.21875,6.40625],"tintindex":0,"rotation":0,"texture":"#0"},"south":{"uv":[7.46875,5.5625,7.78125,5.75],"tintindex":0,"rotation":0,"texture":"#0"},"north":{"uv":[4.15625,7.46875,4.46875,7.65625],"tintindex":0,"rotation":0,"texture":"#0"},"west":{"uv":[2.09375,6.8125,2.21875,7.0],"tintindex":0,"rotation":0,"texture":"#0"},"up":{"uv":[6.1875,8.28125,5.875,8.15625],"tintindex":0,"rotation":0,"texture":"#0"},"down":{"uv":[6.75,8.15625,6.4375,8.28125],"tintindex":0,"rotation":0,"texture":"#0"}},"rotation":{"origin":[11.592637,8.042361,16.265547],"angle":22.5,"axis":"y"}},{"from":[2.9204016,7.042361,13.704555],"to":[4.2537346,9.042361,16.371222],"faces":{"east":{"uv":[2.96875,7.96875,3.21875,8.15625],"tintindex":0,"rotation":0,"texture":"#0"},"south":{"uv":[5.9375,8.53125,6.0625,8.71875],"tintindex":0,"rotation":0,"texture":"#0"},"north":{"uv":[5.78125,8.53125,5.90625,8.71875],"tintindex":0,"rotation":0,"texture":"#0"},"west":{"uv":[3.59375,7.96875,3.84375,8.15625],"tintindex":0,"rotation":0,"texture":"#0"},"up":{"uv":[5.78125,8.46875,5.65625,8.21875],"tintindex":0,"rotation":0,"texture":"#0"},"down":{"uv":[0.125,8.25,0.0,8.5],"tintindex":0,"rotation":0,"texture":"#0"}}},{"from":[6.163333,7.205694,-3.3565016],"to":[9.836667,8.879027,-2.6831665],"faces":{"east":{"uv":[3.40625,8.625,3.46875,8.78125],"tintindex":0,"rotation":0,"texture":"#0"},"south":{"uv":[7.5625,1.375,7.90625,1.53125],"tintindex":0,"rotation":0,"texture":"#0"},"north":{"uv":[7.5625,0.0,7.90625,0.15625],"tintindex":0,"rotation":0,"texture":"#0"},"west":{"uv":[0.96875,8.6875,1.03125,8.84375],"tintindex":0,"rotation":0,"texture":"#0"},"up":{"uv":[7.84375,4.40625,7.5,4.34375],"tintindex":0,"rotation":0,"texture":"#0"},"down":{"uv":[8.84375,4.0,8.5,4.0625],"tintindex":0,"rotation":0,"texture":"#0"}}},{"from":[5.833333,7.7756944,-9.0198345],"to":[10.166667,8.075694,-2.6865005],"faces":{"east":{"uv":[8.5,0.625,9.09375,0.65625],"tintindex":0,"rotation":0,"texture":"#0"},"south":{"uv":[8.53125,2.03125,8.9375,2.0625],"tintindex":0,"rotation":0,"texture":"#0"},"north":{"uv":[4.625,0.9375,5.03125,0.96875],"tintindex":0,"rotation":0,"texture":"#0"},"west":{"uv":[8.53125,1.3125,9.125,1.34375],"tintindex":0,"rotation":0,"texture":"#0"},"up":{"uv":[3.625,4.25,3.21875,3.65625],"tintindex":0,"rotation":0,"texture":"#0"},"down":{"uv":[4.0625,3.65625,3.65625,4.25],"tintindex":0,"rotation":0,"texture":"#0"}}},{"from":[6.5834293,7.705694,17.382805],"to":[8.590096,8.379027,25.056137],"faces":{"east":{"uv":[7.90625,4.6875,8.625,4.75],"tintindex":0,"rotation":0,"texture":"#0"},"south":{"uv":[8.09375,8.65625,8.28125,8.71875],"tintindex":0,"rotation":0,"texture":"#0"},"north":{"uv":[8.65625,8.0,8.84375,8.0625],"tintindex":0,"rotation":0,"texture":"#0"},"west":{"uv":[7.9375,2.5,8.65625,2.5625],"tintindex":0,"rotation":0,"texture":"#0"},"up":{"uv":[1.90625,6.59375,1.71875,5.875],"tintindex":0,"rotation":0,"texture":"#0"},"down":{"uv":[0.1875,6.0,0.0,6.71875],"tintindex":0,"rotation":0,"texture":"#0"}},"rotation":{"origin":[6.5834293,8.379027,25.056137],"angle":45.0,"axis":"y"}},{"from":[10.749057,7.542361,-2.99086],"to":[11.749057,8.209027,-1.99086],"faces":{"east":{"uv":[1.15625,8.34375,1.25,8.40625],"tintindex":0,"rotation":0,"texture":"#0"},"south":{"uv":[8.78125,3.09375,8.875,3.15625],"tintindex":0,"rotation":0,"texture":"#0"},"north":{"uv":[1.5625,8.21875,1.65625,8.28125],"tintindex":0,"rotation":0,"texture":"#0"},"west":{"uv":[8.78125,3.375,8.875,3.4375],"tintindex":0,"rotation":0,"texture":"#0"},"up":{"uv":[8.8125,0.5625,8.71875,0.46875],"tintindex":0,"rotation":0,"texture":"#0"},"down":{"uv":[8.8125,0.8125,8.71875,0.90625],"tintindex":0,"rotation":0,"texture":"#0"}},"rotation":{"origin":[11.249057,7.8756943,-2.49086],"angle":22.5,"axis":"y"}},{"from":[7.3333335,7.3756943,-1.6865005],"to":[8.666667,8.709027,-0.35316753],"faces":{"east":{"uv":[8.625,8.59375,8.75,8.71875],"tintindex":0,"rotation":0,"texture":"#0"},"south":{"uv":[0.15625,8.65625,0.28125,8.78125],"tintindex":0,"rotation":0,"texture":"#0"},"north":{"uv":[8.625,5.125,8.75,5.25],"tintindex":0,"rotation":0,"texture":"#0"},"west":{"uv":[2.1875,8.65625,2.3125,8.78125],"tintindex":0,"rotation":0,"texture":"#0"},"up":{"uv":[3.15625,8.78125,3.03125,8.65625],"tintindex":0,"rotation":0,"texture":"#0"},"down":{"uv":[4.125,8.65625,4.0,8.78125],"tintindex":0,"rotation":0,"texture":"#0"}}},{"from":[4.003372,7.3756943,12.622278],"to":[6.003372,8.709027,13.955611],"faces":{"east":{"uv":[8.625,4.21875,8.75,4.34375],"tintindex":0,"rotation":0,"texture":"#0"},"south":{"uv":[8.53125,1.15625,8.71875,1.28125],"tintindex":0,"rotation":0,"texture":"#0"},"north":{"uv":[8.53125,1.0,8.71875,1.125],"tintindex":0,"rotation":0,"texture":"#0"},"west":{"uv":[8.625,4.96875,8.75,5.09375],"tintindex":0,"rotation":0,"texture":"#0"},"up":{"uv":[1.53125,8.65625,1.34375,8.53125],"tintindex":0,"rotation":0,"texture":"#0"},"down":{"uv":[8.71875,1.875,8.53125,2.0],"tintindex":0,"rotation":0,"texture":"#0"}},"rotation":{"origin":[5.003372,8.042361,13.288944],"angle":-22.5,"axis":"y"}},{"from":[7.021251,7.5456944,-7.0761433],"to":[7.681251,8.539027,-5.0828094],"faces":{"east":{"uv":[1.125,8.625,1.3125,8.71875],"tintindex":0,"rotation":0,"texture":"#0"},"south":{"uv":[0.5,8.78125,0.5625,8.875],"tintindex":0,"rotation":0,"texture":"#0"},"north":{"uv":[0.40625,8.78125,0.46875,8.875],"tintindex":0,"rotation":0,"texture":"#0"},"west":{"uv":[8.625,1.5,8.8125,1.59375],"tintindex":0,"rotation":0,"texture":"#0"},"up":{"uv":[3.4375,1.3125,3.375,1.125],"tintindex":0,"rotation":0,"texture":"#0"},"down":{"uv":[3.65625,4.8125,3.59375,5.0],"tintindex":0,"rotation":0,"texture":"#0"}},"rotation":{"origin":[7.351251,8.042361,-5.5794754],"angle":22.5,"axis":"y"}},{"from":[12.416707,7.705694,16.973362],"to":[14.423374,8.379027,26.646694],"faces":{"east":{"uv":[7.25,1.28125,8.15625,1.34375],"tintindex":0,"rotation":0,"texture":"#0"},"south":{"uv":[0.53125,8.6875,0.71875,8.75],"tintindex":0,"rotation":0,"texture":"#0"},"north":{"uv":[0.3125,8.6875,0.5,8.75],"tintindex":0,"rotation":0,"texture":"#0"},"west":{"uv":[7.34375,2.15625,8.25,2.21875],"tintindex":0,"rotation":0,"texture":"#0"},"up":{"uv":[4.59375,5.96875,4.40625,5.0625],"tintindex":0,"rotation":0,"texture":"#0"},"down":{"uv":[5.46875,1.9375,5.28125,2.84375],"tintindex":0,"rotation":0,"texture":"#0"}},"rotation":{"origin":[11.42004,8.042361,18.810028],"angle":-45.0,"axis":"y"}},{"from":[8.318749,7.5456944,-7.0761433],"to":[8.978749,8.539027,-5.0828094],"faces":{"east":{"uv":[8.625,2.375,8.8125,2.46875],"tintindex":0,"rotation":0,"texture":"#0"},"south":{"uv":[8.78125,2.71875,8.84375,2.8125],"tintindex":0,"rotation":0,"texture":"#0"},"north":{"uv":[1.90625,8.78125,1.96875,8.875],"tintindex":0,"rotation":0,"texture":"#0"},"west":{"uv":[8.625,2.59375,8.8125,2.6875],"tintindex":0,"rotation":0,"texture":"#0"},"up":{"uv":[0.375,5.625,0.3125,5.4375],"tintindex":0,"rotation":0,"texture":"#0"},"down":{"uv":[0.28125,6.0,0.21875,6.1875],"tintindex":0,"rotation":0,"texture":"#0"}},"rotation":{"origin":[8.648749,8.042361,-5.5794754],"angle":-22.5,"axis":"y"}},{"from":[7.3333335,7.3756943,0.31349945],"to":[8.666667,8.709027,16.3135],"faces":{"east":{"uv":[4.59375,4.40625,6.09375,4.53125],"tintindex":0,"rotation":0,"texture":"#0"},"south":{"uv":[8.625,3.03125,8.75,3.15625],"tintindex":0,"rotation":0,"texture":"#0"},"north":{"uv":[8.625,2.875,8.75,3.0],"tintindex":0,"rotation":0,"texture":"#0"},"west":{"uv":[4.625,0.46875,6.125,0.59375],"tintindex":0,"rotation":0,"texture":"#0"},"up":{"uv":[1.53125,6.09375,1.40625,4.59375],"tintindex":0,"rotation":0,"texture":"#0"},"down":{"uv":[1.6875,4.59375,1.5625,6.09375],"tintindex":0,"rotation":0,"texture":"#0"}}},{"from":[5.333333,6.7090273,16.3135],"to":[10.666667,9.375694,17.646833],"faces":{"east":{"uv":[2.65625,5.75,2.78125,6.0],"tintindex":0,"rotation":0,"texture":"#0"},"south":{"uv":[5.78125,6.25,6.28125,6.5],"tintindex":0,"rotation":0,"texture":"#0"},"north":{"uv":[2.28125,6.1875,2.78125,6.4375],"tintindex":0,"rotation":0,"texture":"#0"},"west":{"uv":[1.28125,8.15625,1.40625,8.40625],"tintindex":0,"rotation":0,"texture":"#0"},"up":{"uv":[7.75,5.53125,7.25,5.40625],"tintindex":0,"rotation":0,"texture":"#0"},"down":{"uv":[4.65625,7.3125,4.15625,7.4375],"tintindex":0,"rotation":0,"texture":"#0"}}},{"from":[2.5,7.442361,16.3135],"to":[13.5,7.442361,23.646833],"faces":{"up":{"uv":[2.09375,0.6875,1.0625,0.0],"tintindex":0,"rotation":0,"texture":"#0"},"down":{"uv":[2.09375,0.71875,1.0625,1.40625],"tintindex":0,"rotation":0,"texture":"#0"}}},{"from":[10.998718,7.1756945,12.566484],"to":[12.332052,8.842361,14.566484],"faces":{"east":{"uv":[6.34375,3.96875,6.53125,4.125],"tintindex":0,"rotation":0,"texture":"#0"},"south":{"uv":[7.34375,8.59375,7.46875,8.75],"tintindex":0,"rotation":0,"texture":"#0"},"north":{"uv":[8.59375,7.25,8.71875,7.40625],"tintindex":0,"rotation":0,"texture":"#0"},"west":{"uv":[6.09375,6.53125,6.28125,6.6875],"tintindex":0,"rotation":0,"texture":"#0"},"up":{"uv":[2.65625,8.71875,2.53125,8.53125],"tintindex":0,"rotation":0,"texture":"#0"},"down":{"uv":[2.8125,8.53125,2.6875,8.71875],"tintindex":0,"rotation":0,"texture":"#0"}},"rotation":{"origin":[11.665385,8.042361,13.2331505],"angle":45.0,"axis":"y"}},{"from":[3.6679482,7.1756945,12.566484],"to":[5.0012817,8.842361,14.566484],"faces":{"east":{"uv":[5.28125,2.875,5.46875,3.03125],"tintindex":0,"rotation":0,"texture":"#0"},"south":{"uv":[7.1875,8.59375,7.3125,8.75],"tintindex":0,"rotation":0,"texture":"#0"},"north":{"uv":[7.03125,8.59375,7.15625,8.75],"tintindex":0,"rotation":0,"texture":"#0"},"west":{"uv":[0.59375,5.75,0.78125,5.90625],"tintindex":0,"rotation":0,"texture":"#0"},"up":{"uv":[0.125,8.71875,0.0,8.53125],"tintindex":0,"rotation":0,"texture":"#0"},"down":{"uv":[2.5,8.53125,2.375,8.71875],"tintindex":0,"rotation":0,"texture":"#0"}},"rotation":{"origin":[4.3346148,8.042361,13.2331505],"angle":-45.0,"axis":"y"}},{"from":[7.2092595,7.542361,-5.372658],"to":[7.8759265,8.542361,-4.3726597],"faces":{"east":{"uv":[8.6875,7.125,8.78125,7.21875],"tintindex":0,"rotation":0,"texture":"#0"},"south":{"uv":[0.6875,8.78125,0.75,8.875],"tintindex":0,"rotation":0,"texture":"#0"},"north":{"uv":[0.59375,8.78125,0.65625,8.875],"tintindex":0,"rotation":0,"texture":"#0"},"west":{"uv":[8.6875,7.53125,8.78125,7.625],"tintindex":0,"rotation":0,"texture":"#0"},"up":{"uv":[0.84375,8.875,0.78125,8.78125],"tintindex":0,"rotation":0,"texture":"#0"},"down":{"uv":[0.9375,8.78125,0.875,8.875],"tintindex":0,"rotation":0,"texture":"#0"}},"rotation":{"origin":[7.542593,8.042361,-5.372658],"angle":-22.5,"axis":"y"}},{"from":[5.2509437,7.209028,-4.324194],"to":[7.2509437,8.875694,-3.657527],"faces":{"east":{"uv":[0.25,7.6875,0.3125,7.84375],"tintindex":0,"rotation":0,"texture":"#0"},"south":{"uv":[8.375,4.78125,8.5625,4.9375],"tintindex":0,"rotation":0,"texture":"#0"},"north":{"uv":[2.46875,8.0,2.65625,8.15625],"tintindex":0,"rotation":0,"texture":"#0"},"west":{"uv":[0.15625,8.25,0.21875,8.40625],"tintindex":0,"rotation":0,"texture":"#0"},"up":{"uv":[0.9375,8.75,0.75,8.6875],"tintindex":0,"rotation":0,"texture":"#0"},"down":{"uv":[1.53125,8.6875,1.34375,8.75],"tintindex":0,"rotation":0,"texture":"#0"}},"rotation":{"origin":[5.5366726,8.042361,-4.480852],"angle":-45.0,"axis":"y"}},{"from":[8.809501,7.5390277,-4.8690777],"to":[10.816168,8.545694,-4.1957455],"faces":{"east":{"uv":[1.34375,8.78125,1.40625,8.875],"tintindex":0,"rotation":0,"texture":"#0"},"south":{"uv":[8.625,2.25,8.8125,2.34375],"tintindex":0,"rotation":0,"texture":"#0"},"north":{"uv":[8.625,1.75,8.8125,1.84375],"tintindex":0,"rotation":0,"texture":"#0"},"west":{"uv":[1.4375,8.78125,1.5,8.875],"tintindex":0,"rotation":0,"texture":"#0"},"up":{"uv":[4.875,8.75,4.6875,8.6875],"tintindex":0,"rotation":0,"texture":"#0"},"down":{"uv":[6.875,8.6875,6.6875,8.75],"tintindex":0,"rotation":0,"texture":"#0"}},"rotation":{"origin":[8.979501,8.042361,-4.965746],"angle":-22.5,"axis":"y"}},{"from":[8.503424,7.5390277,-10.637386],"to":[9.176757,8.545694,-6.63072],"faces":{"east":{"uv":[7.5,0.8125,7.875,0.90625],"tintindex":0,"rotation":0,"texture":"#0"},"south":{"uv":[8.78125,2.96875,8.84375,3.0625],"tintindex":0,"rotation":0,"texture":"#0"},"north":{"uv":[8.78125,2.84375,8.84375,2.9375],"tintindex":0,"rotation":0,"texture":"#0"},"west":{"uv":[8.1875,3.28125,8.5625,3.375],"tintindex":0,"rotation":0,"texture":"#0"},"up":{"uv":[1.6875,6.5,1.625,6.125],"tintindex":0,"rotation":0,"texture":"#0"},"down":{"uv":[3.4375,7.59375,3.375,7.96875],"tintindex":0,"rotation":0,"texture":"#0"}},"rotation":{"origin":[8.840091,8.042361,-7.6340523],"angle":22.5,"axis":"y"}},{"from":[5.183832,7.5390277,-4.8690777],"to":[7.190499,8.545694,-4.1957455],"faces":{"east":{"uv":[8.75,8.75,8.8125,8.84375],"tintindex":0,"rotation":0,"texture":"#0"},"south":{"uv":[8.625,0.6875,8.8125,0.78125],"tintindex":0,"rotation":0,"texture":"#0"},"north":{"uv":[7.5,8.59375,7.6875,8.6875],"tintindex":0,"rotation":0,"texture":"#0"},"west":{"uv":[0.3125,8.78125,0.375,8.875],"tintindex":0,"rotation":0,"texture":"#0"},"up":{"uv":[8.875,2.5625,8.6875,2.5],"tintindex":0,"rotation":0,"texture":"#0"},"down":{"uv":[4.65625,8.6875,4.46875,8.75],"tintindex":0,"rotation":0,"texture":"#0"}},"rotation":{"origin":[7.0204988,8.042361,-4.965746],"angle":22.5,"axis":"y"}},{"from":[2.5,8.775694,16.3135],"to":[13.5,8.775694,23.646833],"faces":{"up":{"uv":[1.03125,0.6875,0.0,0.0],"tintindex":0,"rotation":0,"texture":"#0"},"down":{"uv":[1.03125,0.71875,0.0,1.40625],"tintindex":0,"rotation":0,"texture":"#0"}}},{"from":[2.9176102,7.8756943,-4.324194],"to":[6.91761,7.8756943,2.342473],"faces":{"up":{"uv":[0.375,4.375,0.0,3.75],"tintindex":0,"rotation":0,"texture":"#0"},"down":{"uv":[0.78125,3.75,0.40625,4.375],"tintindex":0,"rotation":0,"texture":"#0"}}},{"from":[6.833333,6.8756943,-2.6865005],"to":[9.166667,9.209028,-1.6865005],"faces":{"east":{"uv":[5.0625,8.5625,5.15625,8.78125],"tintindex":0,"rotation":0,"texture":"#0"},"south":{"uv":[7.9375,3.15625,8.15625,3.375],"tintindex":0,"rotation":0,"texture":"#0"},"north":{"uv":[7.9375,2.25,8.15625,2.46875],"tintindex":0,"rotation":0,"texture":"#0"},"west":{"uv":[5.1875,8.5625,5.28125,8.78125],"tintindex":0,"rotation":0,"texture":"#0"},"up":{"uv":[8.78125,6.125,8.5625,6.03125],"tintindex":0,"rotation":0,"texture":"#0"},"down":{"uv":[8.78125,6.15625,8.5625,6.25],"tintindex":0,"rotation":0,"texture":"#0"}},"rotation":{"origin":[8.0,8.042361,-2.1865005],"angle":45.0,"axis":"z"}},{"from":[4.752453,7.3756943,-5.4340467],"to":[5.41912,8.709027,-4.1007147],"faces":{"east":{"uv":[8.65625,5.28125,8.78125,5.40625],"tintindex":0,"rotation":0,"texture":"#0"},"south":{"uv":[5.90625,8.75,5.96875,8.875],"tintindex":0,"rotation":0,"texture":"#0"},"north":{"uv":[5.8125,8.75,5.875,8.875],"tintindex":0,"rotation":0,"texture":"#0"},"west":{"uv":[8.65625,5.4375,8.78125,5.5625],"tintindex":0,"rotation":0,"texture":"#0"},"up":{"uv":[6.0625,8.875,6.0,8.75],"tintindex":0,"rotation":0,"texture":"#0"},"down":{"uv":[6.40625,8.75,6.34375,8.875],"tintindex":0,"rotation":0,"texture":"#0"}}},{"from":[6.826576,7.542361,-10.634052],"to":[7.4932427,8.542361,-6.6340523],"faces":{"east":{"uv":[8.21875,1.75,8.59375,1.84375],"tintindex":0,"rotation":0,"texture":"#0"},"south":{"uv":[3.28125,8.78125,3.34375,8.875],"tintindex":0,"rotation":0,"texture":"#0"},"north":{"uv":[3.1875,8.78125,3.25,8.875],"tintindex":0,"rotation":0,"texture":"#0"},"west":{"uv":[4.625,8.21875,5.0,8.3125],"tintindex":0,"rotation":0,"texture":"#0"},"up":{"uv":[3.78125,8.78125,3.71875,8.40625],"tintindex":0,"rotation":0,"texture":"#0"},"down":{"uv":[6.15625,8.53125,6.09375,8.90625],"tintindex":0,"rotation":0,"texture":"#0"}},"rotation":{"origin":[7.1599097,8.042361,-7.6340523],"angle":-22.5,"axis":"y"}},{"from":[4.250943,7.542361,-2.99086],"to":[5.2509437,8.209027,-1.99086],"faces":{"east":{"uv":[6.4375,4.8125,6.53125,4.875],"tintindex":0,"rotation":0,"texture":"#0"},"south":{"uv":[7.75,2.96875,7.84375,3.03125],"tintindex":0,"rotation":0,"texture":"#0"},"north":{"uv":[6.34375,2.875,6.4375,2.9375],"tintindex":0,"rotation":0,"texture":"#0"},"west":{"uv":[7.8125,5.6875,7.90625,5.75],"tintindex":0,"rotation":0,"texture":"#0"},"up":{"uv":[7.875,0.46875,7.78125,0.375],"tintindex":0,"rotation":0,"texture":"#0"},"down":{"uv":[7.34375,8.03125,7.25,8.125],"tintindex":0,"rotation":0,"texture":"#0"}},"rotation":{"origin":[4.7509437,7.8756943,-2.49086],"angle":-22.5,"axis":"y"}},{"from":[9.996628,7.3756943,12.622278],"to":[11.996628,8.709027,13.955611],"faces":{"east":{"uv":[3.25,8.625,3.375,8.75],"tintindex":0,"rotation":0,"texture":"#0"},"south":{"uv":[8.5,8.125,8.6875,8.25],"tintindex":0,"rotation":0,"texture":"#0"},"north":{"uv":[8.09375,8.5,8.28125,8.625],"tintindex":0,"rotation":0,"texture":"#0"},"west":{"uv":[8.625,3.8125,8.75,3.9375],"tintindex":0,"rotation":0,"texture":"#0"},"up":{"uv":[8.6875,8.40625,8.5,8.28125],"tintindex":0,"rotation":0,"texture":"#0"},"down":{"uv":[8.6875,8.4375,8.5,8.5625],"tintindex":0,"rotation":0,"texture":"#0"}},"rotation":{"origin":[10.996628,8.042361,13.288944],"angle":22.5,"axis":"y"}},{"from":[2.9873629,7.0390277,15.595547],"to":[6.327363,9.045694,16.935547],"faces":{"east":{"uv":[6.375,8.53125,6.5,8.71875],"tintindex":0,"rotation":0,"texture":"#0"},"south":{"uv":[7.09375,7.46875,7.40625,7.65625],"tintindex":0,"rotation":0,"texture":"#0"},"north":{"uv":[6.3125,7.46875,6.625,7.65625],"tintindex":0,"rotation":0,"texture":"#0"},"west":{"uv":[6.53125,8.53125,6.65625,8.71875],"tintindex":0,"rotation":0,"texture":"#0"},"up":{"uv":[8.5,1.34375,8.1875,1.21875],"tintindex":0,"rotation":0,"texture":"#0"},"down":{"uv":[8.5,1.9375,8.1875,2.0625],"tintindex":0,"rotation":0,"texture":"#0"}},"rotation":{"origin":[4.407363,8.042361,16.265547],"angle":-22.5,"axis":"y"}},{"from":[6.866667,6.9090276,-0.31983376],"to":[9.133333,9.175694,0.61349916],"faces":{"east":{"uv":[3.75,7.34375,3.84375,7.5625],"tintindex":0,"rotation":0,"texture":"#0"},"south":{"uv":[7.90625,4.96875,8.125,5.1875],"tintindex":0,"rotation":0,"texture":"#0"},"north":{"uv":[7.90625,0.8125,8.125,1.03125],"tintindex":0,"rotation":0,"texture":"#0"},"west":{"uv":[2.0625,8.5625,2.15625,8.78125],"tintindex":0,"rotation":0,"texture":"#0"},"up":{"uv":[4.78125,8.65625,4.5625,8.5625],"tintindex":0,"rotation":0,"texture":"#0"},"down":{"uv":[5.03125,8.5625,4.8125,8.65625],"tintindex":0,"rotation":0,"texture":"#0"}}},{"from":[3.1267595,7.709028,15.9275],"to":[6.1267595,8.375694,20.260834],"faces":{"east":{"uv":[8.375,6.28125,8.78125,6.34375],"tintindex":0,"rotation":0,"texture":"#0"},"south":{"uv":[8.3125,8.59375,8.59375,8.65625],"tintindex":0,"rotation":0,"texture":"#0"},"north":{"uv":[8.59375,7.03125,8.875,7.09375],"tintindex":0,"rotation":0,"texture":"#0"},"west":{"uv":[8.40625,0.09375,8.8125,0.15625],"tintindex":0,"rotation":0,"texture":"#0"},"up":{"uv":[1.875,7.03125,1.59375,6.625],"tintindex":0,"rotation":0,"texture":"#0"},"down":{"uv":[6.90625,6.09375,6.625,6.5],"tintindex":0,"rotation":0,"texture":"#0"}},"rotation":{"origin":[4.7934265,8.042361,16.260834],"angle":-22.5,"axis":"y"}}],"display":{"gui":{"rotation":[30,225,0]}}}