{"textures":{"0":"modelengine:entity/teeny_warden_texture"},"elements":[{"from":[3.0,8.0,5.0],"to":[13.0,16.0,10.0],"faces":{"east":{"uv":[5.0,3.75,6.25,5.75],"tintindex":0,"rotation":0,"texture":"#0"},"south":{"uv":[2.75,0.0,5.25,2.0],"tintindex":0,"rotation":0,"texture":"#0"},"north":{"uv":[8.0,3.75,10.5,5.75],"tintindex":0,"rotation":0,"texture":"#0"},"west":{"uv":[5.5,0.0,6.75,2.0],"tintindex":0,"rotation":0,"texture":"#0"},"up":{"uv":[2.5,6.25,0.0,5.0],"tintindex":0,"rotation":0,"texture":"#0"},"down":{"uv":[7.5,2.25,5.0,3.5],"tintindex":0,"rotation":0,"texture":"#0"}}}],"display":{"gui":{"rotation":[30,225,0]}}}