{"textures":{"0":"modelengine:entity/teeny_warden_texture"},"elements":[{"from":[4.0,8.0,5.5],"to":[12.0,16.0,10.5],"faces":{"east":{"uv":[0.0,6.5,1.25,8.5],"tintindex":0,"rotation":0,"texture":"#0"},"south":{"uv":[2.75,4.5,4.75,6.5],"tintindex":0,"rotation":0,"texture":"#0"},"north":{"uv":[2.75,2.25,4.75,4.25],"tintindex":0,"rotation":0,"texture":"#0"},"west":{"uv":[6.5,3.75,7.75,5.75],"tintindex":0,"rotation":0,"texture":"#0"},"up":{"uv":[7.0,7.25,5.0,6.0],"tintindex":0,"rotation":0,"texture":"#0"},"down":{"uv":[3.5,6.75,1.5,8.0],"tintindex":0,"rotation":0,"texture":"#0"}}}],"display":{"gui":{"rotation":[30,225,0]}}}