{"textures":{"0":"modelengine:entity/teeny_warden_texture"},"elements":[{"from":[6.0,2.0,6.5],"to":[9.0,8.0,9.5],"faces":{"east":{"uv":[8.0,0.0,8.75,1.5],"tintindex":0,"rotation":0,"texture":"#0"},"south":{"uv":[7.75,1.75,8.5,3.25],"tintindex":0,"rotation":0,"texture":"#0"},"north":{"uv":[7.0,0.0,7.75,1.5],"tintindex":0,"rotation":0,"texture":"#0"},"west":{"uv":[1.5,8.25,2.25,9.75],"tintindex":0,"rotation":0,"texture":"#0"},"up":{"uv":[4.5,8.5,3.75,7.75],"tintindex":0,"rotation":0,"texture":"#0"},"down":{"uv":[5.5,7.5,4.75,8.25],"tintindex":0,"rotation":0,"texture":"#0"}}}],"display":{"gui":{"rotation":[30,225,0]}}}