{"textures":{"0":"modelengine:entity/teeny_warden_texture"},"elements":[{"from":[5.5,-2.5,6.5],"to":[8.5,9.5,9.5],"faces":{"east":{"uv":[11.75,0.0,11.0,3.0],"tintindex":0,"rotation":0,"texture":"#0"},"south":{"uv":[12.75,0.0,12.0,3.0],"tintindex":0,"rotation":0,"texture":"#0"},"north":{"uv":[9.75,0.0,9.0,3.0],"tintindex":0,"rotation":0,"texture":"#0"},"west":{"uv":[10.75,0.0,10.0,3.0],"tintindex":0,"rotation":0,"texture":"#0"},"up":{"uv":[2.5,9.0,3.25,8.25],"tintindex":0,"rotation":0,"texture":"#0"},"down":{"uv":[3.75,6.75,4.5,7.5],"tintindex":0,"rotation":0,"texture":"#0"}}}],"display":{"gui":{"rotation":[30,225,0]}}}