{"textures":{"0":"modelengine:entity/teeny_warden_texture"},"elements":[{"from":[7.0,2.0,6.5],"to":[10.0,8.0,9.5],"faces":{"east":{"uv":[2.25,8.25,1.5,9.75],"tintindex":0,"rotation":0,"texture":"#0"},"south":{"uv":[8.5,1.75,7.75,3.25],"tintindex":0,"rotation":0,"texture":"#0"},"north":{"uv":[7.75,0.0,7.0,1.5],"tintindex":0,"rotation":0,"texture":"#0"},"west":{"uv":[8.75,0.0,8.0,1.5],"tintindex":0,"rotation":0,"texture":"#0"},"up":{"uv":[3.75,8.5,4.5,7.75],"tintindex":0,"rotation":0,"texture":"#0"},"down":{"uv":[4.75,7.5,5.5,8.25],"tintindex":0,"rotation":0,"texture":"#0"}}}],"display":{"gui":{"rotation":[30,225,0]}}}