{"textures":{"0":"modelengine:entity/teeny_warden_texture"},"elements":[{"from":[7.5,-2.5,6.5],"to":[10.5,9.5,9.5],"faces":{"east":{"uv":[10.0,0.0,10.75,3.0],"tintindex":0,"rotation":0,"texture":"#0"},"south":{"uv":[12.0,0.0,12.75,3.0],"tintindex":0,"rotation":0,"texture":"#0"},"north":{"uv":[9.0,0.0,9.75,3.0],"tintindex":0,"rotation":0,"texture":"#0"},"west":{"uv":[11.0,0.0,11.75,3.0],"tintindex":0,"rotation":0,"texture":"#0"},"up":{"uv":[3.25,9.0,2.5,8.25],"tintindex":0,"rotation":0,"texture":"#0"},"down":{"uv":[4.5,6.75,3.75,7.5],"tintindex":0,"rotation":0,"texture":"#0"}}}],"display":{"gui":{"rotation":[30,225,0]}}}