{"textures":{"0":"modelengine:entity/nocsy_mount_moth"},"elements":[{"from":[-2.1000004,-2.1759806,8.02872],"to":[11.9,10.8240185,28.02872],"faces":{"east":{"uv":[4.0625,4.875,5.3125,5.6875],"tintindex":0,"rotation":0,"texture":"#0"},"south":{"uv":[0.0,6.9375,0.875,7.75],"tintindex":0,"rotation":0,"texture":"#0"},"north":{"uv":[4.125,6.75,5.0,7.5625],"tintindex":0,"rotation":0,"texture":"#0"},"west":{"uv":[5.375,4.875,6.625,5.6875],"tintindex":0,"rotation":0,"texture":"#0"},"up":{"uv":[3.0625,5.625,2.1875,4.375],"tintindex":0,"rotation":0,"texture":"#0"},"down":{"uv":[4.0,4.375,3.125,5.625],"tintindex":0,"rotation":0,"texture":"#0"}}}],"display":{"gui":{"rotation":[30,225,0]}}}