{"textures":{"0":"modelengine:entity/nocsy_mount_moth"},"elements":[{"from":[14.047127,-0.81052685,6.7805767],"to":[14.047127,12.189474,13.780577],"faces":{"east":{"uv":[0.6875,7.8125,1.125,8.625],"tintindex":0,"rotation":0,"texture":"#0"},"west":{"uv":[1.1875,7.8125,1.625,8.625],"tintindex":0,"rotation":0,"texture":"#0"}},"rotation":{"origin":[14.047127,5.689474,9.780577],"angle":22.5,"axis":"y"}},{"from":[14.047127,-0.81052685,11.680576],"to":[14.047127,12.189474,18.680576],"faces":{"east":{"uv":[6.125,8.0,6.5625,8.8125],"tintindex":0,"rotation":0,"texture":"#0"},"west":{"uv":[6.625,8.0,7.0625,8.8125],"tintindex":0,"rotation":0,"texture":"#0"}},"rotation":{"origin":[14.047127,5.689474,14.680576],"angle":22.5,"axis":"y"}},{"from":[-3.0990763,-3.60141,9.039658],"to":[12.900925,-3.60141,16.039658],"faces":{"up":{"uv":[8.3125,2.5,7.3125,2.0625],"tintindex":0,"rotation":0,"texture":"#0"},"down":{"uv":[8.3125,2.5625,7.3125,3.0],"tintindex":0,"rotation":0,"texture":"#0"}},"rotation":{"origin":[4.9009237,2.8985891,15.039658],"angle":22.5,"axis":"x"}},{"from":[-3.1000004,14.979433,18.439657],"to":[12.9,14.979433,25.439657],"faces":{"up":{"uv":[4.875,8.0625,3.875,7.625],"tintindex":0,"rotation":0,"texture":"#0"},"down":{"uv":[8.75,4.5625,7.75,5.0],"tintindex":0,"rotation":0,"texture":"#0"}},"rotation":{"origin":[4.9000006,8.479433,24.439657],"angle":-22.5,"axis":"x"}},{"from":[-4.2471256,-0.81052685,6.7805767],"to":[-4.2471256,12.189474,13.780577],"faces":{"east":{"uv":[7.8125,6.0625,8.25,6.875],"tintindex":0,"rotation":0,"texture":"#0"},"west":{"uv":[7.8125,6.9375,8.25,7.75],"tintindex":0,"rotation":0,"texture":"#0"}},"rotation":{"origin":[-4.2471256,5.689474,9.780577],"angle":-22.5,"axis":"y"}},{"from":[-2.0900004,1.5501544,17.107443],"to":[11.889999,10.530155,23.087442],"faces":{"east":{"uv":[8.375,2.25,8.75,2.8125],"tintindex":0,"rotation":0,"texture":"#0"},"south":{"uv":[7.3125,1.4375,8.1875,2.0],"tintindex":0,"rotation":0,"texture":"#0"},"north":{"uv":[7.3125,0.8125,8.1875,1.375],"tintindex":0,"rotation":0,"texture":"#0"},"west":{"uv":[8.375,2.875,8.75,3.4375],"tintindex":0,"rotation":0,"texture":"#0"},"up":{"uv":[9.125,1.6875,8.25,1.3125],"tintindex":0,"rotation":0,"texture":"#0"},"down":{"uv":[5.375,8.3125,4.5,8.6875],"tintindex":0,"rotation":0,"texture":"#0"}}},{"from":[-3.1000004,14.979433,9.039658],"to":[12.9,14.979433,16.039658],"faces":{"up":{"uv":[8.3125,3.5,7.3125,3.0625],"tintindex":0,"rotation":0,"texture":"#0"},"down":{"uv":[8.3125,3.5625,7.3125,4.0],"tintindex":0,"rotation":0,"texture":"#0"}},"rotation":{"origin":[4.9000006,8.479433,15.039658],"angle":-22.5,"axis":"x"}},{"from":[-3.1000004,14.979433,13.939657],"to":[12.9,14.979433,20.939657],"faces":{"up":{"uv":[8.3125,4.5,7.3125,4.0625],"tintindex":0,"rotation":0,"texture":"#0"},"down":{"uv":[6.875,7.5,5.875,7.9375],"tintindex":0,"rotation":0,"texture":"#0"}},"rotation":{"origin":[4.9000006,8.479433,19.939657],"angle":-22.5,"axis":"x"}},{"from":[-3.0990763,-3.60141,13.939657],"to":[12.900925,-3.60141,20.939657],"faces":{"up":{"uv":[2.75,8.0,1.75,7.5625],"tintindex":0,"rotation":0,"texture":"#0"},"down":{"uv":[3.8125,7.5625,2.8125,8.0],"tintindex":0,"rotation":0,"texture":"#0"}},"rotation":{"origin":[4.9009237,2.8985891,19.939657],"angle":22.5,"axis":"x"}},{"from":[-4.2471256,-0.81052685,16.180576],"to":[-4.2471256,12.189474,23.180576],"faces":{"east":{"uv":[7.125,8.0,7.5625,8.8125],"tintindex":0,"rotation":0,"texture":"#0"},"west":{"uv":[1.6875,8.0625,2.125,8.875],"tintindex":0,"rotation":0,"texture":"#0"}},"rotation":{"origin":[-4.2471256,5.689474,19.180576],"angle":-22.5,"axis":"y"}},{"from":[-3.0990763,-3.60141,18.439657],"to":[12.900925,-3.60141,25.439657],"faces":{"up":{"uv":[8.75,5.5,7.75,5.0625],"tintindex":0,"rotation":0,"texture":"#0"},"down":{"uv":[8.75,5.5625,7.75,6.0],"tintindex":0,"rotation":0,"texture":"#0"}},"rotation":{"origin":[4.9009237,2.8985891,24.439657],"angle":22.5,"axis":"x"}},{"from":[-3.1000004,-0.81052685,7.0085554],"to":[12.9,12.189474,19.008556],"faces":{"east":{"uv":[5.0625,6.75,5.8125,7.5625],"tintindex":0,"rotation":0,"texture":"#0"},"south":{"uv":[6.6875,4.6875,7.6875,5.5],"tintindex":0,"rotation":0,"texture":"#0"},"north":{"uv":[2.0,6.6875,3.0,7.5],"tintindex":0,"rotation":0,"texture":"#0"},"west":{"uv":[0.9375,6.9375,1.6875,7.75],"tintindex":0,"rotation":0,"texture":"#0"},"up":{"uv":[6.9375,7.4375,5.9375,6.6875],"tintindex":0,"rotation":0,"texture":"#0"},"down":{"uv":[4.0625,6.75,3.0625,7.5],"tintindex":0,"rotation":0,"texture":"#0"}}},{"from":[-4.2471256,-0.81052685,11.680576],"to":[-4.2471256,12.189474,18.680576],"faces":{"east":{"uv":[7.8125,7.8125,8.25,8.625],"tintindex":0,"rotation":0,"texture":"#0"},"west":{"uv":[5.625,8.0,6.0625,8.8125],"tintindex":0,"rotation":0,"texture":"#0"}},"rotation":{"origin":[-4.2471256,5.689474,14.680576],"angle":-22.5,"axis":"y"}},{"from":[14.047127,-0.81052685,16.180576],"to":[14.047127,12.189474,23.180576],"faces":{"east":{"uv":[2.1875,8.0625,2.625,8.875],"tintindex":0,"rotation":0,"texture":"#0"},"west":{"uv":[2.6875,8.0625,3.125,8.875],"tintindex":0,"rotation":0,"texture":"#0"}},"rotation":{"origin":[14.047127,5.689474,19.180576],"angle":22.5,"axis":"y"}}],"display":{"gui":{"rotation":[30,225,0]}}}