{"textures":{"0":"modelengine:entity/nocsy_mount_moth"},"elements":[{"from":[9.448,5.460593,0.40532684],"to":[14.448,10.460594,5.405327],"faces":{"east":{"uv":[9.0,5.9375,9.3125,6.25],"tintindex":0,"rotation":0,"texture":"#0"},"south":{"uv":[9.0,6.3125,9.3125,6.625],"tintindex":0,"rotation":0,"texture":"#0"},"north":{"uv":[1.25,9.0,1.5625,9.3125],"tintindex":0,"rotation":0,"texture":"#0"},"west":{"uv":[9.0,6.6875,9.3125,7.0],"tintindex":0,"rotation":0,"texture":"#0"},"up":{"uv":[9.3125,7.375,9.0,7.0625],"tintindex":0,"rotation":0,"texture":"#0"},"down":{"uv":[9.3125,7.4375,9.0,7.75],"tintindex":0,"rotation":0,"texture":"#0"}}},{"from":[10.048,8.560593,0.20532608],"to":[11.248,9.760593,0.20532608],"faces":{"south":{"uv":[6.3125,4.6875,6.375,4.75],"tintindex":0,"rotation":0,"texture":"#0"},"north":{"uv":[2.0,6.25,2.0625,6.3125],"tintindex":0,"rotation":0,"texture":"#0"}}},{"from":[3.0,-1.300745,-0.2527523],"to":[13.0,5.699254,-0.2527523],"faces":{"south":{"uv":[8.3125,6.5625,8.9375,7.0],"tintindex":0,"rotation":0,"texture":"#0"},"north":{"uv":[8.3125,6.0625,8.9375,6.5],"tintindex":0,"rotation":0,"texture":"#0"}},"rotation":{"origin":[8.0,2.3992548,-0.05275154],"angle":22.5,"axis":"x"}},{"from":[3.0,2.8245935,1.0253277],"to":[13.0,12.824593,10.025327],"faces":{"east":{"uv":[3.1875,8.0625,3.75,8.6875],"tintindex":0,"rotation":0,"texture":"#0"},"south":{"uv":[0.0,7.8125,0.625,8.4375],"tintindex":0,"rotation":0,"texture":"#0"},"north":{"uv":[4.9375,7.625,5.5625,8.25],"tintindex":0,"rotation":0,"texture":"#0"},"west":{"uv":[8.125,0.0,8.6875,0.625],"tintindex":0,"rotation":0,"texture":"#0"},"up":{"uv":[4.4375,8.6875,3.8125,8.125],"tintindex":0,"rotation":0,"texture":"#0"},"down":{"uv":[8.875,0.6875,8.25,1.25],"tintindex":0,"rotation":0,"texture":"#0"}}},{"from":[1.7219205,-1.300745,1.0253277],"to":[1.7219205,5.699254,11.025327],"faces":{"east":{"uv":[8.3125,7.0625,8.9375,7.5],"tintindex":0,"rotation":0,"texture":"#0"},"west":{"uv":[8.3125,7.5625,8.9375,8.0],"tintindex":0,"rotation":0,"texture":"#0"}},"rotation":{"origin":[1.9219208,2.3992548,6.0253267],"angle":-22.5,"axis":"z"}},{"from":[2.152,8.560593,0.20532608],"to":[3.3520002,9.760593,0.20532608],"faces":{"south":{"uv":[2.0,6.125,2.0625,6.1875],"tintindex":0,"rotation":0,"texture":"#0"},"north":{"uv":[2.0,6.0,2.0625,6.0625],"tintindex":0,"rotation":0,"texture":"#0"}}},{"from":[14.27808,-1.300745,1.0253277],"to":[14.27808,5.699254,11.025327],"faces":{"east":{"uv":[8.3125,8.0625,8.9375,8.5],"tintindex":0,"rotation":0,"texture":"#0"},"west":{"uv":[8.375,1.75,9.0,2.1875],"tintindex":0,"rotation":0,"texture":"#0"}},"rotation":{"origin":[14.078079,2.3992548,6.0253267],"angle":22.5,"axis":"z"}},{"from":[1.552,5.460593,0.40532684],"to":[6.552,10.460594,5.405327],"faces":{"east":{"uv":[1.625,8.9375,1.9375,9.25],"tintindex":0,"rotation":0,"texture":"#0"},"south":{"uv":[2.0,8.9375,2.3125,9.25],"tintindex":0,"rotation":0,"texture":"#0"},"north":{"uv":[7.6875,8.6875,8.0,9.0],"tintindex":0,"rotation":0,"texture":"#0"},"west":{"uv":[2.375,8.9375,2.6875,9.25],"tintindex":0,"rotation":0,"texture":"#0"},"up":{"uv":[3.0625,9.25,2.75,8.9375],"tintindex":0,"rotation":0,"texture":"#0"},"down":{"uv":[1.1875,9.0,0.875,9.3125],"tintindex":0,"rotation":0,"texture":"#0"}}}],"display":{"gui":{"rotation":[30,225,0]}}}