{"textures":{"0":"modelengine:entity/nocsy_mount_moth"},"elements":[{"from":[-2.3918211,5.616502,5.1187963],"to":[8.588179,9.596501,9.098796],"faces":{"east":{"uv":[0.0,9.0625,0.25,9.3125],"tintindex":0,"rotation":0,"texture":"#0"},"south":{"uv":[3.9375,8.75,4.625,9.0],"tintindex":0,"rotation":0,"texture":"#0"},"north":{"uv":[3.1875,8.75,3.875,9.0],"tintindex":0,"rotation":0,"texture":"#0"},"west":{"uv":[9.0625,1.75,9.3125,2.0],"tintindex":0,"rotation":0,"texture":"#0"},"up":{"uv":[5.375,9.0,4.6875,8.75],"tintindex":0,"rotation":0,"texture":"#0"},"down":{"uv":[9.4375,8.5625,8.75,8.8125],"tintindex":0,"rotation":0,"texture":"#0"}}},{"from":[-15.391821,2.6165016,7.1187963],"to":[-1.4118211,17.596502,7.098796],"faces":{"south":{"uv":[5.0,5.75,5.875,6.6875],"tintindex":0,"rotation":0,"texture":"#0"},"north":{"uv":[4.0625,5.75,4.9375,6.6875],"tintindex":0,"rotation":0,"texture":"#0"}},"rotation":{"origin":[-5.401821,6.1065016,7.108796],"angle":-45.0,"axis":"z"}}],"display":{"gui":{"rotation":[30,225,0]}}}