{"textures":{"0":"modelengine:entity/nocsy_mount_moth"},"elements":[{"from":[-3.9238796,17.382683,2.0],"to":[8.07612,17.382683,13.999999],"faces":{"up":{"uv":[7.6875,6.3125,6.9375,5.5625],"tintindex":0,"rotation":0,"texture":"#0"},"down":{"uv":[7.75,6.375,7.0,7.125],"tintindex":0,"rotation":0,"texture":"#0"}},"rotation":{"origin":[4.0761204,17.382683,8.0],"angle":-22.5,"axis":"z"}},{"from":[7.7716384,7.8519497,5.0],"to":[7.7716384,15.85195,10.999999],"faces":{"east":{"uv":[8.375,3.5,8.75,4.0],"tintindex":0,"rotation":0,"texture":"#0"},"west":{"uv":[0.0,8.5,0.375,9.0],"tintindex":0,"rotation":0,"texture":"#0"}}}],"display":{"gui":{"rotation":[30,225,0]}}}