{"textures":{"0":"modelengine:entity/nocsy_mount_moth"},"elements":[{"from":[-8.006622,5.036046,13.978365],"to":[6.9733777,19.016047,13.9583645],"faces":{"south":{"uv":[1.9375,6.0,1.0,6.875],"tintindex":0,"rotation":0,"texture":"#0"},"north":{"uv":[1.0,6.0,1.9375,6.875],"tintindex":0,"rotation":0,"texture":"#0"}},"rotation":{"origin":[-0.616622,11.295312,10.472847],"angle":22.5,"axis":"z"}},{"from":[0.8486669,5.7262774,11.79475],"to":[11.828667,9.706277,15.77475],"faces":{"east":{"uv":[3.125,9.0625,3.375,9.3125],"tintindex":0,"rotation":0,"texture":"#0"},"south":{"uv":[8.8125,2.5625,9.5,2.8125],"tintindex":0,"rotation":0,"texture":"#0"},"north":{"uv":[8.8125,2.25,9.5,2.5],"tintindex":0,"rotation":0,"texture":"#0"},"west":{"uv":[3.4375,9.0625,3.6875,9.3125],"tintindex":0,"rotation":0,"texture":"#0"},"up":{"uv":[9.5,3.125,8.8125,2.875],"tintindex":0,"rotation":0,"texture":"#0"},"down":{"uv":[9.5,3.1875,8.8125,3.4375],"tintindex":0,"rotation":0,"texture":"#0"}},"rotation":{"origin":[2.7246704,9.046026,14.0],"angle":22.5,"axis":"y"}},{"from":[0.61193347,6.278569,3.8289144],"to":[11.591934,10.258569,7.808914],"faces":{"east":{"uv":[3.75,9.0625,4.0,9.3125],"tintindex":0,"rotation":0,"texture":"#0"},"south":{"uv":[8.8125,4.375,9.5,4.625],"tintindex":0,"rotation":0,"texture":"#0"},"north":{"uv":[8.8125,3.5,9.5,3.75],"tintindex":0,"rotation":0,"texture":"#0"},"west":{"uv":[4.0625,9.0625,4.3125,9.3125],"tintindex":0,"rotation":0,"texture":"#0"},"up":{"uv":[9.5,4.9375,8.8125,4.6875],"tintindex":0,"rotation":0,"texture":"#0"},"down":{"uv":[9.5,5.0,8.8125,5.25],"tintindex":0,"rotation":0,"texture":"#0"}}},{"from":[-8.006622,5.411459,5.743744],"to":[6.9733777,19.391459,5.7237434],"faces":{"south":{"uv":[6.875,5.75,5.9375,6.625],"tintindex":0,"rotation":0,"texture":"#0"},"north":{"uv":[5.9375,5.75,6.875,6.625],"tintindex":0,"rotation":0,"texture":"#0"}},"rotation":{"origin":[-0.616622,11.295312,10.472847],"angle":22.5,"axis":"z"}}],"display":{"gui":{"rotation":[30,225,0]}}}