{"textures":{"0":"modelengine:entity/nocsy_mount_moth"},"elements":[{"from":[4.4080663,6.278569,3.8289144],"to":[15.388066,10.258569,7.808914],"faces":{"east":{"uv":[4.3125,9.0625,4.0625,9.3125],"tintindex":0,"rotation":0,"texture":"#0"},"south":{"uv":[9.5,4.375,8.8125,4.625],"tintindex":0,"rotation":0,"texture":"#0"},"north":{"uv":[9.5,3.5,8.8125,3.75],"tintindex":0,"rotation":0,"texture":"#0"},"west":{"uv":[4.0,9.0625,3.75,9.3125],"tintindex":0,"rotation":0,"texture":"#0"},"up":{"uv":[8.8125,4.9375,9.5,4.6875],"tintindex":0,"rotation":0,"texture":"#0"},"down":{"uv":[8.8125,5.0,9.5,5.25],"tintindex":0,"rotation":0,"texture":"#0"}}},{"from":[4.1713333,5.7262774,11.79475],"to":[15.151333,9.706277,15.77475],"faces":{"east":{"uv":[3.6875,9.0625,3.4375,9.3125],"tintindex":0,"rotation":0,"texture":"#0"},"south":{"uv":[9.5,2.5625,8.8125,2.8125],"tintindex":0,"rotation":0,"texture":"#0"},"north":{"uv":[9.5,2.25,8.8125,2.5],"tintindex":0,"rotation":0,"texture":"#0"},"west":{"uv":[3.375,9.0625,3.125,9.3125],"tintindex":0,"rotation":0,"texture":"#0"},"up":{"uv":[8.8125,3.125,9.5,2.875],"tintindex":0,"rotation":0,"texture":"#0"},"down":{"uv":[8.8125,3.1875,9.5,3.4375],"tintindex":0,"rotation":0,"texture":"#0"}},"rotation":{"origin":[13.27533,9.046026,14.0],"angle":-22.5,"axis":"y"}},{"from":[9.026623,5.411459,5.743744],"to":[24.006622,19.391459,5.7237434],"faces":{"south":{"uv":[5.9375,5.75,6.875,6.625],"tintindex":0,"rotation":0,"texture":"#0"},"north":{"uv":[6.875,5.75,5.9375,6.625],"tintindex":0,"rotation":0,"texture":"#0"}},"rotation":{"origin":[16.616623,11.295312,10.472847],"angle":-22.5,"axis":"z"}},{"from":[9.026623,5.036046,13.978365],"to":[24.006622,19.016047,13.9583645],"faces":{"south":{"uv":[1.0,6.0,1.9375,6.875],"tintindex":0,"rotation":0,"texture":"#0"},"north":{"uv":[1.9375,6.0,1.0,6.875],"tintindex":0,"rotation":0,"texture":"#0"}},"rotation":{"origin":[16.616623,11.295312,10.472847],"angle":-22.5,"axis":"z"}}],"display":{"gui":{"rotation":[30,225,0]}}}