{"textures":{"0":"modelengine:entity/nocsy_mount_moth"},"elements":[{"from":[7.411822,5.616502,5.1187963],"to":[18.39182,9.596501,9.098796],"faces":{"east":{"uv":[9.3125,1.75,9.0625,2.0],"tintindex":0,"rotation":0,"texture":"#0"},"south":{"uv":[4.625,8.75,3.9375,9.0],"tintindex":0,"rotation":0,"texture":"#0"},"north":{"uv":[3.875,8.75,3.1875,9.0],"tintindex":0,"rotation":0,"texture":"#0"},"west":{"uv":[0.25,9.0625,0.0,9.3125],"tintindex":0,"rotation":0,"texture":"#0"},"up":{"uv":[4.6875,9.0,5.375,8.75],"tintindex":0,"rotation":0,"texture":"#0"},"down":{"uv":[8.75,8.5625,9.4375,8.8125],"tintindex":0,"rotation":0,"texture":"#0"}}},{"from":[17.411821,2.6165016,7.1187963],"to":[31.39182,17.596502,7.098796],"faces":{"south":{"uv":[5.875,5.75,5.0,6.6875],"tintindex":0,"rotation":0,"texture":"#0"},"north":{"uv":[4.9375,5.75,4.0625,6.6875],"tintindex":0,"rotation":0,"texture":"#0"}},"rotation":{"origin":[21.401821,6.1065016,7.108796],"angle":45.0,"axis":"z"}}],"display":{"gui":{"rotation":[30,225,0]}}}