{"textures":{"0":"modelengine:entity/nocsy_mount_moth"},"elements":[{"from":[7.9238796,17.382683,2.0],"to":[19.92388,17.382683,13.999999],"faces":{"up":{"uv":[7.75,7.9375,7.0,7.1875],"tintindex":0,"rotation":0,"texture":"#0"},"down":{"uv":[8.0625,0.0,7.3125,0.75],"tintindex":0,"rotation":0,"texture":"#0"}},"rotation":{"origin":[11.92388,17.382683,8.0],"angle":22.5,"axis":"z"}},{"from":[8.228361,7.8519497,5.0],"to":[8.228361,15.85195,10.999999],"faces":{"east":{"uv":[8.3125,8.5625,8.6875,9.0625],"tintindex":0,"rotation":0,"texture":"#0"},"west":{"uv":[0.4375,8.6875,0.8125,9.1875],"tintindex":0,"rotation":0,"texture":"#0"}}}],"display":{"gui":{"rotation":[30,225,0]}}}