{"textures":{"0":"modelengine:entity/nocsy_mount_leopard_baby"},"elements":[{"from":[5.51,9.01765,-0.80455995],"to":[10.49,11.997649,4.17544],"faces":{"east":{"uv":[1.75,6.25,2.375,6.625],"tintindex":0,"rotation":0,"texture":"#0"},"south":{"uv":[3.625,6.25,4.25,6.625],"tintindex":0,"rotation":0,"texture":"#0"},"north":{"uv":[6.125,3.5,6.75,3.875],"tintindex":0,"rotation":0,"texture":"#0"},"west":{"uv":[6.25,4.0,6.875,4.375],"tintindex":0,"rotation":0,"texture":"#0"},"up":{"uv":[5.125,3.25,4.5,2.625],"tintindex":0,"rotation":0,"texture":"#0"},"down":{"uv":[5.25,0.0,4.625,0.625],"tintindex":0,"rotation":0,"texture":"#0"}}},{"from":[4.0,2.7918606,2.3523054],"to":[12.0,8.791861,9.352305],"faces":{"east":{"uv":[1.125,1.75,2.0,2.5],"tintindex":0,"rotation":0,"texture":"#0"},"south":{"uv":[1.125,0.875,2.125,1.625],"tintindex":0,"rotation":0,"texture":"#0"},"north":{"uv":[1.125,0.0,2.125,0.75],"tintindex":0,"rotation":0,"texture":"#0"},"west":{"uv":[0.0,2.0,0.875,2.75],"tintindex":0,"rotation":0,"texture":"#0"},"up":{"uv":[1.0,0.875,0.0,0.0],"tintindex":0,"rotation":0,"texture":"#0"},"down":{"uv":[1.0,1.0,0.0,1.875],"tintindex":0,"rotation":0,"texture":"#0"}},"rotation":{"origin":[8.0,5.79186,11.352305],"angle":22.5,"axis":"x"}},{"from":[5.5,7.3564634,-0.54082584],"to":[10.5,10.356463,3.4591737],"faces":{"east":{"uv":[5.375,6.25,5.875,6.625],"tintindex":0,"rotation":0,"texture":"#0"},"south":{"uv":[6.25,5.0,6.875,5.375],"tintindex":0,"rotation":0,"texture":"#0"},"north":{"uv":[6.25,4.5,6.875,4.875],"tintindex":0,"rotation":0,"texture":"#0"},"west":{"uv":[6.25,5.5,6.75,5.875],"tintindex":0,"rotation":0,"texture":"#0"},"up":{"uv":[6.0,1.5,5.375,1.0],"tintindex":0,"rotation":0,"texture":"#0"},"down":{"uv":[6.0,3.375,5.375,3.875],"tintindex":0,"rotation":0,"texture":"#0"}},"rotation":{"origin":[8.0,9.856463,1.4591737],"angle":22.5,"axis":"x"}},{"from":[5.0,3.79186,8.352305],"to":[11.0,8.791861,14.352305],"faces":{"east":{"uv":[3.125,3.5,3.875,4.125],"tintindex":0,"rotation":0,"texture":"#0"},"south":{"uv":[3.625,2.625,4.375,3.25],"tintindex":0,"rotation":0,"texture":"#0"},"north":{"uv":[3.125,1.0,3.875,1.625],"tintindex":0,"rotation":0,"texture":"#0"},"west":{"uv":[0.0,3.75,0.75,4.375],"tintindex":0,"rotation":0,"texture":"#0"},"up":{"uv":[2.875,2.5,2.125,1.75],"tintindex":0,"rotation":0,"texture":"#0"},"down":{"uv":[3.0,0.0,2.25,0.75],"tintindex":0,"rotation":0,"texture":"#0"}}}],"display":{"gui":{"rotation":[30,225,0]}}}