{"textures":{"0":"modelengine:entity/nocsy_mount_leopard_baby"},"elements":[{"from":[5.0,4.785544,2.2777271],"to":[11.0,10.785543,8.277727],"faces":{"east":{"uv":[1.0,2.625,1.75,3.375],"tintindex":0,"rotation":0,"texture":"#0"},"south":{"uv":[1.875,2.625,2.625,3.375],"tintindex":0,"rotation":0,"texture":"#0"},"north":{"uv":[2.25,0.875,3.0,1.625],"tintindex":0,"rotation":0,"texture":"#0"},"west":{"uv":[2.75,2.625,3.5,3.375],"tintindex":0,"rotation":0,"texture":"#0"},"up":{"uv":[0.75,3.625,0.0,2.875],"tintindex":0,"rotation":0,"texture":"#0"},"down":{"uv":[3.75,1.75,3.0,2.5],"tintindex":0,"rotation":0,"texture":"#0"}}},{"from":[4.655377,9.618081,5.277727],"to":[7.655377,12.618081,6.277727],"faces":{"east":{"uv":[4.75,5.25,4.875,5.625],"tintindex":0,"rotation":0,"texture":"#0"},"south":{"uv":[1.0,6.875,1.375,7.25],"tintindex":0,"rotation":0,"texture":"#0"},"north":{"uv":[0.5,6.875,0.875,7.25],"tintindex":0,"rotation":0,"texture":"#0"},"west":{"uv":[5.875,2.875,6.0,3.25],"tintindex":0,"rotation":0,"texture":"#0"},"up":{"uv":[8.0,5.25,7.625,5.125],"tintindex":0,"rotation":0,"texture":"#0"},"down":{"uv":[8.625,1.125,8.25,1.25],"tintindex":0,"rotation":0,"texture":"#0"}},"rotation":{"origin":[6.655377,9.118081,7.277727],"angle":45.0,"axis":"z"}},{"from":[5.35,7.4105434,1.9277267],"to":[5.85,8.410543,1.9277267],"faces":{"east":{"uv":[8.0,6.125,8.25,6.375],"tintindex":0,"rotation":0,"texture":"#0"},"south":{"uv":[4.5,8.75,4.375,8.875],"tintindex":0,"rotation":0,"texture":"#0"},"north":{"uv":[4.375,8.75,4.5,8.875],"tintindex":0,"rotation":0,"texture":"#0"},"west":{"uv":[8.0,7.875,8.25,8.125],"tintindex":0,"rotation":0,"texture":"#0"},"up":{"uv":[0.25,8.375,0.0,8.125],"tintindex":0,"rotation":0,"texture":"#0"},"down":{"uv":[8.375,1.375,8.125,1.625],"tintindex":0,"rotation":0,"texture":"#0"}}},{"from":[6.0,5.4658546,-0.34586143],"to":[10.0,8.465855,3.6541386],"faces":{"east":{"uv":[6.5,0.0,7.0,0.375],"tintindex":0,"rotation":0,"texture":"#0"},"south":{"uv":[6.5,1.375,7.0,1.75],"tintindex":0,"rotation":0,"texture":"#0"},"north":{"uv":[6.0,6.25,6.5,6.625],"tintindex":0,"rotation":0,"texture":"#0"},"west":{"uv":[6.5,1.875,7.0,2.25],"tintindex":0,"rotation":0,"texture":"#0"},"up":{"uv":[6.625,3.375,6.125,2.875],"tintindex":0,"rotation":0,"texture":"#0"},"down":{"uv":[3.5,6.125,3.0,6.625],"tintindex":0,"rotation":0,"texture":"#0"}},"rotation":{"origin":[8.0,6.4658546,0.65413857],"angle":-22.5,"axis":"x"}},{"from":[6.01,5.1692924,0.12294269],"to":[9.99,8.149292,4.1029425],"faces":{"east":{"uv":[4.375,6.625,4.875,7.0],"tintindex":0,"rotation":0,"texture":"#0"},"south":{"uv":[6.625,6.0,7.125,6.375],"tintindex":0,"rotation":0,"texture":"#0"},"north":{"uv":[6.5,2.375,7.0,2.75],"tintindex":0,"rotation":0,"texture":"#0"},"west":{"uv":[6.625,6.5,7.125,6.875],"tintindex":0,"rotation":0,"texture":"#0"},"up":{"uv":[1.0,6.75,0.5,6.25],"tintindex":0,"rotation":0,"texture":"#0"},"down":{"uv":[1.625,6.25,1.125,6.75],"tintindex":0,"rotation":0,"texture":"#0"}}},{"from":[6.2,5.4708166,3.0417023],"to":[6.2,6.4708166,4.0417023],"faces":{"east":{"uv":[4.5,8.75,4.375,8.875],"tintindex":0,"rotation":90,"texture":"#0"},"south":{"uv":[8.375,1.375,8.125,1.625],"tintindex":0,"rotation":90,"texture":"#0"},"north":{"uv":[0.25,8.375,0.0,8.125],"tintindex":0,"rotation":90,"texture":"#0"},"west":{"uv":[4.375,8.75,4.5,8.875],"tintindex":0,"rotation":270,"texture":"#0"},"up":{"uv":[8.0,7.875,8.25,8.125],"tintindex":0,"rotation":0,"texture":"#0"},"down":{"uv":[8.0,6.125,8.25,6.375],"tintindex":0,"rotation":180,"texture":"#0"}},"rotation":{"origin":[5.6,7.9105434,1.9277267],"angle":45.0,"axis":"x"}},{"from":[9.8,5.4708166,3.0417023],"to":[9.8,6.4708166,4.0417023],"faces":{"east":{"uv":[4.375,8.875,4.5,8.75],"tintindex":0,"rotation":270,"texture":"#0"},"south":{"uv":[8.375,1.625,8.125,1.375],"tintindex":0,"rotation":90,"texture":"#0"},"north":{"uv":[0.25,8.125,0.0,8.375],"tintindex":0,"rotation":90,"texture":"#0"},"west":{"uv":[4.5,8.875,4.375,8.75],"tintindex":0,"rotation":90,"texture":"#0"},"up":{"uv":[8.25,7.875,8.0,8.125],"tintindex":0,"rotation":0,"texture":"#0"},"down":{"uv":[8.25,6.125,8.0,6.375],"tintindex":0,"rotation":180,"texture":"#0"}},"rotation":{"origin":[10.4,7.9105434,1.9277267],"angle":45.0,"axis":"x"}},{"from":[6.9,7.3658547,-0.44586143],"to":[9.1,8.565855,0.7541386],"faces":{"east":{"uv":[5.375,4.0,5.5,4.125],"tintindex":0,"rotation":0,"texture":"#0"},"south":{"uv":[6.25,6.0,6.5,6.125],"tintindex":0,"rotation":0,"texture":"#0"},"north":{"uv":[6.125,1.375,6.375,1.5],"tintindex":0,"rotation":0,"texture":"#0"},"west":{"uv":[4.75,5.75,4.875,5.875],"tintindex":0,"rotation":0,"texture":"#0"},"up":{"uv":[7.0,1.25,6.75,1.125],"tintindex":0,"rotation":0,"texture":"#0"},"down":{"uv":[8.625,8.25,8.375,8.375],"tintindex":0,"rotation":0,"texture":"#0"}},"rotation":{"origin":[8.0,6.4658546,0.65413857],"angle":-22.5,"axis":"x"}},{"from":[9.4,7.0855436,1.9777269],"to":[11.4,9.085544,3.977727],"faces":{"east":{"uv":[8.125,1.75,8.375,2.0],"tintindex":0,"rotation":0,"texture":"#0"},"south":{"uv":[1.875,8.125,2.125,8.375],"tintindex":0,"rotation":0,"texture":"#0"},"north":{"uv":[1.5,8.125,1.75,8.375],"tintindex":0,"rotation":0,"texture":"#0"},"west":{"uv":[8.125,3.5,8.375,3.75],"tintindex":0,"rotation":0,"texture":"#0"},"up":{"uv":[4.125,8.375,3.875,8.125],"tintindex":0,"rotation":0,"texture":"#0"},"down":{"uv":[4.5,8.125,4.25,8.375],"tintindex":0,"rotation":0,"texture":"#0"}}},{"from":[6.5,4.510478,0.48667622],"to":[9.5,6.510478,2.4866762],"faces":{"east":{"uv":[4.625,8.125,4.875,8.375],"tintindex":0,"rotation":0,"texture":"#0"},"south":{"uv":[7.875,7.125,8.25,7.375],"tintindex":0,"rotation":0,"texture":"#0"},"north":{"uv":[7.875,3.125,8.25,3.375],"tintindex":0,"rotation":0,"texture":"#0"},"west":{"uv":[5.0,8.125,5.25,8.375],"tintindex":0,"rotation":0,"texture":"#0"},"up":{"uv":[1.375,8.25,1.0,8.0],"tintindex":0,"rotation":0,"texture":"#0"},"down":{"uv":[8.375,2.25,8.0,2.5],"tintindex":0,"rotation":0,"texture":"#0"}}},{"from":[4.6,7.0855436,1.9777269],"to":[6.6,9.085544,3.977727],"faces":{"east":{"uv":[8.0,6.125,8.25,6.375],"tintindex":0,"rotation":0,"texture":"#0"},"south":{"uv":[8.0,7.5,8.25,7.75],"tintindex":0,"rotation":0,"texture":"#0"},"north":{"uv":[4.375,6.25,4.625,6.5],"tintindex":0,"rotation":0,"texture":"#0"},"west":{"uv":[8.0,7.875,8.25,8.125],"tintindex":0,"rotation":0,"texture":"#0"},"up":{"uv":[0.25,8.375,0.0,8.125],"tintindex":0,"rotation":0,"texture":"#0"},"down":{"uv":[8.375,1.375,8.125,1.625],"tintindex":0,"rotation":0,"texture":"#0"}}},{"from":[10.15,7.4105434,1.9277267],"to":[10.65,8.410543,1.9277267],"faces":{"east":{"uv":[8.25,7.875,8.0,8.125],"tintindex":0,"rotation":0,"texture":"#0"},"south":{"uv":[4.375,8.75,4.5,8.875],"tintindex":0,"rotation":0,"texture":"#0"},"north":{"uv":[4.5,8.75,4.375,8.875],"tintindex":0,"rotation":0,"texture":"#0"},"west":{"uv":[8.25,6.125,8.0,6.375],"tintindex":0,"rotation":0,"texture":"#0"},"up":{"uv":[0.0,8.375,0.25,8.125],"tintindex":0,"rotation":0,"texture":"#0"},"down":{"uv":[8.125,1.375,8.375,1.625],"tintindex":0,"rotation":0,"texture":"#0"}}},{"from":[8.344624,9.618081,5.277727],"to":[11.344624,12.618081,6.277727],"faces":{"east":{"uv":[1.5,6.875,1.625,7.25],"tintindex":0,"rotation":0,"texture":"#0"},"south":{"uv":[6.875,3.5,7.25,3.875],"tintindex":0,"rotation":0,"texture":"#0"},"north":{"uv":[2.25,6.875,2.625,7.25],"tintindex":0,"rotation":0,"texture":"#0"},"west":{"uv":[2.75,6.875,2.875,7.25],"tintindex":0,"rotation":0,"texture":"#0"},"up":{"uv":[8.75,6.375,8.375,6.25],"tintindex":0,"rotation":0,"texture":"#0"},"down":{"uv":[8.75,8.0,8.375,8.125],"tintindex":0,"rotation":0,"texture":"#0"}},"rotation":{"origin":[9.344624,9.118081,7.277727],"angle":-45.0,"axis":"z"}}],"display":{"gui":{"rotation":[30,225,0]}}}