{"textures":{"0":"modelengine:entity/nocsy_mount_leopard_baby"},"elements":[{"from":[7.9968815,2.8687,3.9588451],"to":[7.9968815,4.7687,4.958845],"faces":{"east":{"uv":[9.0,0.375,8.875,0.625],"tintindex":0,"rotation":0,"texture":"#0"},"south":{"uv":[8.375,2.625,8.625,2.875],"tintindex":0,"rotation":0,"texture":"#0"},"north":{"uv":[2.25,8.375,2.5,8.625],"tintindex":0,"rotation":0,"texture":"#0"},"west":{"uv":[8.875,0.375,9.0,0.625],"tintindex":0,"rotation":0,"texture":"#0"},"up":{"uv":[7.875,3.0,7.625,2.5],"tintindex":0,"rotation":0,"texture":"#0"},"down":{"uv":[7.875,4.5,7.625,5.0],"tintindex":0,"rotation":0,"texture":"#0"}},"rotation":{"origin":[7.9968815,3.6687002,4.533845],"angle":-45.0,"axis":"x"}},{"from":[9.596881,2.8687,4.3588448],"to":[9.596881,4.7687,5.3588448],"faces":{"east":{"uv":[9.0,0.375,8.875,0.625],"tintindex":0,"rotation":0,"texture":"#0"},"south":{"uv":[8.375,2.625,8.625,2.875],"tintindex":0,"rotation":0,"texture":"#0"},"north":{"uv":[2.25,8.375,2.5,8.625],"tintindex":0,"rotation":0,"texture":"#0"},"west":{"uv":[8.875,0.375,9.0,0.625],"tintindex":0,"rotation":0,"texture":"#0"},"up":{"uv":[7.875,3.0,7.625,2.5],"tintindex":0,"rotation":0,"texture":"#0"},"down":{"uv":[7.875,4.5,7.625,5.0],"tintindex":0,"rotation":0,"texture":"#0"}},"rotation":{"origin":[9.596881,3.6687002,4.9338455],"angle":-45.0,"axis":"x"}},{"from":[6.396881,2.8687,4.3588448],"to":[6.396881,4.7687,5.3588448],"faces":{"east":{"uv":[9.0,0.375,8.875,0.625],"tintindex":0,"rotation":0,"texture":"#0"},"south":{"uv":[8.375,2.625,8.625,2.875],"tintindex":0,"rotation":0,"texture":"#0"},"north":{"uv":[2.25,8.375,2.5,8.625],"tintindex":0,"rotation":0,"texture":"#0"},"west":{"uv":[8.875,0.375,9.0,0.625],"tintindex":0,"rotation":0,"texture":"#0"},"up":{"uv":[7.875,3.0,7.625,2.5],"tintindex":0,"rotation":0,"texture":"#0"},"down":{"uv":[7.875,4.5,7.625,5.0],"tintindex":0,"rotation":0,"texture":"#0"}},"rotation":{"origin":[6.396881,3.6687002,4.9338455],"angle":-45.0,"axis":"x"}},{"from":[6.9887123,3.7087002,6.105113],"to":[8.988712,7.7087,9.105113],"faces":{"east":{"uv":[2.5,6.25,2.875,6.75],"tintindex":0,"rotation":0,"texture":"#0"},"south":{"uv":[7.0,4.0,7.25,4.5],"tintindex":0,"rotation":0,"texture":"#0"},"north":{"uv":[4.0,6.75,4.25,7.25],"tintindex":0,"rotation":0,"texture":"#0"},"west":{"uv":[0.0,6.5,0.375,7.0],"tintindex":0,"rotation":0,"texture":"#0"},"up":{"uv":[8.25,3.0,8.0,2.625],"tintindex":0,"rotation":0,"texture":"#0"},"down":{"uv":[3.0,8.0,2.75,8.375],"tintindex":0,"rotation":0,"texture":"#0"}}},{"from":[8.088713,2.7087002,7.905113],"to":[10.088713,4.7087,11.905113],"faces":{"east":{"uv":[7.0,5.0,7.5,5.25],"tintindex":0,"rotation":0,"texture":"#0"},"south":{"uv":[8.25,0.375,8.5,0.625],"tintindex":0,"rotation":0,"texture":"#0"},"north":{"uv":[7.625,8.125,7.875,8.375],"tintindex":0,"rotation":0,"texture":"#0"},"west":{"uv":[7.125,0.0,7.625,0.25],"tintindex":0,"rotation":0,"texture":"#0"},"up":{"uv":[0.25,7.625,0.0,7.125],"tintindex":0,"rotation":0,"texture":"#0"},"down":{"uv":[7.375,1.125,7.125,1.625],"tintindex":0,"rotation":0,"texture":"#0"}},"rotation":{"origin":[16.488712,3.7087002,7.805113],"angle":-22.5,"axis":"y"}},{"from":[6.996881,2.6987002,4.6338444],"to":[9.016882,4.7187004,8.653845],"faces":{"east":{"uv":[7.125,1.75,7.625,2.0],"tintindex":0,"rotation":0,"texture":"#0"},"south":{"uv":[8.25,5.5,8.5,5.75],"tintindex":0,"rotation":0,"texture":"#0"},"north":{"uv":[8.25,0.75,8.5,1.0],"tintindex":0,"rotation":0,"texture":"#0"},"west":{"uv":[7.125,2.125,7.625,2.375],"tintindex":0,"rotation":0,"texture":"#0"},"up":{"uv":[4.625,7.625,4.375,7.125],"tintindex":0,"rotation":0,"texture":"#0"},"down":{"uv":[7.5,0.375,7.25,0.875],"tintindex":0,"rotation":0,"texture":"#0"}}},{"from":[6.4641366,2.7087002,4.615284],"to":[8.464136,4.7087,8.615284],"faces":{"east":{"uv":[6.875,5.5,7.375,5.75],"tintindex":0,"rotation":0,"texture":"#0"},"south":{"uv":[7.25,8.125,7.5,8.375],"tintindex":0,"rotation":0,"texture":"#0"},"north":{"uv":[8.125,5.125,8.375,5.375],"tintindex":0,"rotation":0,"texture":"#0"},"west":{"uv":[7.0,4.625,7.5,4.875],"tintindex":0,"rotation":0,"texture":"#0"},"up":{"uv":[6.75,7.5,6.5,7.0],"tintindex":0,"rotation":0,"texture":"#0"},"down":{"uv":[7.125,7.0,6.875,7.5],"tintindex":0,"rotation":0,"texture":"#0"}},"rotation":{"origin":[8.0641365,3.7087002,7.5152836],"angle":22.5,"axis":"y"}}],"display":{"gui":{"rotation":[30,225,0]}}}