{"textures":{"0":"modelengine:entity/nocsy_mount_leopard_baby"},"elements":[{"from":[8.086373,3.5474272,7.7403555],"to":[10.086373,5.547427,11.7403555],"faces":{"east":{"uv":[7.625,5.75,8.125,6.0],"tintindex":0,"rotation":0,"texture":"#0"},"south":{"uv":[8.375,3.875,8.625,4.125],"tintindex":0,"rotation":0,"texture":"#0"},"north":{"uv":[8.375,3.0,8.625,3.25],"tintindex":0,"rotation":0,"texture":"#0"},"west":{"uv":[5.875,7.625,6.375,7.875],"tintindex":0,"rotation":0,"texture":"#0"},"up":{"uv":[7.875,6.625,7.625,6.125],"tintindex":0,"rotation":0,"texture":"#0"},"down":{"uv":[6.75,7.625,6.5,8.125],"tintindex":0,"rotation":0,"texture":"#0"}},"rotation":{"origin":[16.486374,4.547427,7.6403556],"angle":-22.5,"axis":"y"}},{"from":[6.4045424,3.6724272,4.2040873],"to":[6.4045424,5.5724273,5.2040873],"faces":{"east":{"uv":[9.0,0.375,8.875,0.625],"tintindex":0,"rotation":0,"texture":"#0"},"south":{"uv":[8.375,2.625,8.625,2.875],"tintindex":0,"rotation":0,"texture":"#0"},"north":{"uv":[2.25,8.375,2.5,8.625],"tintindex":0,"rotation":0,"texture":"#0"},"west":{"uv":[8.875,0.375,9.0,0.625],"tintindex":0,"rotation":0,"texture":"#0"},"up":{"uv":[7.875,3.0,7.625,2.5],"tintindex":0,"rotation":0,"texture":"#0"},"down":{"uv":[7.875,4.5,7.625,5.0],"tintindex":0,"rotation":0,"texture":"#0"}},"rotation":{"origin":[6.4045424,4.497427,4.7790875],"angle":-45.0,"axis":"x"}},{"from":[6.994542,3.5374272,4.4690876],"to":[9.014543,5.5574274,8.489088],"faces":{"east":{"uv":[7.5,5.375,8.0,5.625],"tintindex":0,"rotation":0,"texture":"#0"},"south":{"uv":[8.375,2.625,8.625,2.875],"tintindex":0,"rotation":0,"texture":"#0"},"north":{"uv":[2.25,8.375,2.5,8.625],"tintindex":0,"rotation":0,"texture":"#0"},"west":{"uv":[7.625,0.375,8.125,0.625],"tintindex":0,"rotation":0,"texture":"#0"},"up":{"uv":[7.875,3.0,7.625,2.5],"tintindex":0,"rotation":0,"texture":"#0"},"down":{"uv":[7.875,4.5,7.625,5.0],"tintindex":0,"rotation":0,"texture":"#0"}}},{"from":[8.004542,3.772427,3.8040876],"to":[8.004542,5.672427,4.8040876],"faces":{"east":{"uv":[9.0,0.375,8.875,0.625],"tintindex":0,"rotation":0,"texture":"#0"},"south":{"uv":[8.375,2.625,8.625,2.875],"tintindex":0,"rotation":0,"texture":"#0"},"north":{"uv":[2.25,8.375,2.5,8.625],"tintindex":0,"rotation":0,"texture":"#0"},"west":{"uv":[8.875,0.375,9.0,0.625],"tintindex":0,"rotation":0,"texture":"#0"},"up":{"uv":[7.875,3.0,7.625,2.5],"tintindex":0,"rotation":0,"texture":"#0"},"down":{"uv":[7.875,4.5,7.625,5.0],"tintindex":0,"rotation":0,"texture":"#0"}},"rotation":{"origin":[8.004542,4.497427,4.479088],"angle":-45.0,"axis":"x"}},{"from":[6.9863734,4.547427,5.9403553],"to":[8.986374,8.547427,8.940355],"faces":{"east":{"uv":[6.75,2.875,7.125,3.375],"tintindex":0,"rotation":0,"texture":"#0"},"south":{"uv":[3.75,7.375,4.0,7.875],"tintindex":0,"rotation":0,"texture":"#0"},"north":{"uv":[7.375,3.5,7.625,4.0],"tintindex":0,"rotation":0,"texture":"#0"},"west":{"uv":[3.0,6.75,3.375,7.25],"tintindex":0,"rotation":0,"texture":"#0"},"up":{"uv":[8.25,4.5,8.0,4.125],"tintindex":0,"rotation":0,"texture":"#0"},"down":{"uv":[8.25,4.625,8.0,5.0],"tintindex":0,"rotation":0,"texture":"#0"}}},{"from":[6.4617977,3.5474272,4.450526],"to":[8.461798,5.547427,8.450526],"faces":{"east":{"uv":[7.375,4.125,7.875,4.375],"tintindex":0,"rotation":0,"texture":"#0"},"south":{"uv":[1.125,8.375,1.375,8.625],"tintindex":0,"rotation":0,"texture":"#0"},"north":{"uv":[0.75,8.375,1.0,8.625],"tintindex":0,"rotation":0,"texture":"#0"},"west":{"uv":[4.75,7.375,5.25,7.625],"tintindex":0,"rotation":0,"texture":"#0"},"up":{"uv":[7.75,1.5,7.5,1.0],"tintindex":0,"rotation":0,"texture":"#0"},"down":{"uv":[7.5,7.5,7.25,8.0],"tintindex":0,"rotation":0,"texture":"#0"}},"rotation":{"origin":[8.061798,4.547427,7.3505263],"angle":22.5,"axis":"y"}},{"from":[9.604542,3.6724272,4.2040873],"to":[9.604542,5.5724273,5.2040873],"faces":{"east":{"uv":[9.0,0.375,8.875,0.625],"tintindex":0,"rotation":0,"texture":"#0"},"south":{"uv":[8.375,2.625,8.625,2.875],"tintindex":0,"rotation":0,"texture":"#0"},"north":{"uv":[2.25,8.375,2.5,8.625],"tintindex":0,"rotation":0,"texture":"#0"},"west":{"uv":[8.875,0.375,9.0,0.625],"tintindex":0,"rotation":0,"texture":"#0"},"up":{"uv":[7.875,3.0,7.625,2.5],"tintindex":0,"rotation":0,"texture":"#0"},"down":{"uv":[7.875,4.5,7.625,5.0],"tintindex":0,"rotation":0,"texture":"#0"}},"rotation":{"origin":[9.604542,4.497427,4.7790875],"angle":-45.0,"axis":"x"}}],"display":{"gui":{"rotation":[30,225,0]}}}