{"textures":{"0":"modelengine:entity/nocsy_mount_leopard_baby"},"elements":[{"from":[4.2785945,2.6180468,5.726766],"to":[8.278595,9.618047,10.726767],"faces":{"east":{"uv":[3.125,0.0,3.75,0.875],"tintindex":0,"rotation":0,"texture":"#0"},"south":{"uv":[1.25,4.5,1.75,5.375],"tintindex":0,"rotation":0,"texture":"#0"},"north":{"uv":[0.625,4.5,1.125,5.375],"tintindex":0,"rotation":0,"texture":"#0"},"west":{"uv":[0.875,3.5,1.5,4.375],"tintindex":0,"rotation":0,"texture":"#0"},"up":{"uv":[6.125,4.625,5.625,4.0],"tintindex":0,"rotation":0,"texture":"#0"},"down":{"uv":[6.125,4.75,5.625,5.375],"tintindex":0,"rotation":0,"texture":"#0"}}}],"display":{"gui":{"rotation":[30,225,0]}}}