{"textures":{"0":"modelengine:entity/nocsy_mount_leopard_baby"},"elements":[{"from":[6.5,2.5,5.5],"to":[10.5,8.5,10.5],"faces":{"east":{"uv":[4.5,1.75,3.875,2.5],"tintindex":0,"rotation":0,"texture":"#0"},"south":{"uv":[5.75,1.625,5.25,2.375],"tintindex":0,"rotation":0,"texture":"#0"},"north":{"uv":[5.5,5.125,5.0,5.875],"tintindex":0,"rotation":0,"texture":"#0"},"west":{"uv":[4.5,0.0,3.875,0.75],"tintindex":0,"rotation":0,"texture":"#0"},"up":{"uv":[0.5,6.125,1.0,5.5],"tintindex":0,"rotation":0,"texture":"#0"},"down":{"uv":[1.125,5.5,1.625,6.125],"tintindex":0,"rotation":0,"texture":"#0"}}}],"display":{"gui":{"rotation":[30,225,0]}}}