{"textures":{"0":"modelengine:entity/nocsy_mount_leopard_baby"},"elements":[{"from":[7.7214055,2.6180468,5.726766],"to":[11.721405,9.618047,10.726767],"faces":{"east":{"uv":[1.5,3.5,0.875,4.375],"tintindex":0,"rotation":0,"texture":"#0"},"south":{"uv":[1.75,4.5,1.25,5.375],"tintindex":0,"rotation":0,"texture":"#0"},"north":{"uv":[1.125,4.5,0.625,5.375],"tintindex":0,"rotation":0,"texture":"#0"},"west":{"uv":[3.75,0.0,3.125,0.875],"tintindex":0,"rotation":0,"texture":"#0"},"up":{"uv":[5.625,4.625,6.125,4.0],"tintindex":0,"rotation":0,"texture":"#0"},"down":{"uv":[5.625,4.75,6.125,5.375],"tintindex":0,"rotation":0,"texture":"#0"}}}],"display":{"gui":{"rotation":[30,225,0]}}}