{"textures":{"0":"modelengine:entity/nocsy_mount_leopard_baby"},"elements":[{"from":[7.0136266,4.547427,5.9403553],"to":[9.013626,8.547427,8.940355],"faces":{"east":{"uv":[3.375,6.75,3.0,7.25],"tintindex":0,"rotation":0,"texture":"#0"},"south":{"uv":[4.0,7.375,3.75,7.875],"tintindex":0,"rotation":0,"texture":"#0"},"north":{"uv":[7.625,3.5,7.375,4.0],"tintindex":0,"rotation":0,"texture":"#0"},"west":{"uv":[7.125,2.875,6.75,3.375],"tintindex":0,"rotation":0,"texture":"#0"},"up":{"uv":[8.0,4.5,8.25,4.125],"tintindex":0,"rotation":0,"texture":"#0"},"down":{"uv":[8.0,4.625,8.25,5.0],"tintindex":0,"rotation":0,"texture":"#0"}}},{"from":[7.9954576,3.772427,3.8040876],"to":[7.9954576,5.672427,4.8040876],"faces":{"east":{"uv":[9.0,0.375,8.875,0.625],"tintindex":0,"rotation":0,"texture":"#0"},"south":{"uv":[8.625,2.625,8.375,2.875],"tintindex":0,"rotation":0,"texture":"#0"},"north":{"uv":[2.5,8.375,2.25,8.625],"tintindex":0,"rotation":0,"texture":"#0"},"west":{"uv":[8.875,0.375,9.0,0.625],"tintindex":0,"rotation":0,"texture":"#0"},"up":{"uv":[7.625,3.0,7.875,2.5],"tintindex":0,"rotation":0,"texture":"#0"},"down":{"uv":[7.625,4.5,7.875,5.0],"tintindex":0,"rotation":0,"texture":"#0"}},"rotation":{"origin":[7.9954576,4.497427,4.479088],"angle":-45.0,"axis":"x"}},{"from":[6.3954577,3.6724272,4.2040873],"to":[6.3954577,5.5724273,5.2040873],"faces":{"east":{"uv":[9.0,0.375,8.875,0.625],"tintindex":0,"rotation":0,"texture":"#0"},"south":{"uv":[8.625,2.625,8.375,2.875],"tintindex":0,"rotation":0,"texture":"#0"},"north":{"uv":[2.5,8.375,2.25,8.625],"tintindex":0,"rotation":0,"texture":"#0"},"west":{"uv":[8.875,0.375,9.0,0.625],"tintindex":0,"rotation":0,"texture":"#0"},"up":{"uv":[7.625,3.0,7.875,2.5],"tintindex":0,"rotation":0,"texture":"#0"},"down":{"uv":[7.625,4.5,7.875,5.0],"tintindex":0,"rotation":0,"texture":"#0"}},"rotation":{"origin":[6.3954577,4.497427,4.7790875],"angle":-45.0,"axis":"x"}},{"from":[7.5382023,3.5474272,4.450526],"to":[9.538202,5.547427,8.450526],"faces":{"east":{"uv":[5.25,7.375,4.75,7.625],"tintindex":0,"rotation":0,"texture":"#0"},"south":{"uv":[1.375,8.375,1.125,8.625],"tintindex":0,"rotation":0,"texture":"#0"},"north":{"uv":[1.0,8.375,0.75,8.625],"tintindex":0,"rotation":0,"texture":"#0"},"west":{"uv":[7.875,4.125,7.375,4.375],"tintindex":0,"rotation":0,"texture":"#0"},"up":{"uv":[7.5,1.5,7.75,1.0],"tintindex":0,"rotation":0,"texture":"#0"},"down":{"uv":[7.25,7.5,7.5,8.0],"tintindex":0,"rotation":0,"texture":"#0"}},"rotation":{"origin":[7.9382024,4.547427,7.3505263],"angle":-22.5,"axis":"y"}},{"from":[6.9854574,3.5374272,4.4690876],"to":[9.005458,5.5574274,8.489088],"faces":{"east":{"uv":[8.125,0.375,7.625,0.625],"tintindex":0,"rotation":0,"texture":"#0"},"south":{"uv":[8.625,2.625,8.375,2.875],"tintindex":0,"rotation":0,"texture":"#0"},"north":{"uv":[2.5,8.375,2.25,8.625],"tintindex":0,"rotation":0,"texture":"#0"},"west":{"uv":[8.0,5.375,7.5,5.625],"tintindex":0,"rotation":0,"texture":"#0"},"up":{"uv":[7.625,3.0,7.875,2.5],"tintindex":0,"rotation":0,"texture":"#0"},"down":{"uv":[7.625,4.5,7.875,5.0],"tintindex":0,"rotation":0,"texture":"#0"}}},{"from":[5.9136267,3.5474272,7.7403555],"to":[7.9136267,5.547427,11.7403555],"faces":{"east":{"uv":[6.375,7.625,5.875,7.875],"tintindex":0,"rotation":0,"texture":"#0"},"south":{"uv":[8.625,3.875,8.375,4.125],"tintindex":0,"rotation":0,"texture":"#0"},"north":{"uv":[8.625,3.0,8.375,3.25],"tintindex":0,"rotation":0,"texture":"#0"},"west":{"uv":[8.125,5.75,7.625,6.0],"tintindex":0,"rotation":0,"texture":"#0"},"up":{"uv":[7.625,6.625,7.875,6.125],"tintindex":0,"rotation":0,"texture":"#0"},"down":{"uv":[6.5,7.625,6.75,8.125],"tintindex":0,"rotation":0,"texture":"#0"}},"rotation":{"origin":[-0.4863739,4.547427,7.6403556],"angle":22.5,"axis":"y"}},{"from":[9.595457,3.6724272,4.2040873],"to":[9.595457,5.5724273,5.2040873],"faces":{"east":{"uv":[9.0,0.375,8.875,0.625],"tintindex":0,"rotation":0,"texture":"#0"},"south":{"uv":[8.625,2.625,8.375,2.875],"tintindex":0,"rotation":0,"texture":"#0"},"north":{"uv":[2.5,8.375,2.25,8.625],"tintindex":0,"rotation":0,"texture":"#0"},"west":{"uv":[8.875,0.375,9.0,0.625],"tintindex":0,"rotation":0,"texture":"#0"},"up":{"uv":[7.625,3.0,7.875,2.5],"tintindex":0,"rotation":0,"texture":"#0"},"down":{"uv":[7.625,4.5,7.875,5.0],"tintindex":0,"rotation":0,"texture":"#0"}},"rotation":{"origin":[9.595457,4.497427,4.7790875],"angle":-45.0,"axis":"x"}}],"display":{"gui":{"rotation":[30,225,0]}}}