{"textures":{"0":"modelengine:entity/nocsy_mount_leopard_baby"},"elements":[{"from":[6.0,1.5028553,6.130858],"to":[10.0,8.502855,10.130857],"faces":{"east":{"uv":[3.75,4.25,4.25,5.125],"tintindex":0,"rotation":0,"texture":"#0"},"south":{"uv":[4.375,4.25,4.875,5.125],"tintindex":0,"rotation":0,"texture":"#0"},"north":{"uv":[3.125,4.25,3.625,5.125],"tintindex":0,"rotation":0,"texture":"#0"},"west":{"uv":[0.0,4.5,0.5,5.375],"tintindex":0,"rotation":0,"texture":"#0"},"up":{"uv":[5.25,6.5,4.75,6.0],"tintindex":0,"rotation":0,"texture":"#0"},"down":{"uv":[6.625,0.75,6.125,1.25],"tintindex":0,"rotation":0,"texture":"#0"}}}],"display":{"gui":{"rotation":[30,225,0]}}}