{"textures":{"0":"modelengine:entity/nocsy_mount_leopard_baby"},"elements":[{"from":[6.5,1.3954144,6.193549],"to":[9.5,8.395414,9.193549],"faces":{"east":{"uv":[4.25,5.25,4.625,6.125],"tintindex":0,"rotation":0,"texture":"#0"},"south":{"uv":[5.375,0.0,5.75,0.875],"tintindex":0,"rotation":0,"texture":"#0"},"north":{"uv":[3.75,5.25,4.125,6.125],"tintindex":0,"rotation":0,"texture":"#0"},"west":{"uv":[0.0,5.5,0.375,6.375],"tintindex":0,"rotation":0,"texture":"#0"},"up":{"uv":[5.875,7.125,5.5,6.75],"tintindex":0,"rotation":0,"texture":"#0"},"down":{"uv":[6.375,6.75,6.0,7.125],"tintindex":0,"rotation":0,"texture":"#0"}}}],"display":{"gui":{"rotation":[30,225,0]}}}