{"textures":{"0":"modelengine:entity/nocsy_mount_leopard_baby"},"elements":[{"from":[6.0,3.2656732,4.29633],"to":[10.0,9.265674,8.2963295],"faces":{"east":{"uv":[4.75,0.75,5.25,1.5],"tintindex":0,"rotation":0,"texture":"#0"},"south":{"uv":[4.75,3.375,5.25,4.125],"tintindex":0,"rotation":0,"texture":"#0"},"north":{"uv":[4.625,1.75,5.125,2.5],"tintindex":0,"rotation":0,"texture":"#0"},"west":{"uv":[5.0,4.25,5.5,5.0],"tintindex":0,"rotation":0,"texture":"#0"},"up":{"uv":[6.375,2.125,5.875,1.625],"tintindex":0,"rotation":0,"texture":"#0"},"down":{"uv":[6.375,2.25,5.875,2.75],"tintindex":0,"rotation":0,"texture":"#0"}},"rotation":{"origin":[8.0,8.0,8.0],"angle":-22.5,"axis":"x"}}],"display":{"gui":{"rotation":[30,225,0]}}}