{"textures":{"0":"modelengine:entity/dragon_desert"},"elements":[{"from":[-0.03750038,14.445555,-7.5437565],"to":[16.0375,16.445555,5.4562435],"faces":{"east":{"uv":[9.3125,8.4375,10.125,8.5625],"tintindex":0,"rotation":0,"texture":"#0"},"south":{"uv":[8.75,2.0625,9.75,2.1875],"tintindex":0,"rotation":0,"texture":"#0"},"north":{"uv":[8.6875,5.25,9.6875,5.375],"tintindex":0,"rotation":0,"texture":"#0"},"west":{"uv":[10.125,8.4375,9.3125,8.5625],"tintindex":0,"rotation":0,"texture":"#0"},"up":{"uv":[5.0,5.5625,4.0,4.75],"tintindex":0,"rotation":0,"texture":"#0"},"down":{"uv":[5.9375,2.9375,4.9375,3.75],"tintindex":0,"rotation":0,"texture":"#0"}}},{"from":[15.0,10.445555,-7.5437565],"to":[16.0,14.445555,5.4562435],"faces":{"east":{"uv":[2.375,8.25,3.1875,8.5],"tintindex":0,"rotation":0,"texture":"#0"},"south":{"uv":[5.4375,7.6875,5.5,7.9375],"tintindex":0,"rotation":0,"texture":"#0"},"north":{"uv":[6.625,4.25,6.6875,4.5],"tintindex":0,"rotation":0,"texture":"#0"},"west":{"uv":[8.25,5.4375,9.0625,5.6875],"tintindex":0,"rotation":0,"texture":"#0"},"up":{"uv":[7.4375,10.625,7.375,9.8125],"tintindex":0,"rotation":0,"texture":"#0"},"down":{"uv":[5.8125,9.875,5.75,10.6875],"tintindex":0,"rotation":0,"texture":"#0"}}},{"from":[0.0,10.445555,-7.5437565],"to":[1.0,14.445555,5.4562435],"faces":{"east":{"uv":[8.25,8.0,9.0625,8.25],"tintindex":0,"rotation":0,"texture":"#0"},"south":{"uv":[7.9375,6.875,8.0,7.125],"tintindex":0,"rotation":0,"texture":"#0"},"north":{"uv":[0.5,7.8125,0.5625,8.0625],"tintindex":0,"rotation":0,"texture":"#0"},"west":{"uv":[8.3125,3.875,9.125,4.125],"tintindex":0,"rotation":0,"texture":"#0"},"up":{"uv":[2.6875,10.75,2.625,9.9375],"tintindex":0,"rotation":0,"texture":"#0"},"down":{"uv":[5.9375,9.9375,5.875,10.75],"tintindex":0,"rotation":0,"texture":"#0"}}},{"from":[0.0,15.831902,4.284452],"to":[16.0,20.8319,6.284452],"faces":{"east":{"uv":[7.6875,8.375,7.8125,8.6875],"tintindex":0,"rotation":0,"texture":"#0"},"south":{"uv":[4.5,7.3125,5.5,7.625],"tintindex":0,"rotation":0,"texture":"#0"},"north":{"uv":[7.3125,2.75,8.3125,3.0625],"tintindex":0,"rotation":0,"texture":"#0"},"west":{"uv":[4.75,8.4375,4.875,8.75],"tintindex":0,"rotation":0,"texture":"#0"},"up":{"uv":[10.0625,4.3125,9.0625,4.1875],"tintindex":0,"rotation":0,"texture":"#0"},"down":{"uv":[10.0625,4.375,9.0625,4.5],"tintindex":0,"rotation":0,"texture":"#0"}},"rotation":{"origin":[8.0,18.3319,5.284452],"angle":22.5,"axis":"x"}},{"from":[16.0,4.4455547,-7.5437565],"to":[16.0,10.445555,5.4562435],"faces":{"east":{"uv":[8.25,4.0625,7.4375,4.4375],"tintindex":0,"rotation":0,"texture":"#0"},"west":{"uv":[7.4375,4.0625,8.25,4.4375],"tintindex":0,"rotation":0,"texture":"#0"}}},{"from":[4.0,15.983295,-8.008333],"to":[12.0,18.983294,-6.008333],"faces":{"east":{"uv":[10.25,0.8125,10.375,1.0],"tintindex":0,"rotation":0,"texture":"#0"},"south":{"uv":[9.375,7.5625,9.875,7.75],"tintindex":0,"rotation":0,"texture":"#0"},"north":{"uv":[7.375,5.9375,7.875,6.125],"tintindex":0,"rotation":0,"texture":"#0"},"west":{"uv":[1.1875,10.25,1.3125,10.4375],"tintindex":0,"rotation":0,"texture":"#0"},"up":{"uv":[10.125,8.125,9.625,8.0],"tintindex":0,"rotation":0,"texture":"#0"},"down":{"uv":[0.5,9.6875,0.0,9.8125],"tintindex":0,"rotation":0,"texture":"#0"}},"rotation":{"origin":[8.0,17.483295,-7.008333],"angle":-22.5,"axis":"x"}},{"from":[0.0,4.4455547,-7.5437565],"to":[0.0,10.445555,5.4562435],"faces":{"east":{"uv":[8.25,4.0625,7.4375,4.4375],"tintindex":0,"rotation":0,"texture":"#0"},"west":{"uv":[7.4375,4.0625,8.25,4.4375],"tintindex":0,"rotation":0,"texture":"#0"}}},{"from":[1.0,1.4455547,-9.5437565],"to":[15.0,14.445555,8.4562435],"faces":{"east":{"uv":[4.625,1.1875,5.75,2.0],"tintindex":0,"rotation":0,"texture":"#0"},"south":{"uv":[5.0625,4.6875,5.9375,5.5],"tintindex":0,"rotation":0,"texture":"#0"},"north":{"uv":[4.9375,3.8125,5.8125,4.625],"tintindex":0,"rotation":0,"texture":"#0"},"west":{"uv":[5.75,1.1875,4.625,2.0],"tintindex":0,"rotation":0,"texture":"#0"},"up":{"uv":[4.875,4.6875,4.0,3.5625],"tintindex":0,"rotation":0,"texture":"#0"},"down":{"uv":[5.5,0.0,4.625,1.125],"tintindex":0,"rotation":0,"texture":"#0"}}}],"display":{"gui":{"rotation":[30,225,0]}}}