{"textures":{"0":"modelengine:entity/nocsy_mount_moth_baby"},"elements":[{"from":[5.0,5.0,7.0],"to":[11.0,11.0,15.0],"faces":{"east":{"uv":[2.0,3.75,3.0,4.5],"tintindex":0,"rotation":0,"texture":"#0"},"south":{"uv":[0.0,4.75,0.75,5.5],"tintindex":0,"rotation":0,"texture":"#0"},"north":{"uv":[3.0,4.625,3.75,5.375],"tintindex":0,"rotation":0,"texture":"#0"},"west":{"uv":[3.125,3.75,4.125,4.5],"tintindex":0,"rotation":0,"texture":"#0"},"up":{"uv":[5.0,1.0,4.25,0.0],"tintindex":0,"rotation":0,"texture":"#0"},"down":{"uv":[5.0,1.125,4.25,2.125],"tintindex":0,"rotation":0,"texture":"#0"}}}],"display":{"gui":{"rotation":[30,225,0]}}}