{"textures":{"0":"modelengine:entity/nocsy_mount_moth_baby"},"elements":[{"from":[5.5,11.573101,4.113798],"to":[9.5,11.573101,8.113798],"faces":{"up":{"uv":[6.375,1.75,5.875,1.25],"tintindex":0,"rotation":0,"texture":"#0"},"down":{"uv":[6.375,1.25,5.875,1.75],"tintindex":0,"rotation":0,"texture":"#0"}},"rotation":{"origin":[7.5,11.573101,6.613798],"angle":22.5,"axis":"x"}},{"from":[6.5,8.0,8.0],"to":[8.5,11.0,8.0],"faces":{"south":{"uv":[1.625,4.75,1.875,5.125],"tintindex":0,"rotation":0,"texture":"#0"},"north":{"uv":[1.875,4.75,1.625,5.125],"tintindex":0,"rotation":0,"texture":"#0"}}}],"display":{"gui":{"rotation":[30,225,0]}}}