{"textures":{"0":"modelengine:entity/nocsy_mount_moth_baby"},"elements":[{"from":[4.5,4.5,5.0],"to":[11.5,11.5,11.0],"faces":{"east":{"uv":[4.25,2.25,5.0,3.125],"tintindex":0,"rotation":0,"texture":"#0"},"south":{"uv":[1.0,3.75,1.875,4.625],"tintindex":0,"rotation":0,"texture":"#0"},"north":{"uv":[0.0,3.75,0.875,4.625],"tintindex":0,"rotation":0,"texture":"#0"},"west":{"uv":[4.25,3.25,5.0,4.125],"tintindex":0,"rotation":0,"texture":"#0"},"up":{"uv":[5.125,5.0,4.25,4.25],"tintindex":0,"rotation":0,"texture":"#0"},"down":{"uv":[2.875,4.625,2.0,5.375],"tintindex":0,"rotation":0,"texture":"#0"}}}],"display":{"gui":{"rotation":[30,225,0]}}}