{"textures":{"0":"modelengine:entity/nocsy_mount_moth_baby"},"elements":[{"from":[5.5,5.0,4.0],"to":[10.5,10.0,8.0],"faces":{"east":{"uv":[3.125,5.5,3.625,6.125],"tintindex":0,"rotation":0,"texture":"#0"},"south":{"uv":[5.125,0.0,5.75,0.625],"tintindex":0,"rotation":0,"texture":"#0"},"north":{"uv":[0.875,4.75,1.5,5.375],"tintindex":0,"rotation":0,"texture":"#0"},"west":{"uv":[0.0,5.625,0.5,6.25],"tintindex":0,"rotation":0,"texture":"#0"},"up":{"uv":[6.5,0.5,5.875,0.0],"tintindex":0,"rotation":0,"texture":"#0"},"down":{"uv":[6.5,0.625,5.875,1.125],"tintindex":0,"rotation":0,"texture":"#0"}}},{"from":[5.5,3.4249344,2.8910503],"to":[10.5,5.4249344,2.8910503],"faces":{"south":{"uv":[4.375,5.875,3.75,6.125],"tintindex":0,"rotation":0,"texture":"#0"},"north":{"uv":[3.75,5.875,4.375,6.125],"tintindex":0,"rotation":0,"texture":"#0"}},"rotation":{"origin":[8.0,2.9249344,4.8910503],"angle":22.5,"axis":"x"}},{"from":[4.775,7.475,3.3249998],"to":[5.775,8.475,3.3249998],"faces":{"east":{"uv":[6.125,5.0,6.5,5.375],"tintindex":0,"rotation":0,"texture":"#0"},"south":{"uv":[6.125,7.875,6.0,8.0],"tintindex":0,"rotation":0,"texture":"#0"},"north":{"uv":[6.0,7.875,6.125,8.0],"tintindex":0,"rotation":0,"texture":"#0"},"west":{"uv":[0.625,6.25,1.0,6.625],"tintindex":0,"rotation":0,"texture":"#0"},"up":{"uv":[1.5,6.625,1.125,6.25],"tintindex":0,"rotation":0,"texture":"#0"},"down":{"uv":[2.0,6.25,1.625,6.625],"tintindex":0,"rotation":0,"texture":"#0"}}},{"from":[8.5,6.0,3.4000006],"to":[11.5,9.0,6.4],"faces":{"east":{"uv":[2.625,6.25,3.0,6.625],"tintindex":0,"rotation":0,"texture":"#0"},"south":{"uv":[3.125,6.25,3.5,6.625],"tintindex":0,"rotation":0,"texture":"#0"},"north":{"uv":[2.125,6.25,2.5,6.625],"tintindex":0,"rotation":0,"texture":"#0"},"west":{"uv":[3.625,6.25,4.0,6.625],"tintindex":0,"rotation":0,"texture":"#0"},"up":{"uv":[4.5,6.625,4.125,6.25],"tintindex":0,"rotation":0,"texture":"#0"},"down":{"uv":[5.0,6.25,4.625,6.625],"tintindex":0,"rotation":0,"texture":"#0"}}},{"from":[8.925,7.475,3.3249998],"to":[9.925,8.475,3.3249998],"faces":{"east":{"uv":[1.0,6.25,0.625,6.625],"tintindex":0,"rotation":0,"texture":"#0"},"south":{"uv":[6.0,7.875,6.125,8.0],"tintindex":0,"rotation":0,"texture":"#0"},"north":{"uv":[6.125,7.875,6.0,8.0],"tintindex":0,"rotation":0,"texture":"#0"},"west":{"uv":[6.5,5.0,6.125,5.375],"tintindex":0,"rotation":0,"texture":"#0"},"up":{"uv":[1.125,6.625,1.5,6.25],"tintindex":0,"rotation":0,"texture":"#0"},"down":{"uv":[1.625,6.25,2.0,6.625],"tintindex":0,"rotation":0,"texture":"#0"}}},{"from":[4.5,6.0,3.4000006],"to":[7.5,9.0,6.4],"faces":{"east":{"uv":[6.125,5.0,6.5,5.375],"tintindex":0,"rotation":0,"texture":"#0"},"south":{"uv":[6.125,5.5,6.5,5.875],"tintindex":0,"rotation":0,"texture":"#0"},"north":{"uv":[6.125,4.5,6.5,4.875],"tintindex":0,"rotation":0,"texture":"#0"},"west":{"uv":[0.625,6.25,1.0,6.625],"tintindex":0,"rotation":0,"texture":"#0"},"up":{"uv":[1.5,6.625,1.125,6.25],"tintindex":0,"rotation":0,"texture":"#0"},"down":{"uv":[2.0,6.25,1.625,6.625],"tintindex":0,"rotation":0,"texture":"#0"}}},{"from":[5.1173162,4.0761204,4.0],"to":[5.1173162,6.0761204,9.0],"faces":{"east":{"uv":[6.625,4.125,6.0,4.375],"tintindex":0,"rotation":0,"texture":"#0"},"west":{"uv":[6.0,4.125,6.625,4.375],"tintindex":0,"rotation":0,"texture":"#0"}},"rotation":{"origin":[5.1173162,5.0761204,6.5],"angle":-22.5,"axis":"z"}},{"from":[10.882684,4.0761204,4.0],"to":[10.882684,6.0761204,9.0],"faces":{"east":{"uv":[6.625,4.125,6.0,4.375],"tintindex":0,"rotation":0,"texture":"#0"},"west":{"uv":[6.0,4.125,6.625,4.375],"tintindex":0,"rotation":0,"texture":"#0"}},"rotation":{"origin":[10.882684,5.0761204,6.5],"angle":22.5,"axis":"z"}}],"display":{"gui":{"rotation":[30,225,0]}}}