{"textures":{"0":"modelengine:entity/nocsy_mount_moth_baby"},"elements":[{"from":[5.0,7.3,10.2],"to":[9.0,9.3,12.2],"faces":{"east":{"uv":[4.875,6.75,5.125,7.0],"tintindex":0,"rotation":0,"texture":"#0"},"south":{"uv":[6.5,1.625,7.0,1.875],"tintindex":0,"rotation":0,"texture":"#0"},"north":{"uv":[6.5,1.25,7.0,1.5],"tintindex":0,"rotation":0,"texture":"#0"},"west":{"uv":[5.25,6.75,5.5,7.0],"tintindex":0,"rotation":0,"texture":"#0"},"up":{"uv":[7.0,2.25,6.5,2.0],"tintindex":0,"rotation":0,"texture":"#0"},"down":{"uv":[7.0,2.375,6.5,2.625],"tintindex":0,"rotation":0,"texture":"#0"}},"rotation":{"origin":[8.0,8.5,8.5],"angle":22.5,"axis":"y"}},{"from":[4.3,7.3,4.8999996],"to":[8.3,9.3,6.9],"faces":{"east":{"uv":[5.625,6.75,5.875,7.0],"tintindex":0,"rotation":0,"texture":"#0"},"south":{"uv":[6.5,3.125,7.0,3.375],"tintindex":0,"rotation":0,"texture":"#0"},"north":{"uv":[6.5,2.75,7.0,3.0],"tintindex":0,"rotation":0,"texture":"#0"},"west":{"uv":[6.0,6.75,6.25,7.0],"tintindex":0,"rotation":0,"texture":"#0"},"up":{"uv":[7.125,0.25,6.625,0.0],"tintindex":0,"rotation":0,"texture":"#0"},"down":{"uv":[7.125,0.375,6.625,0.625],"tintindex":0,"rotation":0,"texture":"#0"}},"rotation":{"origin":[8.0,8.5,10.5],"angle":-22.5,"axis":"y"}},{"from":[6.0,7.5,7.5],"to":[10.0,9.5,9.5],"faces":{"east":{"uv":[4.125,6.75,4.375,7.0],"tintindex":0,"rotation":0,"texture":"#0"},"south":{"uv":[5.125,6.375,5.625,6.625],"tintindex":0,"rotation":0,"texture":"#0"},"north":{"uv":[0.0,6.375,0.5,6.625],"tintindex":0,"rotation":0,"texture":"#0"},"west":{"uv":[4.5,6.75,4.75,7.0],"tintindex":0,"rotation":0,"texture":"#0"},"up":{"uv":[6.25,6.625,5.75,6.375],"tintindex":0,"rotation":0,"texture":"#0"},"down":{"uv":[6.875,6.375,6.375,6.625],"tintindex":0,"rotation":0,"texture":"#0"}}},{"from":[2.3757877,6.7,5.01655],"to":[7.3757873,11.7,5.01655],"faces":{"south":{"uv":[4.5,5.125,3.875,5.75],"tintindex":0,"rotation":0,"texture":"#0"},"north":{"uv":[3.875,5.125,4.5,5.75],"tintindex":0,"rotation":0,"texture":"#0"}},"rotation":{"origin":[4.8757873,8.8,12.71655],"angle":-22.5,"axis":"z"}},{"from":[2.5047054,6.9764647,8.503232],"to":[7.504705,11.976464,8.503232],"faces":{"south":{"uv":[4.5,5.125,3.875,5.75],"tintindex":0,"rotation":0,"texture":"#0"},"north":{"uv":[3.875,5.125,4.5,5.75],"tintindex":0,"rotation":0,"texture":"#0"}},"rotation":{"origin":[4.8757873,8.8,12.71655],"angle":-22.5,"axis":"z"}},{"from":[2.629939,7.2450304,11.890293],"to":[7.629939,12.24503,11.890293],"faces":{"south":{"uv":[4.5,5.125,3.875,5.75],"tintindex":0,"rotation":0,"texture":"#0"},"north":{"uv":[3.875,5.125,4.5,5.75],"tintindex":0,"rotation":0,"texture":"#0"}},"rotation":{"origin":[4.8757873,8.8,12.71655],"angle":-22.5,"axis":"z"}}],"display":{"gui":{"rotation":[30,225,0]}}}