{"textures":{"0":"modelengine:entity/nocsy_mount_moth_baby"},"elements":[{"from":[6.0,7.5,7.5],"to":[10.0,9.5,9.5],"faces":{"east":{"uv":[4.75,6.75,4.5,7.0],"tintindex":0,"rotation":0,"texture":"#0"},"south":{"uv":[5.625,6.375,5.125,6.625],"tintindex":0,"rotation":0,"texture":"#0"},"north":{"uv":[0.5,6.375,0.0,6.625],"tintindex":0,"rotation":0,"texture":"#0"},"west":{"uv":[4.375,6.75,4.125,7.0],"tintindex":0,"rotation":0,"texture":"#0"},"up":{"uv":[5.75,6.625,6.25,6.375],"tintindex":0,"rotation":0,"texture":"#0"},"down":{"uv":[6.375,6.375,6.875,6.625],"tintindex":0,"rotation":0,"texture":"#0"}}},{"from":[8.624212,6.7,5.01655],"to":[13.624212,11.7,5.01655],"faces":{"south":{"uv":[3.875,5.125,4.5,5.75],"tintindex":0,"rotation":0,"texture":"#0"},"north":{"uv":[4.5,5.125,3.875,5.75],"tintindex":0,"rotation":0,"texture":"#0"}},"rotation":{"origin":[11.124212,8.8,12.71655],"angle":22.5,"axis":"z"}},{"from":[7.0,7.3,10.2],"to":[11.0,9.3,12.2],"faces":{"east":{"uv":[5.5,6.75,5.25,7.0],"tintindex":0,"rotation":0,"texture":"#0"},"south":{"uv":[7.0,1.625,6.5,1.875],"tintindex":0,"rotation":0,"texture":"#0"},"north":{"uv":[7.0,1.25,6.5,1.5],"tintindex":0,"rotation":0,"texture":"#0"},"west":{"uv":[5.125,6.75,4.875,7.0],"tintindex":0,"rotation":0,"texture":"#0"},"up":{"uv":[6.5,2.25,7.0,2.0],"tintindex":0,"rotation":0,"texture":"#0"},"down":{"uv":[6.5,2.375,7.0,2.625],"tintindex":0,"rotation":0,"texture":"#0"}},"rotation":{"origin":[8.0,8.5,8.5],"angle":-22.5,"axis":"y"}},{"from":[8.370061,7.2450304,11.890293],"to":[13.370061,12.24503,11.890293],"faces":{"south":{"uv":[3.875,5.125,4.5,5.75],"tintindex":0,"rotation":0,"texture":"#0"},"north":{"uv":[4.5,5.125,3.875,5.75],"tintindex":0,"rotation":0,"texture":"#0"}},"rotation":{"origin":[11.124212,8.8,12.71655],"angle":22.5,"axis":"z"}},{"from":[8.495295,6.9764647,8.503232],"to":[13.495295,11.976464,8.503232],"faces":{"south":{"uv":[3.875,5.125,4.5,5.75],"tintindex":0,"rotation":0,"texture":"#0"},"north":{"uv":[4.5,5.125,3.875,5.75],"tintindex":0,"rotation":0,"texture":"#0"}},"rotation":{"origin":[11.124212,8.8,12.71655],"angle":22.5,"axis":"z"}},{"from":[7.7,7.3,4.8999996],"to":[11.7,9.3,6.9],"faces":{"east":{"uv":[6.25,6.75,6.0,7.0],"tintindex":0,"rotation":0,"texture":"#0"},"south":{"uv":[7.0,3.125,6.5,3.375],"tintindex":0,"rotation":0,"texture":"#0"},"north":{"uv":[7.0,2.75,6.5,3.0],"tintindex":0,"rotation":0,"texture":"#0"},"west":{"uv":[5.875,6.75,5.625,7.0],"tintindex":0,"rotation":0,"texture":"#0"},"up":{"uv":[6.625,0.25,7.125,0.0],"tintindex":0,"rotation":0,"texture":"#0"},"down":{"uv":[6.625,0.375,7.125,0.625],"tintindex":0,"rotation":0,"texture":"#0"}},"rotation":{"origin":[8.0,8.5,10.5],"angle":22.5,"axis":"y"}}],"display":{"gui":{"rotation":[30,225,0]}}}