{"textures":{"0":"modelengine:entity/nocsy_mountpack_moth_egg"},"elements":[{"from":[0.13195515,8.264591,3.0],"to":[3.1319551,14.264591,13.0],"faces":{"east":{"uv":[7.375,2.625,8.625,3.375],"tintindex":0,"rotation":0,"texture":"#0"},"south":{"uv":[1.0,9.25,1.375,10.0],"tintindex":0,"rotation":0,"texture":"#0"},"north":{"uv":[0.5,9.25,0.875,10.0],"tintindex":0,"rotation":0,"texture":"#0"},"west":{"uv":[7.375,3.5,8.625,4.25],"tintindex":0,"rotation":0,"texture":"#0"},"up":{"uv":[9.125,3.25,8.75,2.0],"tintindex":0,"rotation":0,"texture":"#0"},"down":{"uv":[3.125,8.75,2.75,10.0],"tintindex":0,"rotation":0,"texture":"#0"}},"rotation":{"origin":[5.131955,14.764591,8.0],"angle":22.5,"axis":"z"}},{"from":[12.868045,8.264591,3.0],"to":[15.868045,14.264591,13.0],"faces":{"east":{"uv":[7.375,6.125,8.625,6.875],"tintindex":0,"rotation":0,"texture":"#0"},"south":{"uv":[9.25,2.875,9.625,3.625],"tintindex":0,"rotation":0,"texture":"#0"},"north":{"uv":[9.25,2.0,9.625,2.75],"tintindex":0,"rotation":0,"texture":"#0"},"west":{"uv":[7.375,7.0,8.625,7.75],"tintindex":0,"rotation":0,"texture":"#0"},"up":{"uv":[4.125,10.0,3.75,8.75],"tintindex":0,"rotation":0,"texture":"#0"},"down":{"uv":[4.625,8.75,4.25,10.0],"tintindex":0,"rotation":0,"texture":"#0"}},"rotation":{"origin":[10.868045,14.764591,8.0],"angle":-22.5,"axis":"z"}},{"from":[3.01,6.855957,3.01],"to":[12.99,17.835955,12.99],"faces":{"east":{"uv":[2.625,5.0,3.875,6.375],"tintindex":0,"rotation":0,"texture":"#0"},"south":{"uv":[6.0,0.0,7.25,1.375],"tintindex":0,"rotation":0,"texture":"#0"},"north":{"uv":[1.25,5.0,2.5,6.375],"tintindex":0,"rotation":0,"texture":"#0"},"west":{"uv":[6.0,1.5,7.25,2.875],"tintindex":0,"rotation":0,"texture":"#0"},"up":{"uv":[7.25,4.25,6.0,3.0],"tintindex":0,"rotation":0,"texture":"#0"},"down":{"uv":[7.25,4.375,6.0,5.625],"tintindex":0,"rotation":0,"texture":"#0"}}},{"from":[1.4813473,10.257456,3.01],"to":[4.461347,16.237455,12.99],"faces":{"east":{"uv":[1.375,7.375,2.625,8.125],"tintindex":0,"rotation":0,"texture":"#0"},"south":{"uv":[0.0,9.25,0.375,10.0],"tintindex":0,"rotation":0,"texture":"#0"},"north":{"uv":[9.125,6.5,9.5,7.25],"tintindex":0,"rotation":0,"texture":"#0"},"west":{"uv":[7.375,1.75,8.625,2.5],"tintindex":0,"rotation":0,"texture":"#0"},"up":{"uv":[5.875,9.375,5.5,8.125],"tintindex":0,"rotation":0,"texture":"#0"},"down":{"uv":[6.375,8.125,6.0,9.375],"tintindex":0,"rotation":0,"texture":"#0"}},"rotation":{"origin":[6.4713473,13.247456,8.0],"angle":-22.5,"axis":"z"}},{"from":[11.242233,16.38185,3.01],"to":[13.222233,20.361849,12.99],"faces":{"east":{"uv":[7.375,7.875,8.625,8.375],"tintindex":0,"rotation":0,"texture":"#0"},"south":{"uv":[8.5,9.25,8.75,9.75],"tintindex":0,"rotation":0,"texture":"#0"},"north":{"uv":[9.25,8.0,9.5,8.5],"tintindex":0,"rotation":0,"texture":"#0"},"west":{"uv":[4.125,8.125,5.375,8.625],"tintindex":0,"rotation":0,"texture":"#0"},"up":{"uv":[5.375,10.0,5.125,8.75],"tintindex":0,"rotation":0,"texture":"#0"},"down":{"uv":[9.0,6.125,8.75,7.375],"tintindex":0,"rotation":0,"texture":"#0"}},"rotation":{"origin":[11.232233,16.87185,8.0],"angle":45.0,"axis":"z"}},{"from":[11.538652,10.257456,3.01],"to":[14.518652,16.237455,12.99],"faces":{"east":{"uv":[7.375,4.375,8.625,5.125],"tintindex":0,"rotation":0,"texture":"#0"},"south":{"uv":[2.0,9.25,2.375,10.0],"tintindex":0,"rotation":0,"texture":"#0"},"north":{"uv":[1.5,9.25,1.875,10.0],"tintindex":0,"rotation":0,"texture":"#0"},"west":{"uv":[7.375,5.25,8.625,6.0],"tintindex":0,"rotation":0,"texture":"#0"},"up":{"uv":[3.625,10.0,3.25,8.75],"tintindex":0,"rotation":0,"texture":"#0"},"down":{"uv":[9.125,3.375,8.75,4.625],"tintindex":0,"rotation":0,"texture":"#0"}},"rotation":{"origin":[9.528652,13.247456,8.0],"angle":22.5,"axis":"z"}},{"from":[3.0,8.264591,0.13195515],"to":[13.0,14.264591,3.1319551],"faces":{"east":{"uv":[8.75,7.5,9.125,8.25],"tintindex":0,"rotation":0,"texture":"#0"},"south":{"uv":[1.25,6.5,2.5,7.25],"tintindex":0,"rotation":0,"texture":"#0"},"north":{"uv":[6.0,5.75,7.25,6.5],"tintindex":0,"rotation":0,"texture":"#0"},"west":{"uv":[8.75,8.375,9.125,9.125],"tintindex":0,"rotation":0,"texture":"#0"},"up":{"uv":[4.0,8.625,2.75,8.25],"tintindex":0,"rotation":0,"texture":"#0"},"down":{"uv":[8.625,8.5,7.375,8.875],"tintindex":0,"rotation":0,"texture":"#0"}},"rotation":{"origin":[8.0,14.764591,5.131955],"angle":-22.5,"axis":"x"}},{"from":[3.0,8.264591,12.868045],"to":[13.0,14.264591,15.868045],"faces":{"east":{"uv":[9.125,4.75,9.5,5.5],"tintindex":0,"rotation":0,"texture":"#0"},"south":{"uv":[7.375,0.875,8.625,1.625],"tintindex":0,"rotation":0,"texture":"#0"},"north":{"uv":[7.375,0.0,8.625,0.75],"tintindex":0,"rotation":0,"texture":"#0"},"west":{"uv":[9.125,5.625,9.5,6.375],"tintindex":0,"rotation":0,"texture":"#0"},"up":{"uv":[2.625,9.125,1.375,8.75],"tintindex":0,"rotation":0,"texture":"#0"},"down":{"uv":[10.0,1.5,8.75,1.875],"tintindex":0,"rotation":0,"texture":"#0"}},"rotation":{"origin":[8.0,14.764591,10.868045],"angle":22.5,"axis":"x"}},{"from":[3.01,10.257456,1.4813473],"to":[12.99,16.237455,4.461347],"faces":{"east":{"uv":[6.5,8.875,6.875,9.625],"tintindex":0,"rotation":0,"texture":"#0"},"south":{"uv":[6.0,6.625,7.25,7.375],"tintindex":0,"rotation":0,"texture":"#0"},"north":{"uv":[2.625,6.5,3.875,7.25],"tintindex":0,"rotation":0,"texture":"#0"},"west":{"uv":[7.0,9.0,7.375,9.75],"tintindex":0,"rotation":0,"texture":"#0"},"up":{"uv":[1.25,9.125,0.0,8.75],"tintindex":0,"rotation":0,"texture":"#0"},"down":{"uv":[10.0,0.0,8.75,0.375],"tintindex":0,"rotation":0,"texture":"#0"}},"rotation":{"origin":[8.0,13.247456,6.4713473],"angle":22.5,"axis":"x"}},{"from":[2.777767,16.38185,3.01],"to":[4.7577667,20.361849,12.99],"faces":{"east":{"uv":[5.375,7.5,6.625,8.0],"tintindex":0,"rotation":0,"texture":"#0"},"south":{"uv":[9.25,7.375,9.5,7.875],"tintindex":0,"rotation":0,"texture":"#0"},"north":{"uv":[9.25,3.75,9.5,4.25],"tintindex":0,"rotation":0,"texture":"#0"},"west":{"uv":[2.75,7.625,4.0,8.125],"tintindex":0,"rotation":0,"texture":"#0"},"up":{"uv":[5.0,10.0,4.75,8.75],"tintindex":0,"rotation":0,"texture":"#0"},"down":{"uv":[9.0,4.75,8.75,6.0],"tintindex":0,"rotation":0,"texture":"#0"}},"rotation":{"origin":[4.767767,16.87185,8.0],"angle":-45.0,"axis":"z"}},{"from":[3.01,10.257456,11.538652],"to":[12.99,16.237455,14.518652],"faces":{"east":{"uv":[7.5,9.0,7.875,9.75],"tintindex":0,"rotation":0,"texture":"#0"},"south":{"uv":[0.0,7.375,1.25,8.125],"tintindex":0,"rotation":0,"texture":"#0"},"north":{"uv":[4.0,6.75,5.25,7.5],"tintindex":0,"rotation":0,"texture":"#0"},"west":{"uv":[8.0,9.0,8.375,9.75],"tintindex":0,"rotation":0,"texture":"#0"},"up":{"uv":[10.0,0.875,8.75,0.5],"tintindex":0,"rotation":0,"texture":"#0"},"down":{"uv":[10.0,1.0,8.75,1.375],"tintindex":0,"rotation":0,"texture":"#0"}},"rotation":{"origin":[8.0,13.247456,9.528652],"angle":-22.5,"axis":"x"}},{"from":[5.8375,17.760937,3.0],"to":[10.1625,20.760937,13.0],"faces":{"east":{"uv":[0.0,8.25,1.25,8.625],"tintindex":0,"rotation":0,"texture":"#0"},"south":{"uv":[4.125,7.625,4.625,8.0],"tintindex":0,"rotation":0,"texture":"#0"},"north":{"uv":[5.375,6.75,5.875,7.125],"tintindex":0,"rotation":0,"texture":"#0"},"west":{"uv":[1.375,8.25,2.625,8.625],"tintindex":0,"rotation":0,"texture":"#0"},"up":{"uv":[4.5,6.25,4.0,5.0],"tintindex":0,"rotation":0,"texture":"#0"},"down":{"uv":[7.25,7.5,6.75,8.75],"tintindex":0,"rotation":0,"texture":"#0"}}}],"display":{"gui":{"rotation":[30,225,0]}}}