{"textures":{"0":"modelengine:entity/nocsy_sewer_spider"},"elements":[{"from":[3.0,3.4470854,4.795555],"to":[13.0,9.447085,14.795555],"faces":{"east":{"uv":[2.875,5.25,1.625,6.0],"tintindex":0,"rotation":0,"texture":"#0"},"south":{"uv":[4.875,4.625,6.125,5.375],"tintindex":0,"rotation":0,"texture":"#0"},"north":{"uv":[4.625,1.25,5.875,2.0],"tintindex":0,"rotation":0,"texture":"#0"},"west":{"uv":[1.625,5.25,2.875,6.0],"tintindex":0,"rotation":0,"texture":"#0"},"up":{"uv":[2.875,4.0,1.625,2.75],"tintindex":0,"rotation":0,"texture":"#0"},"down":{"uv":[4.25,2.75,3.0,4.0],"tintindex":0,"rotation":0,"texture":"#0"}}},{"from":[2.0,2.4470854,7.795555],"to":[14.0,10.447085,19.795555],"faces":{"east":{"uv":[1.5,3.25,0.0,4.25],"tintindex":0,"rotation":0,"texture":"#0"},"south":{"uv":[1.5,5.375,0.0,4.375],"tintindex":0,"rotation":0,"texture":"#0"},"north":{"uv":[0.0,3.25,1.5,4.25],"tintindex":0,"rotation":0,"texture":"#0"},"west":{"uv":[0.0,5.375,1.5,4.375],"tintindex":0,"rotation":0,"texture":"#0"},"up":{"uv":[1.5,1.5,0.0,0.0],"tintindex":0,"rotation":0,"texture":"#0"},"down":{"uv":[1.5,1.625,0.0,3.125],"tintindex":0,"rotation":0,"texture":"#0"}},"rotation":{"origin":[8.0,6.447086,13.795555],"angle":45.0,"axis":"y"}}],"display":{"gui":{"rotation":[30,225,0]}}}