{"textures":{"0":"modelengine:entity/nocsy_sewer_spider"},"elements":[{"from":[12.548286,9.716913,-0.48470306],"to":[14.148287,11.316914,-0.48470306],"faces":{"east":{"uv":[5.625,2.125,5.375,2.375],"tintindex":0,"rotation":0,"texture":"#0"},"south":{"uv":[10.125,5.0,9.875,5.25],"tintindex":0,"rotation":0,"texture":"#0"},"north":{"uv":[9.875,5.0,10.125,5.25],"tintindex":0,"rotation":0,"texture":"#0"},"west":{"uv":[4.875,2.125,4.625,2.375],"tintindex":0,"rotation":0,"texture":"#0"},"up":{"uv":[8.0,0.875,8.25,0.625],"tintindex":0,"rotation":0,"texture":"#0"},"down":{"uv":[8.375,2.625,8.625,2.875],"tintindex":0,"rotation":0,"texture":"#0"}},"rotation":{"origin":[13.348286,10.516912,0.41529655],"angle":-22.5,"axis":"y"}},{"from":[2.1482863,9.716913,-0.48470306],"to":[3.7482862,11.316914,-0.48470306],"faces":{"east":{"uv":[4.625,2.125,4.875,2.375],"tintindex":0,"rotation":0,"texture":"#0"},"south":{"uv":[10.125,5.0,9.875,5.25],"tintindex":0,"rotation":0,"texture":"#0"},"north":{"uv":[9.875,5.0,10.125,5.25],"tintindex":0,"rotation":0,"texture":"#0"},"west":{"uv":[5.375,2.125,5.625,2.375],"tintindex":0,"rotation":0,"texture":"#0"},"up":{"uv":[8.25,0.875,8.0,0.625],"tintindex":0,"rotation":0,"texture":"#0"},"down":{"uv":[8.625,2.625,8.375,2.875],"tintindex":0,"rotation":0,"texture":"#0"}},"rotation":{"origin":[2.9482865,10.516912,0.41529655],"angle":22.5,"axis":"y"}},{"from":[3.7133012,9.290063,-1.2847033],"to":[4.9133015,10.190063,-1.2847033],"faces":{"east":{"uv":[5.125,8.125,4.625,7.625],"tintindex":0,"rotation":90,"texture":"#0"},"south":{"uv":[9.875,6.0,10.0,6.125],"tintindex":0,"rotation":90,"texture":"#0"},"north":{"uv":[10.0,6.0,9.875,6.125],"tintindex":0,"rotation":270,"texture":"#0"},"west":{"uv":[5.75,7.625,5.25,8.125],"tintindex":0,"rotation":90,"texture":"#0"},"up":{"uv":[4.0,7.625,4.5,8.125],"tintindex":0,"rotation":90,"texture":"#0"},"down":{"uv":[7.5,7.25,8.0,7.75],"tintindex":0,"rotation":90,"texture":"#0"}}},{"from":[2.6482863,3.8169131,-0.084703445],"to":[13.648287,12.816914,9.915297],"faces":{"east":{"uv":[5.875,0.0,4.625,1.125],"tintindex":0,"rotation":0,"texture":"#0"},"south":{"uv":[3.125,1.25,4.5,2.375],"tintindex":0,"rotation":0,"texture":"#0"},"north":{"uv":[3.125,0.0,4.5,1.125],"tintindex":0,"rotation":0,"texture":"#0"},"west":{"uv":[4.625,0.0,5.875,1.125],"tintindex":0,"rotation":0,"texture":"#0"},"up":{"uv":[3.0,1.25,1.625,0.0],"tintindex":0,"rotation":0,"texture":"#0"},"down":{"uv":[3.0,1.375,1.625,2.625],"tintindex":0,"rotation":0,"texture":"#0"}}},{"from":[1.9482865,2.8169131,-1.0847034],"to":[4.9482865,6.816913,2.9152966],"faces":{"east":{"uv":[7.75,2.25,8.25,2.75],"tintindex":0,"rotation":0,"texture":"#0"},"south":{"uv":[2.5,7.75,2.875,8.25],"tintindex":0,"rotation":0,"texture":"#0"},"north":{"uv":[1.0,6.625,1.375,7.125],"tintindex":0,"rotation":0,"texture":"#0"},"west":{"uv":[7.75,2.875,8.25,3.375],"tintindex":0,"rotation":0,"texture":"#0"},"up":{"uv":[7.5,8.375,7.125,7.875],"tintindex":0,"rotation":0,"texture":"#0"},"down":{"uv":[8.0,7.875,7.625,8.375],"tintindex":0,"rotation":0,"texture":"#0"}},"rotation":{"origin":[8.148287,8.316914,4.9152966],"angle":-22.5,"axis":"y"}},{"from":[3.3482862,7.216913,-1.1847038],"to":[6.648287,10.516912,-1.1847038],"faces":{"east":{"uv":[7.5,7.25,8.0,7.75],"tintindex":0,"rotation":0,"texture":"#0"},"south":{"uv":[9.875,6.375,10.25,6.75],"tintindex":0,"rotation":0,"texture":"#0"},"north":{"uv":[10.25,6.375,9.875,6.75],"tintindex":0,"rotation":0,"texture":"#0"},"west":{"uv":[4.0,7.625,4.5,8.125],"tintindex":0,"rotation":0,"texture":"#0"},"up":{"uv":[5.125,8.125,4.625,7.625],"tintindex":0,"rotation":0,"texture":"#0"},"down":{"uv":[5.75,7.625,5.25,8.125],"tintindex":0,"rotation":0,"texture":"#0"}}},{"from":[3.0482864,6.816913,-1.0847034],"to":[7.0482864,10.816914,2.9152966],"faces":{"east":{"uv":[7.5,7.25,8.0,7.75],"tintindex":0,"rotation":0,"texture":"#0"},"south":{"uv":[0.0,7.625,0.5,8.125],"tintindex":0,"rotation":0,"texture":"#0"},"north":{"uv":[7.5,6.625,8.0,7.125],"tintindex":0,"rotation":0,"texture":"#0"},"west":{"uv":[4.0,7.625,4.5,8.125],"tintindex":0,"rotation":0,"texture":"#0"},"up":{"uv":[5.125,8.125,4.625,7.625],"tintindex":0,"rotation":0,"texture":"#0"},"down":{"uv":[5.75,7.625,5.25,8.125],"tintindex":0,"rotation":0,"texture":"#0"}}},{"from":[1.9482865,9.516912,-0.38470364],"to":[3.9482865,11.516912,1.6152964],"faces":{"east":{"uv":[4.625,2.125,4.875,2.375],"tintindex":0,"rotation":0,"texture":"#0"},"south":{"uv":[5.0,2.125,5.25,2.375],"tintindex":0,"rotation":0,"texture":"#0"},"north":{"uv":[4.375,3.75,4.625,4.0],"tintindex":0,"rotation":0,"texture":"#0"},"west":{"uv":[5.375,2.125,5.625,2.375],"tintindex":0,"rotation":0,"texture":"#0"},"up":{"uv":[8.25,0.875,8.0,0.625],"tintindex":0,"rotation":0,"texture":"#0"},"down":{"uv":[8.625,2.625,8.375,2.875],"tintindex":0,"rotation":0,"texture":"#0"}},"rotation":{"origin":[2.9482865,10.516912,0.41529655],"angle":22.5,"axis":"y"}},{"from":[9.248286,6.816913,-1.0847034],"to":[13.248286,10.816914,2.9152966],"faces":{"east":{"uv":[0.625,7.75,1.125,8.25],"tintindex":0,"rotation":0,"texture":"#0"},"south":{"uv":[7.75,1.0,8.25,1.5],"tintindex":0,"rotation":0,"texture":"#0"},"north":{"uv":[5.875,7.625,6.375,8.125],"tintindex":0,"rotation":0,"texture":"#0"},"west":{"uv":[1.25,7.75,1.75,8.25],"tintindex":0,"rotation":0,"texture":"#0"},"up":{"uv":[8.25,2.125,7.75,1.625],"tintindex":0,"rotation":0,"texture":"#0"},"down":{"uv":[2.375,7.75,1.875,8.25],"tintindex":0,"rotation":0,"texture":"#0"}}},{"from":[12.748286,10.516912,-0.58470345],"to":[13.348286,11.116913,-0.58470345],"faces":{"east":{"uv":[5.625,2.125,5.375,2.375],"tintindex":0,"rotation":0,"texture":"#0"},"south":{"uv":[9.875,4.75,10.0,4.875],"tintindex":0,"rotation":0,"texture":"#0"},"north":{"uv":[10.0,4.75,9.875,4.875],"tintindex":0,"rotation":0,"texture":"#0"},"west":{"uv":[4.875,2.125,4.625,2.375],"tintindex":0,"rotation":0,"texture":"#0"},"up":{"uv":[8.0,0.875,8.25,0.625],"tintindex":0,"rotation":0,"texture":"#0"},"down":{"uv":[8.375,2.625,8.625,2.875],"tintindex":0,"rotation":0,"texture":"#0"}},"rotation":{"origin":[13.348286,10.516912,0.41529655],"angle":-22.5,"axis":"y"}},{"from":[11.348287,2.8169131,-1.0847034],"to":[14.348286,6.816913,2.9152966],"faces":{"east":{"uv":[7.75,3.5,8.25,4.0],"tintindex":0,"rotation":0,"texture":"#0"},"south":{"uv":[3.0,8.0,3.375,8.5],"tintindex":0,"rotation":0,"texture":"#0"},"north":{"uv":[8.0,0.0,8.375,0.5],"tintindex":0,"rotation":0,"texture":"#0"},"west":{"uv":[6.5,7.75,7.0,8.25],"tintindex":0,"rotation":0,"texture":"#0"},"up":{"uv":[3.875,8.5,3.5,8.0],"tintindex":0,"rotation":0,"texture":"#0"},"down":{"uv":[8.375,4.125,8.0,4.625],"tintindex":0,"rotation":0,"texture":"#0"}},"rotation":{"origin":[8.148287,8.316914,4.9152966],"angle":22.5,"axis":"y"}},{"from":[2.3482862,10.516912,-0.58470345],"to":[2.9482865,11.116913,-0.58470345],"faces":{"east":{"uv":[4.625,2.125,4.875,2.375],"tintindex":0,"rotation":0,"texture":"#0"},"south":{"uv":[10.0,4.75,9.875,4.875],"tintindex":0,"rotation":0,"texture":"#0"},"north":{"uv":[9.875,4.75,10.0,4.875],"tintindex":0,"rotation":0,"texture":"#0"},"west":{"uv":[5.375,2.125,5.625,2.375],"tintindex":0,"rotation":0,"texture":"#0"},"up":{"uv":[8.25,0.875,8.0,0.625],"tintindex":0,"rotation":0,"texture":"#0"},"down":{"uv":[8.625,2.625,8.375,2.875],"tintindex":0,"rotation":0,"texture":"#0"}},"rotation":{"origin":[2.9482865,10.516912,0.41529655],"angle":22.5,"axis":"y"}},{"from":[9.813301,9.290063,-1.2847033],"to":[11.013302,10.190063,-1.2847033],"faces":{"east":{"uv":[5.125,8.125,4.625,7.625],"tintindex":0,"rotation":90,"texture":"#0"},"south":{"uv":[9.875,6.0,10.0,6.125],"tintindex":0,"rotation":90,"texture":"#0"},"north":{"uv":[10.0,6.0,9.875,6.125],"tintindex":0,"rotation":270,"texture":"#0"},"west":{"uv":[5.75,7.625,5.25,8.125],"tintindex":0,"rotation":90,"texture":"#0"},"up":{"uv":[4.0,7.625,4.5,8.125],"tintindex":0,"rotation":90,"texture":"#0"},"down":{"uv":[7.5,7.25,8.0,7.75],"tintindex":0,"rotation":90,"texture":"#0"}}},{"from":[12.348286,9.516912,-0.38470364],"to":[14.348286,11.516912,1.6152964],"faces":{"east":{"uv":[8.375,3.375,8.625,3.625],"tintindex":0,"rotation":0,"texture":"#0"},"south":{"uv":[8.375,3.75,8.625,4.0],"tintindex":0,"rotation":0,"texture":"#0"},"north":{"uv":[8.375,3.0,8.625,3.25],"tintindex":0,"rotation":0,"texture":"#0"},"west":{"uv":[6.5,8.375,6.75,8.625],"tintindex":0,"rotation":0,"texture":"#0"},"up":{"uv":[8.75,0.25,8.5,0.0],"tintindex":0,"rotation":0,"texture":"#0"},"down":{"uv":[8.75,4.125,8.5,4.375],"tintindex":0,"rotation":0,"texture":"#0"}},"rotation":{"origin":[13.348286,10.516912,0.41529655],"angle":-22.5,"axis":"y"}},{"from":[9.548286,7.216913,-1.1847038],"to":[12.848286,10.516912,-1.1847038],"faces":{"east":{"uv":[7.5,7.25,8.0,7.75],"tintindex":0,"rotation":0,"texture":"#0"},"south":{"uv":[9.875,6.375,10.25,6.75],"tintindex":0,"rotation":0,"texture":"#0"},"north":{"uv":[10.25,6.375,9.875,6.75],"tintindex":0,"rotation":0,"texture":"#0"},"west":{"uv":[4.0,7.625,4.5,8.125],"tintindex":0,"rotation":0,"texture":"#0"},"up":{"uv":[5.125,8.125,4.625,7.625],"tintindex":0,"rotation":0,"texture":"#0"},"down":{"uv":[5.75,7.625,5.25,8.125],"tintindex":0,"rotation":0,"texture":"#0"}}}],"display":{"gui":{"rotation":[30,225,0]}}}