{"textures":{"0":"modelengine:entity/nocsy_sewer_spider"},"elements":[{"from":[0.9998957,0.62802994,6.1],"to":[3.7998958,8.42803,8.9],"faces":{"east":{"uv":[3.5,5.25,3.875,6.25],"tintindex":0,"rotation":0,"texture":"#0"},"south":{"uv":[4.0,5.25,4.375,6.25],"tintindex":0,"rotation":0,"texture":"#0"},"north":{"uv":[3.0,5.25,3.375,6.25],"tintindex":0,"rotation":0,"texture":"#0"},"west":{"uv":[0.0,5.5,0.375,6.5],"tintindex":0,"rotation":0,"texture":"#0"},"up":{"uv":[8.375,5.625,8.0,5.25],"tintindex":0,"rotation":0,"texture":"#0"},"down":{"uv":[8.375,5.75,8.0,6.125],"tintindex":0,"rotation":0,"texture":"#0"}}},{"from":[2.0,6.0,6.0],"to":[9.0,9.0,9.0],"faces":{"east":{"uv":[5.75,3.25,6.125,3.625],"tintindex":0,"rotation":0,"texture":"#0"},"south":{"uv":[4.5,6.625,5.375,7.0],"tintindex":0,"rotation":0,"texture":"#0"},"north":{"uv":[0.0,6.625,0.875,7.0],"tintindex":0,"rotation":0,"texture":"#0"},"west":{"uv":[8.0,4.75,8.375,5.125],"tintindex":0,"rotation":0,"texture":"#0"},"up":{"uv":[6.375,7.0,5.5,6.625],"tintindex":0,"rotation":0,"texture":"#0"},"down":{"uv":[7.625,1.125,6.75,1.5],"tintindex":0,"rotation":0,"texture":"#0"}}}],"display":{"gui":{"rotation":[30,225,0]}}}