{"textures":{"0":"modelengine:entity/nocsy_sewer_spider"},"elements":[{"from":[2.0,6.0,7.0],"to":[9.0,9.0,10.0],"faces":{"east":{"uv":[0.0,8.25,0.375,8.625],"tintindex":0,"rotation":0,"texture":"#0"},"south":{"uv":[6.5,6.75,7.375,7.125],"tintindex":0,"rotation":0,"texture":"#0"},"north":{"uv":[6.75,3.625,7.625,4.0],"tintindex":0,"rotation":0,"texture":"#0"},"west":{"uv":[4.0,8.25,4.375,8.625],"tintindex":0,"rotation":0,"texture":"#0"},"up":{"uv":[7.875,0.375,7.0,0.0],"tintindex":0,"rotation":0,"texture":"#0"},"down":{"uv":[7.875,0.5,7.0,0.875],"tintindex":0,"rotation":0,"texture":"#0"}}},{"from":[0.9998957,0.62802994,7.1],"to":[3.7998958,8.42803,9.9],"faces":{"east":{"uv":[5.75,2.125,6.125,3.125],"tintindex":0,"rotation":0,"texture":"#0"},"south":{"uv":[6.0,0.0,6.375,1.0],"tintindex":0,"rotation":0,"texture":"#0"},"north":{"uv":[5.5,5.5,5.875,6.5],"tintindex":0,"rotation":0,"texture":"#0"},"west":{"uv":[6.0,5.5,6.375,6.5],"tintindex":0,"rotation":0,"texture":"#0"},"up":{"uv":[4.875,8.625,4.5,8.25],"tintindex":0,"rotation":0,"texture":"#0"},"down":{"uv":[5.375,8.25,5.0,8.625],"tintindex":0,"rotation":0,"texture":"#0"}}}],"display":{"gui":{"rotation":[30,225,0]}}}