{"textures":{"0":"modelengine:entity/nocsy_sewer_spider"},"elements":[{"from":[7.0,6.0,6.0],"to":[14.0,9.0,9.0],"faces":{"east":{"uv":[8.375,4.75,8.0,5.125],"tintindex":0,"rotation":0,"texture":"#0"},"south":{"uv":[5.375,6.625,4.5,7.0],"tintindex":0,"rotation":0,"texture":"#0"},"north":{"uv":[0.875,6.625,0.0,7.0],"tintindex":0,"rotation":0,"texture":"#0"},"west":{"uv":[6.125,3.25,5.75,3.625],"tintindex":0,"rotation":0,"texture":"#0"},"up":{"uv":[5.5,7.0,6.375,6.625],"tintindex":0,"rotation":0,"texture":"#0"},"down":{"uv":[6.75,1.125,7.625,1.5],"tintindex":0,"rotation":0,"texture":"#0"}}},{"from":[12.200105,0.62802994,6.1],"to":[15.000104,8.42803,8.9],"faces":{"east":{"uv":[0.375,5.5,0.0,6.5],"tintindex":0,"rotation":0,"texture":"#0"},"south":{"uv":[4.375,5.25,4.0,6.25],"tintindex":0,"rotation":0,"texture":"#0"},"north":{"uv":[3.375,5.25,3.0,6.25],"tintindex":0,"rotation":0,"texture":"#0"},"west":{"uv":[3.875,5.25,3.5,6.25],"tintindex":0,"rotation":0,"texture":"#0"},"up":{"uv":[8.0,5.625,8.375,5.25],"tintindex":0,"rotation":0,"texture":"#0"},"down":{"uv":[8.0,5.75,8.375,6.125],"tintindex":0,"rotation":0,"texture":"#0"}}}],"display":{"gui":{"rotation":[30,225,0]}}}