{"textures":{"0":"modelengine:entity/nocsy_sewer_spider"},"elements":[{"from":[12.200105,0.62802994,6.1],"to":[15.000104,8.42803,8.9],"faces":{"east":{"uv":[3.875,6.375,3.5,7.375],"tintindex":0,"rotation":0,"texture":"#0"},"south":{"uv":[3.375,6.375,3.0,7.375],"tintindex":0,"rotation":0,"texture":"#0"},"north":{"uv":[6.625,2.25,6.25,3.25],"tintindex":0,"rotation":0,"texture":"#0"},"west":{"uv":[6.625,3.375,6.25,4.375],"tintindex":0,"rotation":0,"texture":"#0"},"up":{"uv":[8.375,1.5,8.75,1.125],"tintindex":0,"rotation":0,"texture":"#0"},"down":{"uv":[1.5,8.375,1.875,8.75],"tintindex":0,"rotation":0,"texture":"#0"}}},{"from":[7.0,6.0,6.0],"to":[14.0,9.0,9.0],"faces":{"east":{"uv":[1.375,8.375,1.0,8.75],"tintindex":0,"rotation":0,"texture":"#0"},"south":{"uv":[0.875,7.125,0.0,7.5],"tintindex":0,"rotation":0,"texture":"#0"},"north":{"uv":[7.875,6.125,7.0,6.5],"tintindex":0,"rotation":0,"texture":"#0"},"west":{"uv":[8.75,0.625,8.375,1.0],"tintindex":0,"rotation":0,"texture":"#0"},"up":{"uv":[4.5,7.5,5.375,7.125],"tintindex":0,"rotation":0,"texture":"#0"},"down":{"uv":[5.5,7.125,6.375,7.5],"tintindex":0,"rotation":0,"texture":"#0"}}}],"display":{"gui":{"rotation":[30,225,0]}}}