{"textures":{"0":"modelengine:entity/nocsy_sewer_spider"},"elements":[{"from":[12.200105,0.62802994,7.1],"to":[15.000104,8.42803,9.9],"faces":{"east":{"uv":[6.375,5.5,6.0,6.5],"tintindex":0,"rotation":0,"texture":"#0"},"south":{"uv":[6.375,0.0,6.0,1.0],"tintindex":0,"rotation":0,"texture":"#0"},"north":{"uv":[5.875,5.5,5.5,6.5],"tintindex":0,"rotation":0,"texture":"#0"},"west":{"uv":[6.125,2.125,5.75,3.125],"tintindex":0,"rotation":0,"texture":"#0"},"up":{"uv":[4.5,8.625,4.875,8.25],"tintindex":0,"rotation":0,"texture":"#0"},"down":{"uv":[5.0,8.25,5.375,8.625],"tintindex":0,"rotation":0,"texture":"#0"}}},{"from":[7.0,6.0,7.0],"to":[14.0,9.0,10.0],"faces":{"east":{"uv":[4.375,8.25,4.0,8.625],"tintindex":0,"rotation":0,"texture":"#0"},"south":{"uv":[7.375,6.75,6.5,7.125],"tintindex":0,"rotation":0,"texture":"#0"},"north":{"uv":[7.625,3.625,6.75,4.0],"tintindex":0,"rotation":0,"texture":"#0"},"west":{"uv":[0.375,8.25,0.0,8.625],"tintindex":0,"rotation":0,"texture":"#0"},"up":{"uv":[7.0,0.375,7.875,0.0],"tintindex":0,"rotation":0,"texture":"#0"},"down":{"uv":[7.0,0.5,7.875,0.875],"tintindex":0,"rotation":0,"texture":"#0"}}}],"display":{"gui":{"rotation":[30,225,0]}}}