{"textures":{"0":"modelengine:entity/kobold_assassin"},"elements":[{"from":[8.0,4.5,8.0],"to":[8.0,11.5,25.0],"faces":{"east":{"uv":[4.2375,1.8875,2.1375,2.7375],"tintindex":0,"rotation":0,"texture":"#0"},"south":{"uv":[0.0125,0.0125,-0.025,0.8625],"tintindex":0,"rotation":0,"texture":"#0"},"north":{"uv":[0.0125,0.0125,-0.025,0.8625],"tintindex":0,"rotation":0,"texture":"#0"},"west":{"uv":[2.1375,1.8875,4.2375,2.7375],"tintindex":0,"rotation":0,"texture":"#0"},"up":{"uv":[0.0125,2.1125,-0.025,0.0125],"tintindex":0,"rotation":0,"texture":"#0"},"down":{"uv":[0.0125,0.0125,-0.025,2.1125],"tintindex":0,"rotation":0,"texture":"#0"}}}],"display":{"gui":{"rotation":[30,225,0]}}}