{"textures":{"0":"modelengine:entity/kobold_assassin"},"elements":[{"from":[8.5,-1.0,2.0],"to":[11.5,2.0,9.0],"faces":{"east":{"uv":[11.6125,7.0125,10.7625,7.3625],"tintindex":0,"rotation":0,"texture":"#0"},"south":{"uv":[11.9875,11.7625,11.6375,12.1125],"tintindex":0,"rotation":0,"texture":"#0"},"north":{"uv":[11.6125,11.7625,11.2625,12.1125],"tintindex":0,"rotation":0,"texture":"#0"},"west":{"uv":[11.6125,6.6375,10.7625,6.9875],"tintindex":0,"rotation":0,"texture":"#0"},"up":{"uv":[6.0125,11.4875,6.3625,10.6375],"tintindex":0,"rotation":0,"texture":"#0"},"down":{"uv":[10.7625,7.3875,11.1125,8.2375],"tintindex":0,"rotation":0,"texture":"#0"}}},{"from":[5.5,3.0,3.0],"to":[10.5,8.0,8.0],"faces":{"east":{"uv":[0.6125,10.3875,0.0125,10.9875],"tintindex":0,"rotation":0,"texture":"#0"},"south":{"uv":[10.8625,8.6375,10.2625,9.2375],"tintindex":0,"rotation":0,"texture":"#0"},"north":{"uv":[1.2375,10.2625,0.6375,10.8625],"tintindex":0,"rotation":0,"texture":"#0"},"west":{"uv":[10.8625,0.6375,10.2625,1.2375],"tintindex":0,"rotation":0,"texture":"#0"},"up":{"uv":[10.3875,1.8625,10.9875,1.2625],"tintindex":0,"rotation":0,"texture":"#0"},"down":{"uv":[10.3875,1.8875,10.9875,2.4875],"tintindex":0,"rotation":0,"texture":"#0"}}},{"from":[8.5,3.0,2.0],"to":[11.5,6.0,9.0],"faces":{"east":{"uv":[11.6125,3.3875,10.7625,3.7375],"tintindex":0,"rotation":0,"texture":"#0"},"south":{"uv":[11.2375,11.7625,10.8875,12.1125],"tintindex":0,"rotation":0,"texture":"#0"},"north":{"uv":[10.8625,11.7625,10.5125,12.1125],"tintindex":0,"rotation":0,"texture":"#0"},"west":{"uv":[11.6125,3.0125,10.7625,3.3625],"tintindex":0,"rotation":0,"texture":"#0"},"up":{"uv":[6.6375,0.8625,6.9875,0.0125],"tintindex":0,"rotation":0,"texture":"#0"},"down":{"uv":[9.2625,10.5125,9.6125,11.3625],"tintindex":0,"rotation":0,"texture":"#0"}}},{"from":[6.5,-4.000001,2.0],"to":[11.5,-1.0,9.0],"faces":{"east":{"uv":[11.6125,4.6375,10.7625,4.9875],"tintindex":0,"rotation":0,"texture":"#0"},"south":{"uv":[11.9875,9.7625,11.3875,10.1125],"tintindex":0,"rotation":0,"texture":"#0"},"north":{"uv":[11.9875,9.3875,11.3875,9.7375],"tintindex":0,"rotation":0,"texture":"#0"},"west":{"uv":[11.6125,4.2625,10.7625,4.6125],"tintindex":0,"rotation":0,"texture":"#0"},"up":{"uv":[7.5125,10.4875,8.1125,9.6375],"tintindex":0,"rotation":0,"texture":"#0"},"down":{"uv":[9.1375,9.6375,9.7375,10.4875],"tintindex":0,"rotation":0,"texture":"#0"}},"rotation":{"origin":[9.5,-3.500001,5.5],"angle":22.5,"axis":"z"}},{"from":[6.5,-3.000001,3.0],"to":[10.5,3.0,8.0],"faces":{"east":{"uv":[6.6125,9.8875,6.0125,10.6125],"tintindex":0,"rotation":0,"texture":"#0"},"south":{"uv":[10.8625,9.2625,10.3875,9.9875],"tintindex":0,"rotation":0,"texture":"#0"},"north":{"uv":[5.6125,10.3875,5.1375,11.1125],"tintindex":0,"rotation":0,"texture":"#0"},"west":{"uv":[10.3625,9.6375,9.7625,10.3625],"tintindex":0,"rotation":0,"texture":"#0"},"up":{"uv":[0.0125,11.6125,0.4875,11.0125],"tintindex":0,"rotation":0,"texture":"#0"},"down":{"uv":[11.0125,0.8875,11.4875,1.4875],"tintindex":0,"rotation":0,"texture":"#0"}}}],"display":{"gui":{"rotation":[30,225,0]}}}