{"textures":{"0":"modelengine:entity/kobold_assassin"},"elements":[{"from":[6.0,8.0897255,5.194756],"to":[10.0,12.0897255,11.194756],"faces":{"east":{"uv":[11.1125,3.7625,10.3875,4.2375],"tintindex":0,"rotation":0,"texture":"#0"},"south":{"uv":[11.1125,11.2625,10.6375,11.7375],"tintindex":0,"rotation":0,"texture":"#0"},"north":{"uv":[10.6125,11.2625,10.1375,11.7375],"tintindex":0,"rotation":0,"texture":"#0"},"west":{"uv":[11.1125,2.5125,10.3875,2.9875],"tintindex":0,"rotation":0,"texture":"#0"},"up":{"uv":[2.1375,11.2375,2.6125,10.5125],"tintindex":0,"rotation":0,"texture":"#0"},"down":{"uv":[10.5125,5.0125,10.9875,5.7375],"tintindex":0,"rotation":0,"texture":"#0"}}},{"from":[6.5,9.850903,10.048787],"to":[9.5,13.850903,14.048786],"faces":{"east":{"uv":[0.9875,11.3875,0.5125,11.8625],"tintindex":0,"rotation":0,"texture":"#0"},"south":{"uv":[3.3625,11.5125,3.0125,11.9875],"tintindex":0,"rotation":0,"texture":"#0"},"north":{"uv":[7.4875,8.1375,7.1375,8.6125],"tintindex":0,"rotation":0,"texture":"#0"},"west":{"uv":[11.6125,11.2625,11.1375,11.7375],"tintindex":0,"rotation":0,"texture":"#0"},"up":{"uv":[6.0125,11.9875,6.3625,11.5125],"tintindex":0,"rotation":0,"texture":"#0"},"down":{"uv":[11.5125,8.1375,11.8625,8.6125],"tintindex":0,"rotation":0,"texture":"#0"}},"rotation":{"origin":[8.0,11.850903,15.048786],"angle":-22.5,"axis":"x"}}],"display":{"gui":{"rotation":[30,225,0]}}}