{"textures":{"0":"modelengine:entity/kobold_assassin"},"elements":[{"from":[5.0,8.0,8.0],"to":[11.0,8.0,17.0],"faces":{"east":{"uv":[0.0125,0.0125,1.1125,-0.025],"tintindex":0,"rotation":0,"texture":"#0"},"south":{"uv":[0.0125,0.0125,0.7375,-0.025],"tintindex":0,"rotation":0,"texture":"#0"},"north":{"uv":[0.0125,0.0125,0.7375,-0.025],"tintindex":0,"rotation":0,"texture":"#0"},"west":{"uv":[0.0125,0.0125,1.1125,-0.025],"tintindex":0,"rotation":0,"texture":"#0"},"up":{"uv":[6.7375,8.1125,6.0125,7.0125],"tintindex":0,"rotation":0,"texture":"#0"},"down":{"uv":[6.7375,7.0125,6.0125,8.1125],"tintindex":0,"rotation":0,"texture":"#0"}}}],"display":{"gui":{"rotation":[30,225,0]}}}