{"textures":{"0":"modelengine:entity/kobold_assassin"},"elements":[{"from":[5.0,8.0,8.0],"to":[11.0,8.0,17.0],"faces":{"east":{"uv":[0.0125,0.0125,1.1125,-0.025],"tintindex":0,"rotation":0,"texture":"#0"},"south":{"uv":[0.0125,0.0125,0.7375,-0.025],"tintindex":0,"rotation":0,"texture":"#0"},"north":{"uv":[0.0125,0.0125,0.7375,-0.025],"tintindex":0,"rotation":0,"texture":"#0"},"west":{"uv":[0.0125,0.0125,1.1125,-0.025],"tintindex":0,"rotation":0,"texture":"#0"},"up":{"uv":[4.4875,7.9875,3.7625,6.8875],"tintindex":0,"rotation":0,"texture":"#0"},"down":{"uv":[4.4875,6.8875,3.7625,7.9875],"tintindex":0,"rotation":0,"texture":"#0"}}}],"display":{"gui":{"rotation":[30,225,0]}}}