{"textures":{"0":"modelengine:entity/kobold_assassin"},"elements":[{"from":[5.0,8.0,8.0],"to":[11.0,8.0,17.0],"faces":{"east":{"uv":[0.0125,0.0125,1.1125,-0.025],"tintindex":0,"rotation":0,"texture":"#0"},"south":{"uv":[0.0125,0.0125,0.7375,-0.025],"tintindex":0,"rotation":0,"texture":"#0"},"north":{"uv":[0.0125,0.0125,0.7375,-0.025],"tintindex":0,"rotation":0,"texture":"#0"},"west":{"uv":[0.0125,0.0125,1.1125,-0.025],"tintindex":0,"rotation":0,"texture":"#0"},"up":{"uv":[7.7375,2.2375,7.0125,1.1375],"tintindex":0,"rotation":0,"texture":"#0"},"down":{"uv":[7.7375,1.1375,7.0125,2.2375],"tintindex":0,"rotation":0,"texture":"#0"}}}],"display":{"gui":{"rotation":[30,225,0]}}}