{"textures":{"0":"modelengine:entity/kobold_assassin"},"elements":[{"from":[6.0,5.0,7.5],"to":[10.0,10.0,14.5],"faces":{"east":{"uv":[9.3875,0.8875,10.2375,1.4875],"tintindex":0,"rotation":0,"texture":"#0"},"south":{"uv":[10.8875,9.3875,11.3625,9.9875],"tintindex":0,"rotation":0,"texture":"#0"},"north":{"uv":[10.8875,8.7625,11.3625,9.3625],"tintindex":0,"rotation":0,"texture":"#0"},"west":{"uv":[1.3875,9.3875,2.2375,9.9875],"tintindex":0,"rotation":0,"texture":"#0"},"up":{"uv":[4.6125,10.9875,4.1375,10.1375],"tintindex":0,"rotation":0,"texture":"#0"},"down":{"uv":[10.6125,5.8875,10.1375,6.7375],"tintindex":0,"rotation":0,"texture":"#0"}}}],"display":{"gui":{"rotation":[30,225,0]}}}