{"textures":{"0":"modelengine:entity/kobold_assassin"},"elements":[{"from":[5.0,4.0,7.5],"to":[11.0,10.0,14.5],"faces":{"east":{"uv":[8.3875,7.6375,9.2375,8.3625],"tintindex":0,"rotation":0,"texture":"#0"},"south":{"uv":[8.6375,3.1375,9.3625,3.8625],"tintindex":0,"rotation":0,"texture":"#0"},"north":{"uv":[8.6375,0.8875,9.3625,1.6125],"tintindex":0,"rotation":0,"texture":"#0"},"west":{"uv":[8.3875,8.3875,9.2375,9.1125],"tintindex":0,"rotation":0,"texture":"#0"},"up":{"uv":[1.6125,9.3625,0.8875,8.5125],"tintindex":0,"rotation":0,"texture":"#0"},"down":{"uv":[2.3625,8.5125,1.6375,9.3625],"tintindex":0,"rotation":0,"texture":"#0"}}}],"display":{"gui":{"rotation":[30,225,0]}}}