{"textures":{"0":"modelengine:entity/nocsy_fpv2_ghoul"},"elements":[{"from":[3.6932487,3.7718349,5.186576],"to":[8.493248,7.571835,10.986576],"faces":{"east":{"uv":[4.125,9.125,4.875,9.625],"tintindex":0,"rotation":0,"texture":"#0"},"south":{"uv":[2.0,9.75,2.625,10.25],"tintindex":0,"rotation":0,"texture":"#0"},"north":{"uv":[8.5,9.625,9.125,10.125],"tintindex":0,"rotation":0,"texture":"#0"},"west":{"uv":[9.25,4.25,10.0,4.75],"tintindex":0,"rotation":0,"texture":"#0"},"up":{"uv":[9.25,5.75,8.625,5.0],"tintindex":0,"rotation":0,"texture":"#0"},"down":{"uv":[9.25,6.875,8.625,7.625],"tintindex":0,"rotation":0,"texture":"#0"}},"rotation":{"origin":[5.415957,7.323881,8.0],"angle":45.0,"axis":"z"}},{"from":[4.4842834,0.1924139,6.186576],"to":[7.2842836,5.992415,9.986576],"faces":{"east":{"uv":[9.25,7.75,9.75,8.5],"tintindex":0,"rotation":0,"texture":"#0"},"south":{"uv":[9.75,9.5,10.125,10.25],"tintindex":0,"rotation":0,"texture":"#0"},"north":{"uv":[4.375,9.75,4.75,10.5],"tintindex":0,"rotation":0,"texture":"#0"},"west":{"uv":[9.25,8.625,9.75,9.375],"tintindex":0,"rotation":0,"texture":"#0"},"up":{"uv":[5.75,10.625,5.375,10.125],"tintindex":0,"rotation":0,"texture":"#0"},"down":{"uv":[10.625,0.0,10.25,0.5],"tintindex":0,"rotation":0,"texture":"#0"}}}],"display":{"gui":{"rotation":[30,225,0]}}}