{"textures":{"0":"modelengine:entity/nocsy_fpv2_ghoul"},"elements":[{"from":[7.185605,1.4682075,5.9692526],"to":[9.985605,8.268207,9.769253],"faces":{"east":{"uv":[0.75,9.0,1.25,9.875],"tintindex":0,"rotation":0,"texture":"#0"},"south":{"uv":[0.0,9.625,0.375,10.5],"tintindex":0,"rotation":0,"texture":"#0"},"north":{"uv":[9.25,9.5,9.625,10.375],"tintindex":0,"rotation":0,"texture":"#0"},"west":{"uv":[1.375,9.0,1.875,9.875],"tintindex":0,"rotation":0,"texture":"#0"},"up":{"uv":[10.375,1.75,10.0,1.25],"tintindex":0,"rotation":0,"texture":"#0"},"down":{"uv":[1.875,10.0,1.5,10.5],"tintindex":0,"rotation":0,"texture":"#0"}}}],"display":{"gui":{"rotation":[30,225,0]}}}