{"textures":{"0":"modelengine:entity/nocsy_fpv2_tombstone"},"elements":[{"from":[5.0,24.0,7.0],"to":[9.0,26.0,9.0],"faces":{"east":{"uv":[2.5,11.0,3.0,11.5],"tintindex":0,"rotation":0,"texture":"#0"},"south":{"uv":[1.75,10.25,2.75,10.75],"tintindex":0,"rotation":0,"texture":"#0"},"north":{"uv":[10.25,1.5,11.25,2.0],"tintindex":0,"rotation":0,"texture":"#0"},"west":{"uv":[3.25,11.0,3.75,11.5],"tintindex":0,"rotation":0,"texture":"#0"},"up":{"uv":[11.25,2.75,10.25,2.25],"tintindex":0,"rotation":0,"texture":"#0"},"down":{"uv":[4.0,10.25,3.0,10.75],"tintindex":0,"rotation":0,"texture":"#0"}}},{"from":[1.0,8.0,7.0],"to":[13.0,24.0,9.0],"faces":{"east":{"uv":[5.0,6.75,5.5,10.75],"tintindex":0,"rotation":0,"texture":"#0"},"south":{"uv":[3.25,0.0,6.25,4.0],"tintindex":0,"rotation":0,"texture":"#0"},"north":{"uv":[0.0,0.0,3.0,4.0],"tintindex":0,"rotation":0,"texture":"#0"},"west":{"uv":[5.75,6.75,6.25,10.75],"tintindex":0,"rotation":0,"texture":"#0"},"up":{"uv":[11.5,5.5,8.5,5.0],"tintindex":0,"rotation":0,"texture":"#0"},"down":{"uv":[11.75,6.75,8.75,7.25],"tintindex":0,"rotation":0,"texture":"#0"}}},{"from":[-1.0,6.0,5.0],"to":[15.0,8.0,11.0],"faces":{"east":{"uv":[6.5,3.25,8.0,3.75],"tintindex":0,"rotation":0,"texture":"#0"},"south":{"uv":[6.5,0.0,10.5,0.5],"tintindex":0,"rotation":0,"texture":"#0"},"north":{"uv":[5.0,6.0,9.0,6.5],"tintindex":0,"rotation":0,"texture":"#0"},"west":{"uv":[9.25,0.75,10.75,1.25],"tintindex":0,"rotation":0,"texture":"#0"},"up":{"uv":[4.0,5.75,0.0,4.25],"tintindex":0,"rotation":0,"texture":"#0"},"down":{"uv":[8.25,4.25,4.25,5.75],"tintindex":0,"rotation":0,"texture":"#0"}}},{"from":[0.0,8.0,6.0],"to":[2.0,24.0,10.0],"faces":{"east":{"uv":[0.0,6.0,1.0,10.0],"tintindex":0,"rotation":0,"texture":"#0"},"south":{"uv":[7.25,6.75,7.75,10.75],"tintindex":0,"rotation":0,"texture":"#0"},"north":{"uv":[6.5,6.75,7.0,10.75],"tintindex":0,"rotation":0,"texture":"#0"},"west":{"uv":[1.25,6.0,2.25,10.0],"tintindex":0,"rotation":0,"texture":"#0"},"up":{"uv":[4.75,11.25,4.25,10.25],"tintindex":0,"rotation":0,"texture":"#0"},"down":{"uv":[11.0,8.25,10.5,9.25],"tintindex":0,"rotation":0,"texture":"#0"}}},{"from":[7.987919,23.979538,5.99],"to":[14.007919,25.999538,10.01],"faces":{"east":{"uv":[10.75,0.0,11.75,0.5],"tintindex":0,"rotation":0,"texture":"#0"},"south":{"uv":[0.0,10.25,1.5,10.75],"tintindex":0,"rotation":0,"texture":"#0"},"north":{"uv":[8.75,10.0,10.25,10.5],"tintindex":0,"rotation":0,"texture":"#0"},"west":{"uv":[8.75,10.75,9.75,11.25],"tintindex":0,"rotation":0,"texture":"#0"},"up":{"uv":[10.25,8.5,8.75,7.5],"tintindex":0,"rotation":0,"texture":"#0"},"down":{"uv":[10.25,8.75,8.75,9.75],"tintindex":0,"rotation":0,"texture":"#0"}},"rotation":{"origin":[8.997919,24.989538,8.0],"angle":-22.5,"axis":"z"}},{"from":[12.0,8.0,6.0],"to":[14.0,24.0,10.0],"faces":{"east":{"uv":[2.5,6.0,3.5,10.0],"tintindex":0,"rotation":0,"texture":"#0"},"south":{"uv":[8.5,0.75,9.0,4.75],"tintindex":0,"rotation":0,"texture":"#0"},"north":{"uv":[8.0,6.75,8.5,10.75],"tintindex":0,"rotation":0,"texture":"#0"},"west":{"uv":[3.75,6.0,4.75,10.0],"tintindex":0,"rotation":0,"texture":"#0"},"up":{"uv":[0.5,12.0,0.0,11.0],"tintindex":0,"rotation":0,"texture":"#0"},"down":{"uv":[1.25,11.0,0.75,12.0],"tintindex":0,"rotation":0,"texture":"#0"}}},{"from":[-0.007919082,23.979538,5.99],"to":[6.012081,25.999538,10.01],"faces":{"east":{"uv":[10.5,9.5,11.5,10.0],"tintindex":0,"rotation":0,"texture":"#0"},"south":{"uv":[9.25,5.75,10.75,6.25],"tintindex":0,"rotation":0,"texture":"#0"},"north":{"uv":[9.25,4.0,10.75,4.5],"tintindex":0,"rotation":0,"texture":"#0"},"west":{"uv":[10.5,10.25,11.5,10.75],"tintindex":0,"rotation":0,"texture":"#0"},"up":{"uv":[8.0,1.75,6.5,0.75],"tintindex":0,"rotation":0,"texture":"#0"},"down":{"uv":[8.0,2.0,6.5,3.0],"tintindex":0,"rotation":0,"texture":"#0"}},"rotation":{"origin":[5.002081,24.989538,8.0],"angle":22.5,"axis":"z"}},{"from":[5.5375,24.309166,6.0],"to":[8.4625,26.309166,10.0],"faces":{"east":{"uv":[10.25,3.0,11.25,3.5],"tintindex":0,"rotation":0,"texture":"#0"},"south":{"uv":[1.5,11.0,2.25,11.5],"tintindex":0,"rotation":0,"texture":"#0"},"north":{"uv":[11.0,0.75,11.75,1.25],"tintindex":0,"rotation":0,"texture":"#0"},"west":{"uv":[10.5,7.5,11.5,8.0],"tintindex":0,"rotation":0,"texture":"#0"},"up":{"uv":[10.0,2.5,9.25,1.5],"tintindex":0,"rotation":0,"texture":"#0"},"down":{"uv":[10.0,2.75,9.25,3.75],"tintindex":0,"rotation":0,"texture":"#0"}}}],"display":{"gui":{"rotation":[30,225,0]}}}