{"textures":{"0":"modelengine:entity/nocsy_sewer_rat"},"elements":[{"from":[2.5,5.1189895,12.741217],"to":[13.5,13.118989,21.741219],"faces":{"east":{"uv":[0.0,4.625,1.125,5.625],"tintindex":0,"rotation":0,"texture":"#0"},"south":{"uv":[0.0,2.5,1.375,3.5],"tintindex":0,"rotation":0,"texture":"#0"},"north":{"uv":[1.5,2.25,2.875,3.25],"tintindex":0,"rotation":0,"texture":"#0"},"west":{"uv":[3.0,5.0,4.125,6.0],"tintindex":0,"rotation":0,"texture":"#0"},"up":{"uv":[1.375,1.125,0.0,0.0],"tintindex":0,"rotation":0,"texture":"#0"},"down":{"uv":[1.375,1.25,0.0,2.375],"tintindex":0,"rotation":0,"texture":"#0"}},"rotation":{"origin":[8.0,9.118989,16.241219],"angle":22.5,"axis":"x"}},{"from":[3.5,4.55,5.75],"to":[12.5,11.55,11.75],"faces":{"east":{"uv":[0.0,6.875,0.75,7.75],"tintindex":0,"rotation":0,"texture":"#0"},"south":{"uv":[1.25,5.375,2.375,6.25],"tintindex":0,"rotation":0,"texture":"#0"},"north":{"uv":[4.25,5.0,5.375,5.875],"tintindex":0,"rotation":0,"texture":"#0"},"west":{"uv":[3.5,6.875,4.25,7.75],"tintindex":0,"rotation":0,"texture":"#0"},"up":{"uv":[5.375,6.75,4.25,6.0],"tintindex":0,"rotation":0,"texture":"#0"},"down":{"uv":[6.625,6.0,5.5,6.75],"tintindex":0,"rotation":0,"texture":"#0"}}},{"from":[2.5,14.355488,11.200878],"to":[13.5,14.355488,18.200878],"faces":{"up":{"uv":[4.375,2.875,3.0,2.0],"tintindex":0,"rotation":0,"texture":"#0"},"down":{"uv":[4.375,2.0,3.0,2.875],"tintindex":0,"rotation":0,"texture":"#0"}},"rotation":{"origin":[8.0,9.137965,13.114172],"angle":-45.0,"axis":"x"}},{"from":[2.5,14.1529,14.538373],"to":[13.5,14.1529,21.538372],"faces":{"up":{"uv":[2.875,4.25,1.5,3.375],"tintindex":0,"rotation":0,"texture":"#0"},"down":{"uv":[2.875,3.375,1.5,4.25],"tintindex":0,"rotation":0,"texture":"#0"}}},{"from":[5.5,5.4500003,3.25],"to":[10.5,10.45,8.25],"faces":{"east":{"uv":[0.75,8.75,1.375,9.375],"tintindex":0,"rotation":0,"texture":"#0"},"south":{"uv":[7.75,8.75,8.375,9.375],"tintindex":0,"rotation":0,"texture":"#0"},"north":{"uv":[3.5,6.125,4.125,6.75],"tintindex":0,"rotation":0,"texture":"#0"},"west":{"uv":[8.5,8.75,9.125,9.375],"tintindex":0,"rotation":0,"texture":"#0"},"up":{"uv":[0.625,9.5,0.0,8.875],"tintindex":0,"rotation":0,"texture":"#0"},"down":{"uv":[4.125,8.875,3.5,9.5],"tintindex":0,"rotation":0,"texture":"#0"}},"rotation":{"origin":[8.0,7.95,5.75],"angle":22.5,"axis":"x"}},{"from":[2.51,6.23898,8.925825],"to":[13.49,14.218979,15.905825],"faces":{"east":{"uv":[5.625,3.25,6.5,4.25],"tintindex":0,"rotation":0,"texture":"#0"},"south":{"uv":[1.5,1.125,2.875,2.125],"tintindex":0,"rotation":0,"texture":"#0"},"north":{"uv":[1.5,0.0,2.875,1.0],"tintindex":0,"rotation":0,"texture":"#0"},"west":{"uv":[0.0,5.75,0.875,6.75],"tintindex":0,"rotation":0,"texture":"#0"},"up":{"uv":[4.375,0.875,3.0,0.0],"tintindex":0,"rotation":0,"texture":"#0"},"down":{"uv":[4.375,1.0,3.0,1.875],"tintindex":0,"rotation":0,"texture":"#0"}},"rotation":{"origin":[8.0,10.728979,15.415825],"angle":-22.5,"axis":"x"}},{"from":[2.5,8.234168,21.827456],"to":[13.5,8.234168,28.827456],"faces":{"up":{"uv":[4.375,4.875,3.0,4.0],"tintindex":0,"rotation":0,"texture":"#0"},"down":{"uv":[4.375,4.0,3.0,4.875],"tintindex":0,"rotation":0,"texture":"#0"}},"rotation":{"origin":[8.0,8.234168,25.327456],"angle":45.0,"axis":"x"}}],"display":{"gui":{"rotation":[30,225,0]}}}