{"textures":{"0":"modelengine:entity/nocsy_sewer_rat"},"elements":[{"from":[3.3000002,8.1,-0.8999996],"to":[5.3,10.1,0.10000038],"faces":{"east":{"uv":[1.25,4.625,1.375,4.875],"tintindex":0,"rotation":0,"texture":"#0"},"south":{"uv":[8.875,8.25,9.125,8.5],"tintindex":0,"rotation":0,"texture":"#0"},"north":{"uv":[8.25,3.125,8.5,3.375],"tintindex":0,"rotation":0,"texture":"#0"},"west":{"uv":[1.25,5.0,1.375,5.25],"tintindex":0,"rotation":0,"texture":"#0"},"up":{"uv":[9.5,6.625,9.25,6.5],"tintindex":0,"rotation":0,"texture":"#0"},"down":{"uv":[10.125,6.25,9.875,6.375],"tintindex":0,"rotation":0,"texture":"#0"}}},{"from":[12.297155,5.5000005,0.5349102],"to":[12.297155,12.5,5.53491],"faces":{"east":{"uv":[8.375,5.75,7.75,6.625],"tintindex":0,"rotation":0,"texture":"#0"},"west":{"uv":[7.75,5.75,8.375,6.625],"tintindex":0,"rotation":0,"texture":"#0"}},"rotation":{"origin":[8.797155,9.0,4.53491],"angle":22.5,"axis":"y"}},{"from":[3.5,5.5000005,-0.5],"to":[10.5,12.5,7.5],"faces":{"east":{"uv":[5.5,5.0,6.5,5.875],"tintindex":0,"rotation":0,"texture":"#0"},"south":{"uv":[1.0,6.375,1.875,7.25],"tintindex":0,"rotation":0,"texture":"#0"},"north":{"uv":[2.5,6.125,3.375,7.0],"tintindex":0,"rotation":0,"texture":"#0"},"west":{"uv":[5.625,0.0,6.625,0.875],"tintindex":0,"rotation":0,"texture":"#0"},"up":{"uv":[6.5,2.0,5.625,1.0],"tintindex":0,"rotation":0,"texture":"#0"},"down":{"uv":[6.5,2.125,5.625,3.125],"tintindex":0,"rotation":0,"texture":"#0"}}},{"from":[3.5,4.8508954,3.306549],"to":[10.5,4.8508954,8.306549],"faces":{"up":{"uv":[8.5,4.875,7.625,4.25],"tintindex":0,"rotation":0,"texture":"#0"},"down":{"uv":[8.5,4.25,7.625,4.875],"tintindex":0,"rotation":0,"texture":"#0"}},"rotation":{"origin":[7.0,7.202845,4.53491],"angle":22.5,"axis":"x"}},{"from":[4.5,6.5000005,-4.5],"to":[9.5,9.5,-0.5],"faces":{"east":{"uv":[10.375,1.625,10.875,2.0],"tintindex":0,"rotation":0,"texture":"#0"},"south":{"uv":[10.375,1.125,11.0,1.5],"tintindex":0,"rotation":0,"texture":"#0"},"north":{"uv":[10.375,0.625,11.0,1.0],"tintindex":0,"rotation":0,"texture":"#0"},"west":{"uv":[10.375,2.125,10.875,2.5],"tintindex":0,"rotation":0,"texture":"#0"},"up":{"uv":[6.25,4.875,5.625,4.375],"tintindex":0,"rotation":0,"texture":"#0"},"down":{"uv":[0.625,9.625,0.0,10.125],"tintindex":0,"rotation":0,"texture":"#0"}}},{"from":[8.5,3.5000005,-2.5],"to":[15.5,9.5,-2.5],"faces":{"south":{"uv":[6.625,5.0,7.5,5.75],"tintindex":0,"rotation":0,"texture":"#0"},"north":{"uv":[7.5,5.0,6.625,5.75],"tintindex":0,"rotation":0,"texture":"#0"}},"rotation":{"origin":[12.5,8.0,-2.5],"angle":-22.5,"axis":"z"}},{"from":[3.5,11.617448,4.002449],"to":[10.5,11.617448,9.002449],"faces":{"up":{"uv":[6.25,8.25,5.375,7.625],"tintindex":0,"rotation":0,"texture":"#0"},"down":{"uv":[6.25,7.625,5.375,8.25],"tintindex":0,"rotation":0,"texture":"#0"}},"rotation":{"origin":[7.0,10.796232,1.5352926],"angle":-22.5,"axis":"x"}},{"from":[3.6162615,5.5000005,5.1543074],"to":[3.6162615,12.5,10.154308],"faces":{"east":{"uv":[4.125,7.875,3.5,8.75],"tintindex":0,"rotation":0,"texture":"#0"},"west":{"uv":[3.5,7.875,4.125,8.75],"tintindex":0,"rotation":0,"texture":"#0"}},"rotation":{"origin":[5.2028446,9.0,4.53491],"angle":-22.5,"axis":"y"}},{"from":[7.2,4.739312,-3.1948986],"to":[9.2,6.739312,-3.1948986],"faces":{"south":{"uv":[11.125,9.625,11.375,9.875],"tintindex":0,"rotation":0,"texture":"#0"},"north":{"uv":[11.375,9.625,11.125,9.875],"tintindex":0,"rotation":0,"texture":"#0"}},"rotation":{"origin":[7.05,4.5000005,-4.0],"angle":-22.5,"axis":"x"}},{"from":[1.7028446,5.5000005,0.5349102],"to":[1.7028446,12.5,5.53491],"faces":{"east":{"uv":[8.375,5.75,7.75,6.625],"tintindex":0,"rotation":0,"texture":"#0"},"west":{"uv":[7.75,5.75,8.375,6.625],"tintindex":0,"rotation":0,"texture":"#0"}},"rotation":{"origin":[5.2028446,9.0,4.53491],"angle":-22.5,"axis":"y"}},{"from":[10.3837385,5.5000005,5.1543074],"to":[10.3837385,12.5,10.154308],"faces":{"east":{"uv":[4.125,7.875,3.5,8.75],"tintindex":0,"rotation":0,"texture":"#0"},"west":{"uv":[3.5,7.875,4.125,8.75],"tintindex":0,"rotation":0,"texture":"#0"}},"rotation":{"origin":[8.797155,9.0,4.53491],"angle":22.5,"axis":"y"}},{"from":[2.6299458,9.726299,-1.1000004],"to":[5.6299458,10.726299,0.8999996],"faces":{"east":{"uv":[11.0,6.0,11.25,6.125],"tintindex":0,"rotation":0,"texture":"#0"},"south":{"uv":[11.375,6.375,11.75,6.5],"tintindex":0,"rotation":0,"texture":"#0"},"north":{"uv":[10.5,6.0,10.875,6.125],"tintindex":0,"rotation":0,"texture":"#0"},"west":{"uv":[11.5,10.5,11.75,10.625],"tintindex":0,"rotation":0,"texture":"#0"},"up":{"uv":[9.75,5.0,9.375,4.75],"tintindex":0,"rotation":0,"texture":"#0"},"down":{"uv":[6.625,11.125,6.25,11.375],"tintindex":0,"rotation":0,"texture":"#0"}},"rotation":{"origin":[4.1299458,10.226299,-0.10000038],"angle":-22.5,"axis":"z"}},{"from":[-2.1847763,6.2991652,3.9833107],"to":[5.815224,15.299165,3.9833107],"faces":{"south":{"uv":[5.5,0.0,4.5,1.125],"tintindex":0,"rotation":0,"texture":"#0"},"north":{"uv":[4.5,0.0,5.5,1.125],"tintindex":0,"rotation":0,"texture":"#0"}},"rotation":{"origin":[4.0,10.5,7.5],"angle":-22.5,"axis":"z"}},{"from":[3.875,8.400001,-0.9750004],"to":[4.875,9.400001,-0.9750004],"faces":{"east":{"uv":[1.25,4.625,1.375,4.875],"tintindex":0,"rotation":0,"texture":"#0"},"south":{"uv":[12.0,3.75,11.875,3.875],"tintindex":0,"rotation":0,"texture":"#0"},"north":{"uv":[11.875,3.75,12.0,3.875],"tintindex":0,"rotation":0,"texture":"#0"},"west":{"uv":[1.0,12.5,1.125,12.75],"tintindex":0,"rotation":0,"texture":"#0"},"up":{"uv":[9.5,6.625,9.25,6.5],"tintindex":0,"rotation":0,"texture":"#0"},"down":{"uv":[10.125,6.25,9.875,6.375],"tintindex":0,"rotation":0,"texture":"#0"}}},{"from":[7.680808,9.037053,-1.1000004],"to":[8.680808,10.037053,0.8999996],"faces":{"east":{"uv":[11.625,0.625,11.875,0.75],"tintindex":0,"rotation":0,"texture":"#0"},"south":{"uv":[9.625,8.0,9.75,8.125],"tintindex":0,"rotation":0,"texture":"#0"},"north":{"uv":[2.75,9.25,2.875,9.375],"tintindex":0,"rotation":0,"texture":"#0"},"west":{"uv":[0.75,11.625,1.0,11.75],"tintindex":0,"rotation":0,"texture":"#0"},"up":{"uv":[1.375,9.75,1.25,9.5],"tintindex":0,"rotation":0,"texture":"#0"},"down":{"uv":[7.625,9.875,7.5,10.125],"tintindex":0,"rotation":0,"texture":"#0"}},"rotation":{"origin":[8.180808,8.537053,-0.10000038],"angle":-22.5,"axis":"z"}},{"from":[5.319192,9.037053,-1.1000004],"to":[6.319192,10.037053,0.8999996],"faces":{"east":{"uv":[11.25,11.5,11.5,11.625],"tintindex":0,"rotation":0,"texture":"#0"},"south":{"uv":[6.375,4.75,6.5,4.875],"tintindex":0,"rotation":0,"texture":"#0"},"north":{"uv":[1.0,6.125,1.125,6.25],"tintindex":0,"rotation":0,"texture":"#0"},"west":{"uv":[11.625,0.375,11.875,0.5],"tintindex":0,"rotation":0,"texture":"#0"},"up":{"uv":[1.125,6.0,1.0,5.75],"tintindex":0,"rotation":0,"texture":"#0"},"down":{"uv":[6.5,4.375,6.375,4.625],"tintindex":0,"rotation":0,"texture":"#0"}},"rotation":{"origin":[5.819192,8.537053,-0.10000038],"angle":22.5,"axis":"z"}},{"from":[-1.5,3.5000005,-2.5],"to":[5.5,9.5,-2.5],"faces":{"south":{"uv":[7.5,5.0,6.625,5.75],"tintindex":0,"rotation":0,"texture":"#0"},"north":{"uv":[6.625,5.0,7.5,5.75],"tintindex":0,"rotation":0,"texture":"#0"}},"rotation":{"origin":[1.5,8.0,-2.5],"angle":22.5,"axis":"z"}},{"from":[8.184776,6.2991652,3.9833107],"to":[16.184776,15.299165,3.9833107],"faces":{"south":{"uv":[4.5,0.0,5.5,1.125],"tintindex":0,"rotation":0,"texture":"#0"},"north":{"uv":[5.5,0.0,4.5,1.125],"tintindex":0,"rotation":0,"texture":"#0"}},"rotation":{"origin":[10.0,10.5,7.5],"angle":22.5,"axis":"z"}},{"from":[9.125,8.400001,-0.9750004],"to":[10.125,9.400001,-0.9750004],"faces":{"east":{"uv":[1.125,12.5,1.0,12.75],"tintindex":0,"rotation":0,"texture":"#0"},"south":{"uv":[11.875,3.75,12.0,3.875],"tintindex":0,"rotation":0,"texture":"#0"},"north":{"uv":[12.0,3.75,11.875,3.875],"tintindex":0,"rotation":0,"texture":"#0"},"west":{"uv":[1.375,4.625,1.25,4.875],"tintindex":0,"rotation":0,"texture":"#0"},"up":{"uv":[9.25,6.625,9.5,6.5],"tintindex":0,"rotation":0,"texture":"#0"},"down":{"uv":[9.875,6.25,10.125,6.375],"tintindex":0,"rotation":0,"texture":"#0"}}},{"from":[6.0,7.9000006,-5.1000004],"to":[8.0,9.900001,-3.1000004],"faces":{"east":{"uv":[0.75,11.25,1.0,11.5],"tintindex":0,"rotation":0,"texture":"#0"},"south":{"uv":[1.625,11.25,1.875,11.5],"tintindex":0,"rotation":0,"texture":"#0"},"north":{"uv":[11.125,10.375,11.375,10.625],"tintindex":0,"rotation":0,"texture":"#0"},"west":{"uv":[2.0,11.25,2.25,11.5],"tintindex":0,"rotation":0,"texture":"#0"},"up":{"uv":[11.5,3.25,11.25,3.0],"tintindex":0,"rotation":0,"texture":"#0"},"down":{"uv":[11.5,4.125,11.25,4.375],"tintindex":0,"rotation":0,"texture":"#0"}}},{"from":[5.0,3.977375,-3.2835217],"to":[9.0,5.977375,1.7164783],"faces":{"east":{"uv":[10.375,2.625,11.0,2.875],"tintindex":0,"rotation":0,"texture":"#0"},"south":{"uv":[11.125,7.75,11.625,8.0],"tintindex":0,"rotation":0,"texture":"#0"},"north":{"uv":[11.125,2.625,11.625,2.875],"tintindex":0,"rotation":0,"texture":"#0"},"west":{"uv":[4.875,10.375,5.5,10.625],"tintindex":0,"rotation":0,"texture":"#0"},"up":{"uv":[3.75,10.25,3.25,9.625],"tintindex":0,"rotation":0,"texture":"#0"},"down":{"uv":[10.125,6.5,9.625,7.125],"tintindex":0,"rotation":0,"texture":"#0"}},"rotation":{"origin":[7.0,6.0000005,-2.0],"angle":-22.5,"axis":"x"}},{"from":[8.7,8.1,-0.8999996],"to":[10.7,10.1,0.10000038],"faces":{"east":{"uv":[2.5,10.125,2.625,10.375],"tintindex":0,"rotation":0,"texture":"#0"},"south":{"uv":[8.625,11.125,8.875,11.375],"tintindex":0,"rotation":0,"texture":"#0"},"north":{"uv":[6.875,9.375,7.125,9.625],"tintindex":0,"rotation":0,"texture":"#0"},"west":{"uv":[3.625,10.375,3.75,10.625],"tintindex":0,"rotation":0,"texture":"#0"},"up":{"uv":[11.875,1.0,11.625,0.875],"tintindex":0,"rotation":0,"texture":"#0"},"down":{"uv":[1.375,11.625,1.125,11.75],"tintindex":0,"rotation":0,"texture":"#0"}}},{"from":[8.370054,9.726299,-1.1000004],"to":[11.370054,10.726299,0.8999996],"faces":{"east":{"uv":[11.625,1.125,11.875,1.25],"tintindex":0,"rotation":0,"texture":"#0"},"south":{"uv":[11.5,10.25,11.875,10.375],"tintindex":0,"rotation":0,"texture":"#0"},"north":{"uv":[11.5,10.0,11.875,10.125],"tintindex":0,"rotation":0,"texture":"#0"},"west":{"uv":[1.5,11.625,1.75,11.75],"tintindex":0,"rotation":0,"texture":"#0"},"up":{"uv":[11.5,8.375,11.125,8.125],"tintindex":0,"rotation":0,"texture":"#0"},"down":{"uv":[11.5,8.5,11.125,8.75],"tintindex":0,"rotation":0,"texture":"#0"}},"rotation":{"origin":[9.870054,10.226299,-0.10000038],"angle":22.5,"axis":"z"}},{"from":[3.5,13.148182,0.3069315],"to":[10.5,13.148182,5.3069315],"faces":{"up":{"uv":[5.25,8.25,4.375,7.625],"tintindex":0,"rotation":0,"texture":"#0"},"down":{"uv":[5.25,7.625,4.375,8.25],"tintindex":0,"rotation":0,"texture":"#0"}},"rotation":{"origin":[7.0,10.796232,1.5352926],"angle":-22.5,"axis":"x"}},{"from":[4.8,4.739312,-3.1948986],"to":[6.8,6.739312,-3.1948986],"faces":{"south":{"uv":[11.375,9.625,11.125,9.875],"tintindex":0,"rotation":0,"texture":"#0"},"north":{"uv":[11.125,9.625,11.375,9.875],"tintindex":0,"rotation":0,"texture":"#0"}},"rotation":{"origin":[6.95,4.5000005,-4.0],"angle":-22.5,"axis":"x"}}],"display":{"gui":{"rotation":[30,225,0]}}}