{"textures":{"0":"modelengine:entity/nocsy_sewer_rat"},"elements":[{"from":[7.0,3.5031357,4.997905],"to":[12.0,10.503136,11.997904],"faces":{"east":{"uv":[6.625,1.0,7.5,1.875],"tintindex":0,"rotation":0,"texture":"#0"},"south":{"uv":[4.25,8.375,4.875,9.25],"tintindex":0,"rotation":0,"texture":"#0"},"north":{"uv":[2.25,8.25,2.875,9.125],"tintindex":0,"rotation":0,"texture":"#0"},"west":{"uv":[6.625,2.0,7.5,2.875],"tintindex":0,"rotation":0,"texture":"#0"},"up":{"uv":[5.625,9.25,5.0,8.375],"tintindex":0,"rotation":0,"texture":"#0"},"down":{"uv":[6.375,8.375,5.75,9.25],"tintindex":0,"rotation":0,"texture":"#0"}},"rotation":{"origin":[14.5,9.003136,9.497905],"angle":22.5,"axis":"x"}},{"from":[7.5,1.3867311,5.4542885],"to":[11.5,7.386731,9.4542885],"faces":{"east":{"uv":[2.125,9.25,2.625,10.0],"tintindex":0,"rotation":0,"texture":"#0"},"south":{"uv":[9.25,5.625,9.75,6.375],"tintindex":0,"rotation":0,"texture":"#0"},"north":{"uv":[1.5,9.25,2.0,10.0],"tintindex":0,"rotation":0,"texture":"#0"},"west":{"uv":[9.25,8.25,9.75,9.0],"tintindex":0,"rotation":0,"texture":"#0"},"up":{"uv":[4.75,10.75,4.25,10.25],"tintindex":0,"rotation":0,"texture":"#0"},"down":{"uv":[10.75,6.625,10.25,7.125],"tintindex":0,"rotation":0,"texture":"#0"}}}],"display":{"gui":{"rotation":[30,225,0]}}}