{"textures":{"0":"modelengine:entity/nocsy_sewer_rat"},"elements":[{"from":[5.2989564,4.164819,2.9284391],"to":[7.2989564,6.164819,7.928439],"faces":{"east":{"uv":[5.625,10.375,6.25,10.625],"tintindex":0,"rotation":0,"texture":"#0"},"south":{"uv":[11.25,5.625,11.5,5.875],"tintindex":0,"rotation":0,"texture":"#0"},"north":{"uv":[11.25,5.25,11.5,5.5],"tintindex":0,"rotation":0,"texture":"#0"},"west":{"uv":[10.375,7.875,11.0,8.125],"tintindex":0,"rotation":0,"texture":"#0"},"up":{"uv":[2.75,6.0,2.5,5.375],"tintindex":0,"rotation":0,"texture":"#0"},"down":{"uv":[2.25,6.375,2.0,7.0],"tintindex":0,"rotation":0,"texture":"#0"}},"rotation":{"origin":[8.0,5.164819,5.425927],"angle":22.5,"axis":"y"}},{"from":[6.885084,4.1351247,2.9650664],"to":[8.885084,6.1351247,7.9650664],"faces":{"east":{"uv":[10.375,9.0,11.0,9.25],"tintindex":0,"rotation":0,"texture":"#0"},"south":{"uv":[10.125,11.25,10.375,11.5],"tintindex":0,"rotation":0,"texture":"#0"},"north":{"uv":[8.25,11.25,8.5,11.5],"tintindex":0,"rotation":0,"texture":"#0"},"west":{"uv":[10.375,9.375,11.0,9.625],"tintindex":0,"rotation":0,"texture":"#0"},"up":{"uv":[3.5,11.0,3.25,10.375],"tintindex":0,"rotation":0,"texture":"#0"},"down":{"uv":[6.625,10.375,6.375,11.0],"tintindex":0,"rotation":0,"texture":"#0"}}},{"from":[9.167736,4.1691804,6.7716913],"to":[11.167736,6.1691804,11.771691],"faces":{"east":{"uv":[10.375,8.25,11.0,8.5],"tintindex":0,"rotation":0,"texture":"#0"},"south":{"uv":[7.875,11.25,8.125,11.5],"tintindex":0,"rotation":0,"texture":"#0"},"north":{"uv":[7.5,11.25,7.75,11.5],"tintindex":0,"rotation":0,"texture":"#0"},"west":{"uv":[10.375,8.625,11.0,8.875],"tintindex":0,"rotation":0,"texture":"#0"},"up":{"uv":[8.0,7.375,7.75,6.75],"tintindex":0,"rotation":0,"texture":"#0"},"down":{"uv":[0.625,10.25,0.375,10.875],"tintindex":0,"rotation":0,"texture":"#0"}},"rotation":{"origin":[18.0,5.164819,5.425927],"angle":-22.5,"axis":"y"}},{"from":[6.5044365,4.1534653,5.6758127],"to":[9.5044365,10.153465,8.675813],"faces":{"east":{"uv":[8.75,9.5,9.125,10.25],"tintindex":0,"rotation":0,"texture":"#0"},"south":{"uv":[9.875,8.0,10.25,8.75],"tintindex":0,"rotation":0,"texture":"#0"},"north":{"uv":[1.5,7.375,1.875,8.125],"tintindex":0,"rotation":0,"texture":"#0"},"west":{"uv":[9.875,8.875,10.25,9.625],"tintindex":0,"rotation":0,"texture":"#0"},"up":{"uv":[11.375,2.5,11.0,2.125],"tintindex":0,"rotation":0,"texture":"#0"},"down":{"uv":[11.5,0.5,11.125,0.875],"tintindex":0,"rotation":0,"texture":"#0"}}}],"display":{"gui":{"rotation":[30,225,0]}}}