{"textures":{"0":"modelengine:entity/nocsy_sewer_rat"},"elements":[{"from":[7.63431,1.5071104,3.4984195],"to":[9.65431,3.5271103,8.518419],"faces":{"east":{"uv":[5.625,10.75,6.25,11.0],"tintindex":0,"rotation":0,"texture":"#0"},"south":{"uv":[11.5,2.25,11.75,2.5],"tintindex":0,"rotation":0,"texture":"#0"},"north":{"uv":[11.5,1.875,11.75,2.125],"tintindex":0,"rotation":0,"texture":"#0"},"west":{"uv":[1.875,10.875,2.5,11.125],"tintindex":0,"rotation":0,"texture":"#0"},"up":{"uv":[3.875,11.375,3.625,10.75],"tintindex":0,"rotation":0,"texture":"#0"},"down":{"uv":[2.875,10.875,2.625,11.5],"tintindex":0,"rotation":0,"texture":"#0"}}},{"from":[6.454958,1.5171103,3.792963],"to":[8.454958,3.5171103,8.792963],"faces":{"east":{"uv":[10.5,5.625,11.125,5.875],"tintindex":0,"rotation":0,"texture":"#0"},"south":{"uv":[9.5,11.375,9.75,11.625],"tintindex":0,"rotation":0,"texture":"#0"},"north":{"uv":[7.125,11.375,7.375,11.625],"tintindex":0,"rotation":0,"texture":"#0"},"west":{"uv":[10.375,10.5,11.0,10.75],"tintindex":0,"rotation":0,"texture":"#0"},"up":{"uv":[8.5,11.125,8.25,10.5],"tintindex":0,"rotation":0,"texture":"#0"},"down":{"uv":[7.0,10.625,6.75,11.25],"tintindex":0,"rotation":0,"texture":"#0"}},"rotation":{"origin":[8.0,2.5171103,7.761052],"angle":22.5,"axis":"y"}},{"from":[9.397592,1.5171103,8.079018],"to":[11.397592,3.5171103,13.079018],"faces":{"east":{"uv":[1.125,10.75,1.75,11.0],"tintindex":0,"rotation":0,"texture":"#0"},"south":{"uv":[11.5,1.5,11.75,1.75],"tintindex":0,"rotation":0,"texture":"#0"},"north":{"uv":[11.5,0.0,11.75,0.25],"tintindex":0,"rotation":0,"texture":"#0"},"west":{"uv":[4.875,10.75,5.5,11.0],"tintindex":0,"rotation":0,"texture":"#0"},"up":{"uv":[7.375,11.25,7.125,10.625],"tintindex":0,"rotation":0,"texture":"#0"},"down":{"uv":[10.0,10.625,9.75,11.25],"tintindex":0,"rotation":0,"texture":"#0"}},"rotation":{"origin":[20.2,2.5171103,7.761052],"angle":-22.5,"axis":"y"}},{"from":[7.01,1.5271103,6.271053],"to":[9.99,8.507111,9.251052],"faces":{"east":{"uv":[5.375,9.375,5.75,10.25],"tintindex":0,"rotation":0,"texture":"#0"},"south":{"uv":[5.875,9.375,6.25,10.25],"tintindex":0,"rotation":0,"texture":"#0"},"north":{"uv":[4.875,9.375,5.25,10.25],"tintindex":0,"rotation":0,"texture":"#0"},"west":{"uv":[6.375,9.375,6.75,10.25],"tintindex":0,"rotation":0,"texture":"#0"},"up":{"uv":[3.375,11.5,3.0,11.125],"tintindex":0,"rotation":0,"texture":"#0"},"down":{"uv":[5.125,11.125,4.75,11.5],"tintindex":0,"rotation":0,"texture":"#0"}}}],"display":{"gui":{"rotation":[30,225,0]}}}