{"textures":{"0":"modelengine:entity/nocsy_sewer_rat"},"elements":[{"from":[4.0,4.869474,6.4914446],"to":[8.0,9.869474,11.491445],"faces":{"east":{"uv":[9.0,0.0,9.625,0.625],"tintindex":0,"rotation":0,"texture":"#0"},"south":{"uv":[9.75,0.0,10.25,0.625],"tintindex":0,"rotation":0,"texture":"#0"},"north":{"uv":[9.625,7.25,10.125,7.875],"tintindex":0,"rotation":0,"texture":"#0"},"west":{"uv":[9.0,0.75,9.625,1.375],"tintindex":0,"rotation":0,"texture":"#0"},"up":{"uv":[10.25,1.375,9.75,0.75],"tintindex":0,"rotation":0,"texture":"#0"},"down":{"uv":[10.25,1.5,9.75,2.125],"tintindex":0,"rotation":0,"texture":"#0"}}}],"display":{"gui":{"rotation":[30,225,0]}}}