{"textures":{"0":"modelengine:entity/nocsy_sewer_rat"},"elements":[{"from":[8.0,4.869474,6.4914446],"to":[12.0,9.869474,11.491445],"faces":{"east":{"uv":[9.0,1.5,9.625,2.125],"tintindex":0,"rotation":0,"texture":"#0"},"south":{"uv":[9.875,4.75,10.375,5.375],"tintindex":0,"rotation":0,"texture":"#0"},"north":{"uv":[9.75,2.25,10.25,2.875],"tintindex":0,"rotation":0,"texture":"#0"},"west":{"uv":[9.0,2.25,9.625,2.875],"tintindex":0,"rotation":0,"texture":"#0"},"up":{"uv":[10.375,6.125,9.875,5.5],"tintindex":0,"rotation":0,"texture":"#0"},"down":{"uv":[7.375,9.875,6.875,10.5],"tintindex":0,"rotation":0,"texture":"#0"}}}],"display":{"gui":{"rotation":[30,225,0]}}}