{"textures":{"0":"modelengine:entity/nocsy_sewer_rat"},"elements":[{"from":[4.5,1.3867311,5.4542885],"to":[8.5,7.386731,9.4542885],"faces":{"east":{"uv":[9.375,3.0,9.875,3.75],"tintindex":0,"rotation":0,"texture":"#0"},"south":{"uv":[9.375,3.875,9.875,4.625],"tintindex":0,"rotation":0,"texture":"#0"},"north":{"uv":[9.25,9.125,9.75,9.875],"tintindex":0,"rotation":0,"texture":"#0"},"west":{"uv":[4.25,9.375,4.75,10.125],"tintindex":0,"rotation":0,"texture":"#0"},"up":{"uv":[10.75,7.75,10.25,7.25],"tintindex":0,"rotation":0,"texture":"#0"},"down":{"uv":[10.875,0.0,10.375,0.5],"tintindex":0,"rotation":0,"texture":"#0"}}},{"from":[4.0,3.5031357,4.997905],"to":[9.0,10.503136,11.997904],"faces":{"east":{"uv":[6.625,3.0,7.5,3.875],"tintindex":0,"rotation":0,"texture":"#0"},"south":{"uv":[8.5,5.75,9.125,6.625],"tintindex":0,"rotation":0,"texture":"#0"},"north":{"uv":[6.5,8.375,7.125,9.25],"tintindex":0,"rotation":0,"texture":"#0"},"west":{"uv":[6.625,4.0,7.5,4.875],"tintindex":0,"rotation":0,"texture":"#0"},"up":{"uv":[9.25,4.0,8.625,3.125],"tintindex":0,"rotation":0,"texture":"#0"},"down":{"uv":[9.25,4.125,8.625,5.0],"tintindex":0,"rotation":0,"texture":"#0"}},"rotation":{"origin":[1.5,9.003136,9.497905],"angle":22.5,"axis":"x"}}],"display":{"gui":{"rotation":[30,225,0]}}}