{"textures":{"0":"modelengine:entity/nocsy_sewer_rat"},"elements":[{"from":[4.6024084,1.5171103,8.079018],"to":[6.6024084,3.5171103,13.079018],"faces":{"east":{"uv":[10.875,6.625,11.5,6.875],"tintindex":0,"rotation":0,"texture":"#0"},"south":{"uv":[11.5,8.875,11.75,9.125],"tintindex":0,"rotation":0,"texture":"#0"},"north":{"uv":[8.625,11.5,8.875,11.75],"tintindex":0,"rotation":0,"texture":"#0"},"west":{"uv":[10.875,7.0,11.5,7.25],"tintindex":0,"rotation":0,"texture":"#0"},"up":{"uv":[4.625,11.5,4.375,10.875],"tintindex":0,"rotation":0,"texture":"#0"},"down":{"uv":[9.375,10.875,9.125,11.5],"tintindex":0,"rotation":0,"texture":"#0"}},"rotation":{"origin":[-4.200001,2.5171103,7.761052],"angle":22.5,"axis":"y"}},{"from":[6.01,1.5271103,6.271053],"to":[8.99,8.507111,9.251052],"faces":{"east":{"uv":[2.75,9.5,3.125,10.375],"tintindex":0,"rotation":0,"texture":"#0"},"south":{"uv":[7.75,9.5,8.125,10.375],"tintindex":0,"rotation":0,"texture":"#0"},"north":{"uv":[0.75,9.5,1.125,10.375],"tintindex":0,"rotation":0,"texture":"#0"},"west":{"uv":[8.25,9.5,8.625,10.375],"tintindex":0,"rotation":0,"texture":"#0"},"up":{"uv":[5.625,11.5,5.25,11.125],"tintindex":0,"rotation":0,"texture":"#0"},"down":{"uv":[6.125,11.125,5.75,11.5],"tintindex":0,"rotation":0,"texture":"#0"}}},{"from":[6.34569,1.5071104,3.4984195],"to":[8.36569,3.5271103,8.518419],"faces":{"east":{"uv":[10.875,7.375,11.5,7.625],"tintindex":0,"rotation":0,"texture":"#0"},"south":{"uv":[11.5,9.625,11.75,9.875],"tintindex":0,"rotation":0,"texture":"#0"},"north":{"uv":[11.5,9.25,11.75,9.5],"tintindex":0,"rotation":0,"texture":"#0"},"west":{"uv":[10.125,10.875,10.75,11.125],"tintindex":0,"rotation":0,"texture":"#0"},"up":{"uv":[11.125,11.5,10.875,10.875],"tintindex":0,"rotation":0,"texture":"#0"},"down":{"uv":[0.625,11.0,0.375,11.625],"tintindex":0,"rotation":0,"texture":"#0"}}},{"from":[7.545042,1.5171103,3.792963],"to":[9.545042,3.5171103,8.792963],"faces":{"east":{"uv":[10.875,3.375,11.5,3.625],"tintindex":0,"rotation":0,"texture":"#0"},"south":{"uv":[6.25,11.5,6.5,11.75],"tintindex":0,"rotation":0,"texture":"#0"},"north":{"uv":[3.5,11.5,3.75,11.75],"tintindex":0,"rotation":0,"texture":"#0"},"west":{"uv":[10.875,3.75,11.5,4.0],"tintindex":0,"rotation":0,"texture":"#0"},"up":{"uv":[4.25,11.5,4.0,10.875],"tintindex":0,"rotation":0,"texture":"#0"},"down":{"uv":[11.125,4.125,10.875,4.75],"tintindex":0,"rotation":0,"texture":"#0"}},"rotation":{"origin":[8.0,2.5171103,7.761052],"angle":-22.5,"axis":"y"}}],"display":{"gui":{"rotation":[30,225,0]}}}