{"textures":{"0":"modelengine:entity/nocsy_sewer_rat"},"elements":[{"from":[8.701044,4.164819,2.9284391],"to":[10.701044,6.164819,7.928439],"faces":{"east":{"uv":[10.375,9.75,11.0,10.0],"tintindex":0,"rotation":0,"texture":"#0"},"south":{"uv":[11.25,10.75,11.5,11.0],"tintindex":0,"rotation":0,"texture":"#0"},"north":{"uv":[10.5,11.25,10.75,11.5],"tintindex":0,"rotation":0,"texture":"#0"},"west":{"uv":[10.375,10.125,11.0,10.375],"tintindex":0,"rotation":0,"texture":"#0"},"up":{"uv":[9.0,11.0,8.75,10.375],"tintindex":0,"rotation":0,"texture":"#0"},"down":{"uv":[1.0,10.5,0.75,11.125],"tintindex":0,"rotation":0,"texture":"#0"}},"rotation":{"origin":[8.0,5.164819,5.425927],"angle":-22.5,"axis":"y"}},{"from":[7.114916,4.1351247,2.9650664],"to":[9.114916,6.1351247,7.9650664],"faces":{"east":{"uv":[10.5,4.875,11.125,5.125],"tintindex":0,"rotation":0,"texture":"#0"},"south":{"uv":[6.75,11.375,7.0,11.625],"tintindex":0,"rotation":0,"texture":"#0"},"north":{"uv":[11.375,6.0,11.625,6.25],"tintindex":0,"rotation":0,"texture":"#0"},"west":{"uv":[10.5,5.25,11.125,5.5],"tintindex":0,"rotation":0,"texture":"#0"},"up":{"uv":[7.75,11.125,7.5,10.5],"tintindex":0,"rotation":0,"texture":"#0"},"down":{"uv":[8.125,10.5,7.875,11.125],"tintindex":0,"rotation":0,"texture":"#0"}}},{"from":[6.4955635,4.1534653,5.6758127],"to":[9.4955635,10.153465,8.675813],"faces":{"east":{"uv":[10.0,3.0,10.375,3.75],"tintindex":0,"rotation":0,"texture":"#0"},"south":{"uv":[10.0,3.875,10.375,4.625],"tintindex":0,"rotation":0,"texture":"#0"},"north":{"uv":[9.875,9.75,10.25,10.5],"tintindex":0,"rotation":0,"texture":"#0"},"west":{"uv":[9.25,10.0,9.625,10.75],"tintindex":0,"rotation":0,"texture":"#0"},"up":{"uv":[11.5,1.375,11.125,1.0],"tintindex":0,"rotation":0,"texture":"#0"},"down":{"uv":[1.5,11.125,1.125,11.5],"tintindex":0,"rotation":0,"texture":"#0"}}},{"from":[4.832264,4.1691804,6.7716913],"to":[6.832264,6.1691804,11.771691],"faces":{"east":{"uv":[2.5,10.5,3.125,10.75],"tintindex":0,"rotation":0,"texture":"#0"},"south":{"uv":[0.0,11.375,0.25,11.625],"tintindex":0,"rotation":0,"texture":"#0"},"north":{"uv":[11.25,11.125,11.5,11.375],"tintindex":0,"rotation":0,"texture":"#0"},"west":{"uv":[10.5,3.0,11.125,3.25],"tintindex":0,"rotation":0,"texture":"#0"},"up":{"uv":[10.75,4.0,10.5,3.375],"tintindex":0,"rotation":0,"texture":"#0"},"down":{"uv":[10.75,4.125,10.5,4.75],"tintindex":0,"rotation":0,"texture":"#0"}},"rotation":{"origin":[-2.0,5.164819,5.425927],"angle":22.5,"axis":"y"}}],"display":{"gui":{"rotation":[30,225,0]}}}