{"textures":{"0":"modelengine:entity/nocsy_sewer_rat"},"elements":[{"from":[7.0,7.0,8.0],"to":[9.0,9.0,16.0],"faces":{"east":{"uv":[7.75,0.5,8.75,0.75],"tintindex":0,"rotation":0,"texture":"#0"},"south":{"uv":[11.25,4.875,11.5,5.125],"tintindex":0,"rotation":0,"texture":"#0"},"north":{"uv":[11.25,4.5,11.5,4.75],"tintindex":0,"rotation":0,"texture":"#0"},"west":{"uv":[10.25,6.25,11.25,6.5],"tintindex":0,"rotation":0,"texture":"#0"},"up":{"uv":[4.125,10.625,3.875,9.625],"tintindex":0,"rotation":0,"texture":"#0"},"down":{"uv":[0.25,10.25,0.0,11.25],"tintindex":0,"rotation":0,"texture":"#0"}}}],"display":{"gui":{"rotation":[30,225,0]}}}