{"textures":{"0":"modelengine:entity/nocsy_sewer_rat"},"elements":[{"from":[6.0,6.0,7.0],"to":[9.0,9.0,16.0],"faces":{"east":{"uv":[7.75,0.0,8.875,0.375],"tintindex":0,"rotation":0,"texture":"#0"},"south":{"uv":[11.0,1.625,11.375,2.0],"tintindex":0,"rotation":0,"texture":"#0"},"north":{"uv":[11.0,0.0,11.375,0.375],"tintindex":0,"rotation":0,"texture":"#0"},"west":{"uv":[8.625,5.125,9.75,5.5],"tintindex":0,"rotation":0,"texture":"#0"},"up":{"uv":[3.375,9.375,3.0,8.25],"tintindex":0,"rotation":0,"texture":"#0"},"down":{"uv":[7.625,8.625,7.25,9.75],"tintindex":0,"rotation":0,"texture":"#0"}}}],"display":{"gui":{"rotation":[30,225,0]}}}