{"textures":{"0":"modelengine:entity/nocsy_sewer_rat"},"elements":[{"from":[5.5,5.861547,7.141542],"to":[10.5,10.861547,15.1415415],"faces":{"east":{"uv":[4.375,6.875,5.375,7.5],"tintindex":0,"rotation":0,"texture":"#0"},"south":{"uv":[8.875,7.5,9.5,8.125],"tintindex":0,"rotation":0,"texture":"#0"},"north":{"uv":[8.875,6.75,9.5,7.375],"tintindex":0,"rotation":0,"texture":"#0"},"west":{"uv":[5.5,6.875,6.5,7.5],"tintindex":0,"rotation":0,"texture":"#0"},"up":{"uv":[2.625,8.125,2.0,7.125],"tintindex":0,"rotation":0,"texture":"#0"},"down":{"uv":[3.375,7.125,2.75,8.125],"tintindex":0,"rotation":0,"texture":"#0"}}}],"display":{"gui":{"rotation":[30,225,0]}}}