{"textures":{"0":"modelengine:entity/nocsy_sewer_rat"},"elements":[{"from":[6.0,6.36429,6.162154],"to":[10.0,10.36429,16.162153],"faces":{"east":{"uv":[7.625,0.875,8.875,1.375],"tintindex":0,"rotation":0,"texture":"#0"},"south":{"uv":[1.875,10.125,2.375,10.625],"tintindex":0,"rotation":0,"texture":"#0"},"north":{"uv":[1.25,10.125,1.75,10.625],"tintindex":0,"rotation":0,"texture":"#0"},"west":{"uv":[7.625,1.5,8.875,2.0],"tintindex":0,"rotation":0,"texture":"#0"},"up":{"uv":[1.375,8.625,0.875,7.375],"tintindex":0,"rotation":0,"texture":"#0"},"down":{"uv":[8.125,2.125,7.625,3.375],"tintindex":0,"rotation":0,"texture":"#0"}}}],"display":{"gui":{"rotation":[30,225,0]}}}