{"textures":{"0":"modelengine:entity/nocsy_mountpack_ram_egg"},"elements":[{"from":[-5.5,6.6023397,-0.5],"to":[3.5,6.6023397,16.5],"faces":{"up":{"uv":[5.875,2.125,4.75,0.0],"tintindex":0,"rotation":0,"texture":"#0"},"down":{"uv":[5.875,2.25,4.75,4.375],"tintindex":0,"rotation":0,"texture":"#0"}},"rotation":{"origin":[3.5,6.6023397,3.5],"angle":-22.5,"axis":"z"}},{"from":[-1.5,6.7023396,-1.5],"to":[17.5,6.7023396,17.5],"faces":{"up":{"uv":[2.375,2.375,0.0,0.0],"tintindex":0,"rotation":0,"texture":"#0"},"down":{"uv":[2.375,2.5,0.0,4.875],"tintindex":0,"rotation":0,"texture":"#0"}},"rotation":{"origin":[8.0,6.7023396,8.0],"angle":-45.0,"axis":"y"}},{"from":[-0.5,6.6023397,-5.5],"to":[16.5,6.6023397,3.5],"faces":{"up":{"uv":[4.625,3.625,2.5,2.5],"tintindex":0,"rotation":0,"texture":"#0"},"down":{"uv":[4.625,3.75,2.5,4.875],"tintindex":0,"rotation":0,"texture":"#0"}},"rotation":{"origin":[3.5,6.6023397,3.5],"angle":22.5,"axis":"x"}},{"from":[12.5,6.6023397,-0.5],"to":[21.5,6.6023397,16.5],"faces":{"up":{"uv":[5.875,6.625,4.75,4.5],"tintindex":0,"rotation":0,"texture":"#0"},"down":{"uv":[1.125,5.0,0.0,7.125],"tintindex":0,"rotation":0,"texture":"#0"}},"rotation":{"origin":[12.5,6.6023397,3.5],"angle":22.5,"axis":"z"}},{"from":[-0.5,6.6023397,12.5],"to":[16.5,6.6023397,21.5],"faces":{"up":{"uv":[4.625,1.125,2.5,0.0],"tintindex":0,"rotation":0,"texture":"#0"},"down":{"uv":[4.625,1.25,2.5,2.375],"tintindex":0,"rotation":0,"texture":"#0"}},"rotation":{"origin":[3.5,6.6023397,12.5],"angle":-22.5,"axis":"x"}}],"display":{"gui":{"rotation":[30,225,0]}}}