{"textures":{"0":"modelengine:entity/panda"},"elements":[{"from":[-2.5,-2.249999,-4.5],"to":[18.5,14.25,10.5],"faces":{"east":{"uv":[4.625,2.125,5.5625,3.125],"tintindex":0,"rotation":0,"texture":"#0"},"south":{"uv":[3.25,2.125,4.5625,3.125],"tintindex":0,"rotation":0,"texture":"#0"},"north":{"uv":[1.3125,3.25,2.625,4.25],"tintindex":0,"rotation":0,"texture":"#0"},"west":{"uv":[5.1875,4.1875,6.125,5.1875],"tintindex":0,"rotation":0,"texture":"#0"},"up":{"uv":[4.0,4.1875,2.6875,3.25],"tintindex":0,"rotation":0,"texture":"#0"},"down":{"uv":[5.375,3.1875,4.0625,4.125],"tintindex":0,"rotation":0,"texture":"#0"}},"rotation":{"origin":[8.0,6.0,3.0],"angle":-22.5,"axis":"x"}}],"display":{"gui":{"rotation":[30,225,0]}}}