{"textures":{"0":"modelengine:entity/panda"},"elements":[{"from":[11.797807,13.269571,1.0814352],"to":[16.297806,17.769571,2.5814352],"faces":{"east":{"uv":[0.0,9.1875,0.125,9.5],"tintindex":0,"rotation":0,"texture":"#0"},"south":{"uv":[1.0625,9.125,1.375,9.4375],"tintindex":0,"rotation":0,"texture":"#0"},"north":{"uv":[6.75,9.0,7.0625,9.3125],"tintindex":0,"rotation":0,"texture":"#0"},"west":{"uv":[0.1875,9.1875,0.3125,9.5],"tintindex":0,"rotation":0,"texture":"#0"},"up":{"uv":[6.9375,2.75,6.625,2.625],"tintindex":0,"rotation":0,"texture":"#0"},"down":{"uv":[2.1875,6.75,1.875,6.875],"tintindex":0,"rotation":0,"texture":"#0"}},"rotation":{"origin":[14.047806,15.519571,1.8314352],"angle":-22.5,"axis":"z"}},{"from":[0.5454545,0.89299965,-3.4185648],"to":[15.545454,14.393,8.581435],"faces":{"east":{"uv":[3.4375,5.375,4.1875,6.25],"tintindex":0,"rotation":0,"texture":"#0"},"south":{"uv":[2.4375,5.25,3.375,6.125],"tintindex":0,"rotation":0,"texture":"#0"},"north":{"uv":[4.8125,0.0,5.75,0.875],"tintindex":0,"rotation":0,"texture":"#0"},"west":{"uv":[4.25,5.375,5.0,6.25],"tintindex":0,"rotation":0,"texture":"#0"},"up":{"uv":[6.125,6.0,5.1875,5.25],"tintindex":0,"rotation":0,"texture":"#0"},"down":{"uv":[1.9375,5.3125,1.0,6.0625],"tintindex":0,"rotation":0,"texture":"#0"}}},{"from":[-4.41543,-1.8570004,0.26440907],"to":[5.5845695,9.643,0.26440907],"faces":{"south":{"uv":[5.8125,0.0,6.4375,0.75],"tintindex":0,"rotation":0,"texture":"#0"},"north":{"uv":[0.0,5.8125,0.625,6.5625],"tintindex":0,"rotation":0,"texture":"#0"}},"rotation":{"origin":[0.58456945,3.8929996,0.26440907],"angle":22.5,"axis":"y"}},{"from":[-0.20689678,13.269571,1.0814352],"to":[4.2931023,17.769571,2.5814352],"faces":{"east":{"uv":[5.4375,1.5625,5.5625,1.875],"tintindex":0,"rotation":0,"texture":"#0"},"south":{"uv":[4.1875,9.0,4.5,9.3125],"tintindex":0,"rotation":0,"texture":"#0"},"north":{"uv":[5.75,7.625,6.0625,7.9375],"tintindex":0,"rotation":0,"texture":"#0"},"west":{"uv":[6.4375,9.125,6.5625,9.4375],"tintindex":0,"rotation":0,"texture":"#0"},"up":{"uv":[2.3125,6.0,2.0,5.875],"tintindex":0,"rotation":0,"texture":"#0"},"down":{"uv":[6.75,3.625,6.4375,3.75],"tintindex":0,"rotation":0,"texture":"#0"}},"rotation":{"origin":[2.0431027,15.519571,1.8314352],"angle":22.5,"axis":"z"}},{"from":[10.50634,-1.8570004,0.26440907],"to":[20.50634,9.643,0.26440907],"faces":{"south":{"uv":[5.75,6.0625,6.375,6.8125],"tintindex":0,"rotation":0,"texture":"#0"},"north":{"uv":[5.0625,6.0625,5.6875,6.8125],"tintindex":0,"rotation":0,"texture":"#0"}},"rotation":{"origin":[15.50634,3.8929996,0.26440907],"angle":-22.5,"axis":"y"}},{"from":[2.7954545,0.89299965,-7.918565],"to":[13.295454,8.393,-3.4185648],"faces":{"east":{"uv":[2.0,5.3125,2.3125,5.8125],"tintindex":0,"rotation":0,"texture":"#0"},"south":{"uv":[4.8125,6.875,5.5,7.375],"tintindex":0,"rotation":0,"texture":"#0"},"north":{"uv":[6.625,2.0625,7.3125,2.5625],"tintindex":0,"rotation":0,"texture":"#0"},"west":{"uv":[0.0,8.625,0.3125,9.125],"tintindex":0,"rotation":0,"texture":"#0"},"up":{"uv":[6.125,4.125,5.4375,3.8125],"tintindex":0,"rotation":0,"texture":"#0"},"down":{"uv":[6.3125,2.8125,5.625,3.125],"tintindex":0,"rotation":0,"texture":"#0"}}},{"from":[6.5454545,5.7679996,-8.293564],"to":[9.545454,8.768,-8.293564],"faces":{"south":{"uv":[6.9375,7.8125,6.75,8.0],"tintindex":0,"rotation":0,"texture":"#0"},"north":{"uv":[6.75,7.8125,6.9375,8.0],"tintindex":0,"rotation":0,"texture":"#0"}}},{"from":[6.5454545,8.768,-8.293564],"to":[9.545454,8.768,-5.293565],"faces":{"up":{"uv":[5.0,6.8125,4.8125,6.625],"tintindex":0,"rotation":0,"texture":"#0"},"down":{"uv":[5.0,6.625,4.8125,6.8125],"tintindex":0,"rotation":0,"texture":"#0"}}}],"display":{"gui":{"rotation":[30,225,0]}}}