{"textures":{"0":"modelengine:entity/panda"},"elements":[{"from":[4.312501,-1.2322845,2.3972702],"to":[11.712501,9.267715,9.89727],"faces":{"east":{"uv":[5.5625,6.875,6.0625,7.5625],"tintindex":0,"rotation":0,"texture":"#0"},"south":{"uv":[7.625,6.0,8.0625,6.6875],"tintindex":0,"rotation":0,"texture":"#0"},"north":{"uv":[7.625,5.25,8.0625,5.9375],"tintindex":0,"rotation":0,"texture":"#0"},"west":{"uv":[1.875,7.0,2.375,7.6875],"tintindex":0,"rotation":0,"texture":"#0"},"up":{"uv":[5.25,8.75,4.8125,8.25],"tintindex":0,"rotation":0,"texture":"#0"},"down":{"uv":[8.75,1.5,8.3125,2.0],"tintindex":0,"rotation":0,"texture":"#0"}},"rotation":{"origin":[8.0125,4.0177155,6.1472697],"angle":22.5,"axis":"x"}}],"display":{"gui":{"rotation":[30,225,0]}}}