{"textures":{"0":"modelengine:entity/panda"},"elements":[{"from":[4.25,3.75,1.25],"to":[11.75,8.25,8.75],"faces":{"east":{"uv":[7.25,8.625,6.75,8.9375],"tintindex":0,"rotation":0,"texture":"#0"},"south":{"uv":[4.6875,8.625,4.1875,8.9375],"tintindex":0,"rotation":0,"texture":"#0"},"north":{"uv":[2.75,8.625,2.25,8.9375],"tintindex":0,"rotation":0,"texture":"#0"},"west":{"uv":[3.3125,8.625,2.8125,8.9375],"tintindex":0,"rotation":0,"texture":"#0"},"up":{"uv":[8.125,6.5,8.625,6.0],"tintindex":0,"rotation":0,"texture":"#0"},"down":{"uv":[8.1875,0.0,8.6875,0.5],"tintindex":0,"rotation":0,"texture":"#0"}}}],"display":{"gui":{"rotation":[30,225,0]}}}