{"textures":{"0":"modelengine:entity/panda"},"elements":[{"from":[4.25,3.75,1.25],"to":[11.75,8.25,8.75],"faces":{"east":{"uv":[9.25,0.0,8.75,0.3125],"tintindex":0,"rotation":0,"texture":"#0"},"south":{"uv":[9.1875,6.0,8.6875,6.3125],"tintindex":0,"rotation":0,"texture":"#0"},"north":{"uv":[9.1875,3.8125,8.6875,4.125],"tintindex":0,"rotation":0,"texture":"#0"},"west":{"uv":[9.1875,4.1875,8.6875,4.5],"tintindex":0,"rotation":0,"texture":"#0"},"up":{"uv":[0.625,8.6875,1.125,8.1875],"tintindex":0,"rotation":0,"texture":"#0"},"down":{"uv":[1.1875,8.1875,1.6875,8.6875],"tintindex":0,"rotation":0,"texture":"#0"}}}],"display":{"gui":{"rotation":[30,225,0]}}}