{"textures":{"0":"modelengine:entity/panda"},"elements":[{"from":[4.2874994,-1.2322845,2.3972702],"to":[11.687499,9.267715,9.89727],"faces":{"east":{"uv":[2.375,7.0,1.875,7.6875],"tintindex":0,"rotation":0,"texture":"#0"},"south":{"uv":[8.0625,6.0,7.625,6.6875],"tintindex":0,"rotation":0,"texture":"#0"},"north":{"uv":[8.0625,5.25,7.625,5.9375],"tintindex":0,"rotation":0,"texture":"#0"},"west":{"uv":[6.0625,6.875,5.5625,7.5625],"tintindex":0,"rotation":0,"texture":"#0"},"up":{"uv":[4.8125,8.75,5.25,8.25],"tintindex":0,"rotation":0,"texture":"#0"},"down":{"uv":[8.3125,1.5,8.75,2.0],"tintindex":0,"rotation":0,"texture":"#0"}},"rotation":{"origin":[7.9875,4.0177155,6.1472697],"angle":22.5,"axis":"x"}}],"display":{"gui":{"rotation":[30,225,0]}}}