{"textures":{"0":"modelengine:entity/panda"},"elements":[{"from":[-5.0,19.06361,-6.7166386],"to":[-2.0,23.063608,7.7833624],"faces":{"east":{"uv":[8.1875,1.1875,9.125,1.4375],"tintindex":0,"rotation":0,"texture":"#0"},"south":{"uv":[4.5,7.125,4.6875,7.375],"tintindex":0,"rotation":0,"texture":"#0"},"north":{"uv":[4.8125,6.3125,5.0,6.5625],"tintindex":0,"rotation":0,"texture":"#0"},"west":{"uv":[8.25,2.5625,9.1875,2.8125],"tintindex":0,"rotation":0,"texture":"#0"},"up":{"uv":[6.6875,9.0625,6.5,8.125],"tintindex":0,"rotation":0,"texture":"#0"},"down":{"uv":[4.125,8.1875,3.9375,9.125],"tintindex":0,"rotation":0,"texture":"#0"}}},{"from":[-5.0,18.06361,-6.7166386],"to":[21.0,19.06361,7.7833624],"faces":{"east":{"uv":[9.1875,1.1875,10.125,1.25],"tintindex":0,"rotation":0,"texture":"#0"},"south":{"uv":[8.875,8.6875,10.5,8.75],"tintindex":0,"rotation":0,"texture":"#0"},"north":{"uv":[8.8125,1.9375,10.4375,2.0],"tintindex":0,"rotation":0,"texture":"#0"},"west":{"uv":[9.1875,1.3125,10.125,1.375],"tintindex":0,"rotation":0,"texture":"#0"},"up":{"uv":[3.1875,3.1875,1.5625,2.25],"tintindex":0,"rotation":0,"texture":"#0"},"down":{"uv":[4.75,0.0,3.125,0.9375],"tintindex":0,"rotation":0,"texture":"#0"}}},{"from":[12.582378,22.127172,7.4778395],"to":[19.582378,25.127172,8.977839],"faces":{"east":{"uv":[3.875,9.1875,4.0,9.375],"tintindex":0,"rotation":0,"texture":"#0"},"south":{"uv":[3.375,9.125,3.8125,9.3125],"tintindex":0,"rotation":0,"texture":"#0"},"north":{"uv":[7.0625,6.0,7.5,6.1875],"tintindex":0,"rotation":0,"texture":"#0"},"west":{"uv":[9.1875,7.6875,9.3125,7.875],"tintindex":0,"rotation":0,"texture":"#0"},"up":{"uv":[7.8125,9.25,7.375,9.125],"tintindex":0,"rotation":0,"texture":"#0"},"down":{"uv":[9.625,7.125,9.1875,7.25],"tintindex":0,"rotation":0,"texture":"#0"}},"rotation":{"origin":[16.082378,23.627172,8.227839],"angle":22.5,"axis":"z"}},{"from":[18.0,19.06361,-6.7166386],"to":[21.0,23.063608,7.7833624],"faces":{"east":{"uv":[8.25,2.875,9.1875,3.125],"tintindex":0,"rotation":0,"texture":"#0"},"south":{"uv":[4.1875,7.5625,4.375,7.8125],"tintindex":0,"rotation":0,"texture":"#0"},"north":{"uv":[6.75,7.5,6.9375,7.75],"tintindex":0,"rotation":0,"texture":"#0"},"west":{"uv":[7.375,8.25,8.3125,8.5],"tintindex":0,"rotation":0,"texture":"#0"},"up":{"uv":[8.0625,9.5,7.875,8.5625],"tintindex":0,"rotation":0,"texture":"#0"},"down":{"uv":[8.3125,8.5625,8.125,9.5],"tintindex":0,"rotation":0,"texture":"#0"}}},{"from":[-4.0,0.06361008,-7.7166386],"to":[20.0,18.06361,8.783362],"faces":{"east":{"uv":[0.0,3.5,1.0625,4.625],"tintindex":0,"rotation":0,"texture":"#0"},"south":{"uv":[0.0,1.1875,1.5,2.3125],"tintindex":0,"rotation":0,"texture":"#0"},"north":{"uv":[0.0,0.0,1.5,1.125],"tintindex":0,"rotation":0,"texture":"#0"},"west":{"uv":[4.0625,4.1875,5.125,5.3125],"tintindex":0,"rotation":0,"texture":"#0"},"up":{"uv":[3.0625,1.0625,1.5625,0.0],"tintindex":0,"rotation":0,"texture":"#0"},"down":{"uv":[3.0625,1.125,1.5625,2.1875],"tintindex":0,"rotation":0,"texture":"#0"}}},{"from":[18.975,20.87136,-9.44939],"to":[20.975,24.871363,-0.94938946],"faces":{"east":{"uv":[8.875,0.6875,9.4375,0.9375],"tintindex":0,"rotation":0,"texture":"#0"},"south":{"uv":[1.5,8.75,1.625,9.0],"tintindex":0,"rotation":0,"texture":"#0"},"north":{"uv":[5.5625,8.25,5.6875,8.5],"tintindex":0,"rotation":0,"texture":"#0"},"west":{"uv":[8.875,8.0,9.4375,8.25],"tintindex":0,"rotation":0,"texture":"#0"},"up":{"uv":[6.3125,6.0,6.1875,5.4375],"tintindex":0,"rotation":0,"texture":"#0"},"down":{"uv":[6.25,6.875,6.125,7.4375],"tintindex":0,"rotation":0,"texture":"#0"}},"rotation":{"origin":[19.975,22.871363,-5.1993895],"angle":22.5,"axis":"x"}},{"from":[-1.0,18.027645,6.4778395],"to":[17.0,24.027643,8.977839],"faces":{"east":{"uv":[1.3125,2.375,1.5,2.75],"tintindex":0,"rotation":0,"texture":"#0"},"south":{"uv":[6.4375,6.25,7.5625,6.625],"tintindex":0,"rotation":0,"texture":"#0"},"north":{"uv":[6.4375,0.8125,7.5625,1.1875],"tintindex":0,"rotation":0,"texture":"#0"},"west":{"uv":[1.3125,2.8125,1.5,3.1875],"tintindex":0,"rotation":0,"texture":"#0"},"up":{"uv":[9.4375,2.25,8.3125,2.0625],"tintindex":0,"rotation":0,"texture":"#0"},"down":{"uv":[9.4375,2.3125,8.3125,2.5],"tintindex":0,"rotation":0,"texture":"#0"}},"rotation":{"origin":[8.0,21.027645,7.7278395],"angle":22.5,"axis":"x"}},{"from":[21.0,3.06361,-6.7166386],"to":[21.0,9.06361,6.7833624],"faces":{"east":{"uv":[7.375,1.6875,8.25,2.0625],"tintindex":0,"rotation":0,"texture":"#0"},"west":{"uv":[7.375,2.125,8.25,2.5],"tintindex":0,"rotation":0,"texture":"#0"}}},{"from":[-5.0,9.06361,-6.7166386],"to":[-4.0,18.06361,7.7833624],"faces":{"east":{"uv":[5.4375,0.9375,6.375,1.5],"tintindex":0,"rotation":0,"texture":"#0"},"south":{"uv":[5.0625,5.375,5.125,5.9375],"tintindex":0,"rotation":0,"texture":"#0"},"north":{"uv":[1.0,4.6875,1.0625,5.25],"tintindex":0,"rotation":0,"texture":"#0"},"west":{"uv":[5.4375,3.1875,6.375,3.75],"tintindex":0,"rotation":0,"texture":"#0"},"up":{"uv":[6.375,9.5,6.3125,8.5625],"tintindex":0,"rotation":0,"texture":"#0"},"down":{"uv":[4.625,9.0,4.5625,9.9375],"tintindex":0,"rotation":0,"texture":"#0"}}},{"from":[-3.5823784,22.127172,7.4778395],"to":[3.417622,25.127172,8.977839],"faces":{"east":{"uv":[1.4375,9.25,1.5625,9.4375],"tintindex":0,"rotation":0,"texture":"#0"},"south":{"uv":[5.6875,9.125,6.125,9.3125],"tintindex":0,"rotation":0,"texture":"#0"},"north":{"uv":[5.1875,9.125,5.625,9.3125],"tintindex":0,"rotation":0,"texture":"#0"},"west":{"uv":[9.25,1.4375,9.375,1.625],"tintindex":0,"rotation":0,"texture":"#0"},"up":{"uv":[9.625,7.4375,9.1875,7.3125],"tintindex":0,"rotation":0,"texture":"#0"},"down":{"uv":[9.625,7.5,9.1875,7.625],"tintindex":0,"rotation":0,"texture":"#0"}},"rotation":{"origin":[-0.08237839,23.627172,8.227839],"angle":-22.5,"axis":"z"}},{"from":[-4.9750004,20.87136,-9.44939],"to":[-2.9750004,24.871363,-0.94938946],"faces":{"east":{"uv":[8.75,5.6875,9.3125,5.9375],"tintindex":0,"rotation":0,"texture":"#0"},"south":{"uv":[3.375,7.875,3.5,8.125],"tintindex":0,"rotation":0,"texture":"#0"},"north":{"uv":[6.4375,1.25,6.5625,1.5],"tintindex":0,"rotation":0,"texture":"#0"},"west":{"uv":[8.875,0.375,9.4375,0.625],"tintindex":0,"rotation":0,"texture":"#0"},"up":{"uv":[1.25,4.0625,1.125,3.5],"tintindex":0,"rotation":0,"texture":"#0"},"down":{"uv":[2.5625,4.3125,2.4375,4.875],"tintindex":0,"rotation":0,"texture":"#0"}},"rotation":{"origin":[-3.9750004,22.871363,-5.1993895],"angle":22.5,"axis":"x"}},{"from":[-5.0,3.06361,-6.7166386],"to":[-5.0,9.06361,6.7833624],"faces":{"east":{"uv":[3.5625,7.125,4.4375,7.5],"tintindex":0,"rotation":0,"texture":"#0"},"west":{"uv":[7.25,1.25,8.125,1.625],"tintindex":0,"rotation":0,"texture":"#0"}}},{"from":[20.0,9.06361,-6.7166386],"to":[21.0,18.06361,7.7833624],"faces":{"east":{"uv":[5.625,1.5625,6.5625,2.125],"tintindex":0,"rotation":0,"texture":"#0"},"south":{"uv":[6.1875,9.125,6.25,9.6875],"tintindex":0,"rotation":0,"texture":"#0"},"north":{"uv":[6.3125,6.875,6.375,7.4375],"tintindex":0,"rotation":0,"texture":"#0"},"west":{"uv":[5.625,2.1875,6.5625,2.75],"tintindex":0,"rotation":0,"texture":"#0"},"up":{"uv":[7.1875,9.9375,7.125,9.0],"tintindex":0,"rotation":0,"texture":"#0"},"down":{"uv":[7.3125,9.0,7.25,9.9375],"tintindex":0,"rotation":0,"texture":"#0"}}},{"from":[3.0,23.320929,7.530739],"to":[13.0,27.320929,10.030739],"faces":{"east":{"uv":[2.4375,4.9375,2.625,5.1875],"tintindex":0,"rotation":0,"texture":"#0"},"south":{"uv":[8.6875,3.5,9.3125,3.75],"tintindex":0,"rotation":0,"texture":"#0"},"north":{"uv":[8.6875,3.1875,9.3125,3.4375],"tintindex":0,"rotation":0,"texture":"#0"},"west":{"uv":[0.6875,5.8125,0.875,6.0625],"tintindex":0,"rotation":0,"texture":"#0"},"up":{"uv":[3.3125,9.1875,2.6875,9.0],"tintindex":0,"rotation":0,"texture":"#0"},"down":{"uv":[1.0,9.125,0.375,9.3125],"tintindex":0,"rotation":0,"texture":"#0"}}}],"display":{"gui":{"rotation":[30,225,0]}}}