{"textures":{"0":"modelengine:entity/kobold_assassin","1":"modelengine:entity/kobold_xbow"},"elements":[{"from":[11.002089,-4.3962345,4.606592],"to":[13.002089,-3.8962345,6.606592],"faces":{"east":{"uv":[5.225,11.275,5.025,12.225],"tintindex":0,"rotation":90,"texture":"#1"},"south":{"uv":[5.275,11.275,6.225,11.475],"tintindex":0,"rotation":0,"texture":"#1"},"north":{"uv":[11.025,8.475,11.975,8.275],"tintindex":0,"rotation":180,"texture":"#1"},"west":{"uv":[4.975,11.275,4.775,12.225],"tintindex":0,"rotation":270,"texture":"#1"},"up":{"uv":[8.725,10.275,7.775,11.225],"tintindex":0,"rotation":0,"texture":"#1"},"down":{"uv":[6.225,10.275,5.275,11.225],"tintindex":0,"rotation":180,"texture":"#1"}},"rotation":{"origin":[13.002089,-4.1462345,5.606592],"angle":22.5,"axis":"z"}},{"from":[9.75,-2.6425714,4.106592],"to":[10.75,10.8574295,5.606592],"faces":{"east":{"uv":[0.025,0.025,6.725,0.725],"tintindex":0,"rotation":90,"texture":"#1"},"south":{"uv":[0.975,3.025,0.525,9.725],"tintindex":0,"rotation":0,"texture":"#1"},"north":{"uv":[0.475,9.725,0.025,3.025],"tintindex":0,"rotation":180,"texture":"#1"},"west":{"uv":[0.025,0.775,6.725,1.475],"tintindex":0,"rotation":270,"texture":"#1"},"up":{"uv":[4.275,9.275,4.725,9.975],"tintindex":0,"rotation":0,"texture":"#1"},"down":{"uv":[6.275,9.025,6.725,9.725],"tintindex":0,"rotation":180,"texture":"#1"}}},{"from":[8.75,5.3574286,6.606592],"to":[9.75,9.357429,7.606592],"faces":{"east":{"uv":[6.775,2.525,8.725,2.975],"tintindex":0,"rotation":90,"texture":"#1"},"south":{"uv":[7.725,10.025,7.275,11.975],"tintindex":0,"rotation":0,"texture":"#1"},"north":{"uv":[6.725,5.975,6.275,4.025],"tintindex":0,"rotation":180,"texture":"#1"},"west":{"uv":[10.025,8.525,11.975,8.975],"tintindex":0,"rotation":270,"texture":"#1"},"up":{"uv":[4.025,11.275,4.475,11.725],"tintindex":0,"rotation":0,"texture":"#1"},"down":{"uv":[3.525,11.275,3.975,11.725],"tintindex":0,"rotation":180,"texture":"#1"}}},{"from":[8.25,5.8574286,5.606592],"to":[10.25,8.357429,6.606592],"faces":{"east":{"uv":[11.025,1.775,12.225,2.225],"tintindex":0,"rotation":90,"texture":"#1"},"south":{"uv":[10.975,3.775,10.025,4.975],"tintindex":0,"rotation":0,"texture":"#1"},"north":{"uv":[10.975,3.725,10.025,2.525],"tintindex":0,"rotation":180,"texture":"#1"},"west":{"uv":[11.025,2.275,12.225,2.725],"tintindex":0,"rotation":270,"texture":"#1"},"up":{"uv":[11.025,4.275,11.975,4.725],"tintindex":0,"rotation":0,"texture":"#1"},"down":{"uv":[11.025,3.775,11.975,4.225],"tintindex":0,"rotation":180,"texture":"#1"}}},{"from":[1.9191761,-2.7783976,3.6065922],"to":[5.919176,-0.77839756,5.606592],"faces":{"east":{"uv":[6.275,10.025,7.225,10.975],"tintindex":0,"rotation":90,"texture":"#1"},"south":{"uv":[9.975,6.025,8.025,6.975],"tintindex":0,"rotation":0,"texture":"#1"},"north":{"uv":[9.975,5.975,8.025,5.025],"tintindex":0,"rotation":180,"texture":"#1"},"west":{"uv":[10.025,6.525,10.975,7.475],"tintindex":0,"rotation":270,"texture":"#1"},"up":{"uv":[8.025,4.025,9.975,4.975],"tintindex":0,"rotation":0,"texture":"#1"},"down":{"uv":[6.775,1.525,8.725,2.475],"tintindex":0,"rotation":180,"texture":"#1"}},"rotation":{"origin":[4.669176,-1.2783976,4.356592],"angle":-22.5,"axis":"z"}},{"from":[5.4979115,-4.3962345,4.606592],"to":[7.4979115,-3.8962345,6.606592],"faces":{"east":{"uv":[4.775,11.275,4.975,12.225],"tintindex":0,"rotation":90,"texture":"#1"},"south":{"uv":[6.225,11.275,5.275,11.475],"tintindex":0,"rotation":0,"texture":"#1"},"north":{"uv":[11.975,8.475,11.025,8.275],"tintindex":0,"rotation":180,"texture":"#1"},"west":{"uv":[5.025,11.275,5.225,12.225],"tintindex":0,"rotation":270,"texture":"#1"},"up":{"uv":[7.775,10.275,8.725,11.225],"tintindex":0,"rotation":0,"texture":"#1"},"down":{"uv":[5.275,10.275,6.225,11.225],"tintindex":0,"rotation":180,"texture":"#1"}},"rotation":{"origin":[5.4979115,-4.1462345,5.606592],"angle":-22.5,"axis":"z"}},{"from":[10.25,-4.6425714,4.606592],"to":[10.75,-2.6425714,5.606592],"faces":{"east":{"uv":[11.025,7.275,11.975,7.725],"tintindex":0,"rotation":90,"texture":"#1"},"south":{"uv":[4.725,11.275,4.525,12.225],"tintindex":0,"rotation":0,"texture":"#1"},"north":{"uv":[1.975,11.975,1.775,11.025],"tintindex":0,"rotation":180,"texture":"#1"},"west":{"uv":[11.025,7.775,11.975,8.225],"tintindex":0,"rotation":270,"texture":"#1"},"up":{"uv":[8.275,11.275,8.475,11.725],"tintindex":0,"rotation":0,"texture":"#1"},"down":{"uv":[8.025,11.275,8.225,11.725],"tintindex":0,"rotation":180,"texture":"#1"}}},{"from":[9.0,6.5,6.5],"to":[10.0,8.0,8.5],"faces":{"east":{"uv":[8.5125,11.5125,8.9875,11.8625],"tintindex":0,"rotation":0,"texture":"#0"},"south":{"uv":[7.0125,2.2625,7.2375,2.6125],"tintindex":0,"rotation":0,"texture":"#0"},"north":{"uv":[4.7625,3.5125,4.9875,3.8625],"tintindex":0,"rotation":0,"texture":"#0"},"west":{"uv":[0.0125,11.6375,0.4875,11.9875],"tintindex":0,"rotation":0,"texture":"#0"},"up":{"uv":[12.1125,2.9875,11.8875,2.5125],"tintindex":0,"rotation":0,"texture":"#0"},"down":{"uv":[2.8625,11.8875,2.6375,12.3625],"tintindex":0,"rotation":0,"texture":"#0"}}},{"from":[5.25,-3.1425714,3.1065922],"to":[7.75,-0.6425705,5.606592],"faces":{"east":{"uv":[8.775,2.775,9.975,3.975],"tintindex":0,"rotation":90,"texture":"#1"},"south":{"uv":[10.475,9.025,9.275,10.225],"tintindex":0,"rotation":0,"texture":"#1"},"north":{"uv":[4.225,10.475,3.025,9.275],"tintindex":0,"rotation":180,"texture":"#1"},"west":{"uv":[8.025,9.025,9.225,10.225],"tintindex":0,"rotation":270,"texture":"#1"},"up":{"uv":[5.025,9.025,6.225,10.225],"tintindex":0,"rotation":0,"texture":"#1"},"down":{"uv":[8.775,1.525,9.975,2.725],"tintindex":0,"rotation":180,"texture":"#1"}}},{"from":[-2.311634,-2.874401,4.106592],"to":[-0.31163406,-0.3744011,5.106592],"faces":{"east":{"uv":[0.025,11.025,1.225,11.475],"tintindex":0,"rotation":90,"texture":"#1"},"south":{"uv":[10.975,1.275,10.025,2.475],"tintindex":0,"rotation":0,"texture":"#1"},"north":{"uv":[1.975,10.975,1.025,9.775],"tintindex":0,"rotation":180,"texture":"#1"},"west":{"uv":[11.025,1.275,12.225,1.725],"tintindex":0,"rotation":270,"texture":"#1"},"up":{"uv":[11.025,3.275,11.975,3.725],"tintindex":0,"rotation":0,"texture":"#1"},"down":{"uv":[11.025,2.775,11.975,3.225],"tintindex":0,"rotation":180,"texture":"#1"}},"rotation":{"origin":[2.438366,-0.3744011,4.356592],"angle":-45.0,"axis":"z"}},{"from":[8.25,-0.1425705,5.606592],"to":[10.25,5.8574286,7.106592],"faces":{"east":{"uv":[6.775,0.025,9.725,0.725],"tintindex":0,"rotation":90,"texture":"#1"},"south":{"uv":[6.975,6.025,6.025,8.975],"tintindex":0,"rotation":0,"texture":"#1"},"north":{"uv":[5.975,8.975,5.025,6.025],"tintindex":0,"rotation":180,"texture":"#1"},"west":{"uv":[6.775,0.775,9.725,1.475],"tintindex":0,"rotation":270,"texture":"#1"},"up":{"uv":[2.025,10.775,2.975,11.475],"tintindex":0,"rotation":0,"texture":"#1"},"down":{"uv":[10.775,0.525,11.725,1.225],"tintindex":0,"rotation":180,"texture":"#1"}}},{"from":[7.75,-4.6425714,4.606592],"to":[8.25,-2.6425714,5.606592],"faces":{"east":{"uv":[6.275,11.025,7.225,11.475],"tintindex":0,"rotation":90,"texture":"#1"},"south":{"uv":[4.975,9.275,4.775,10.225],"tintindex":0,"rotation":0,"texture":"#1"},"north":{"uv":[6.975,9.975,6.775,9.025],"tintindex":0,"rotation":180,"texture":"#1"},"west":{"uv":[11.025,6.775,11.975,7.225],"tintindex":0,"rotation":270,"texture":"#1"},"up":{"uv":[7.775,11.275,7.975,11.725],"tintindex":0,"rotation":0,"texture":"#1"},"down":{"uv":[4.025,10.525,4.225,10.975],"tintindex":0,"rotation":180,"texture":"#1"}}},{"from":[-1.3116341,-0.3744011,4.106592],"to":[-0.81163406,11.625599,4.106592],"faces":{"south":{"uv":[7.975,4.025,7.525,9.975],"tintindex":0,"rotation":0,"texture":"#1"},"north":{"uv":[7.475,9.975,7.025,4.025],"tintindex":0,"rotation":180,"texture":"#1"}},"rotation":{"origin":[2.438366,-0.3744011,3.8565922],"angle":-45.0,"axis":"z"}},{"from":[8.0,5.5,6.5],"to":[9.0,8.0,9.5],"faces":{"east":{"uv":[8.1375,9.8875,8.8625,10.4875],"tintindex":0,"rotation":0,"texture":"#0"},"south":{"uv":[9.8875,11.6375,10.1125,12.2375],"tintindex":0,"rotation":0,"texture":"#0"},"north":{"uv":[9.6375,11.6375,9.8625,12.2375],"tintindex":0,"rotation":0,"texture":"#0"},"west":{"uv":[10.0125,0.0125,10.7375,0.6125],"tintindex":0,"rotation":0,"texture":"#0"},"up":{"uv":[1.6125,4.6125,1.3875,3.8875],"tintindex":0,"rotation":0,"texture":"#0"},"down":{"uv":[1.3625,5.8875,1.1375,6.6125],"tintindex":0,"rotation":0,"texture":"#0"}}},{"from":[2.419176,-7.2783976,4.606592],"to":[5.419176,-2.7783976,4.606592],"faces":{"south":{"uv":[13.725,0.275,12.275,2.475],"tintindex":0,"rotation":0,"texture":"#1"},"north":{"uv":[13.725,2.475,12.275,0.275],"tintindex":0,"rotation":180,"texture":"#1"}},"rotation":{"origin":[4.669176,-1.2783976,4.356592],"angle":-22.5,"axis":"z"}},{"from":[8.560659,4.646446,6.45],"to":[10.560659,6.146446,9.45],"faces":{"east":{"uv":[11.0125,5.0125,11.7375,5.3625],"tintindex":0,"rotation":0,"texture":"#0"},"south":{"uv":[8.0125,11.5125,8.4875,11.8625],"tintindex":0,"rotation":0,"texture":"#0"},"north":{"uv":[11.5125,7.7625,11.9875,8.1125],"tintindex":0,"rotation":0,"texture":"#0"},"west":{"uv":[11.0125,5.3875,11.7375,5.7375],"tintindex":0,"rotation":0,"texture":"#0"},"up":{"uv":[10.2375,11.1125,9.7625,10.3875],"tintindex":0,"rotation":0,"texture":"#0"},"down":{"uv":[10.8625,10.0125,10.3875,10.7375],"tintindex":0,"rotation":0,"texture":"#0"}},"rotation":{"origin":[9.060659,5.146446,7.0],"angle":45.0,"axis":"z"}},{"from":[18.811634,-2.874401,4.106592],"to":[20.811634,-0.3744011,5.106592],"faces":{"east":{"uv":[12.225,1.275,11.025,1.725],"tintindex":0,"rotation":90,"texture":"#1"},"south":{"uv":[10.025,1.275,10.975,2.475],"tintindex":0,"rotation":0,"texture":"#1"},"north":{"uv":[1.025,10.975,1.975,9.775],"tintindex":0,"rotation":180,"texture":"#1"},"west":{"uv":[1.225,11.025,0.025,11.475],"tintindex":0,"rotation":270,"texture":"#1"},"up":{"uv":[11.975,3.275,11.025,3.725],"tintindex":0,"rotation":0,"texture":"#1"},"down":{"uv":[11.975,2.775,11.025,3.225],"tintindex":0,"rotation":180,"texture":"#1"}},"rotation":{"origin":[16.061634,-0.3744011,4.356592],"angle":45.0,"axis":"z"}},{"from":[10.75,-3.1425714,3.1065922],"to":[13.25,-0.6425705,5.606592],"faces":{"east":{"uv":[9.225,9.025,8.025,10.225],"tintindex":0,"rotation":90,"texture":"#1"},"south":{"uv":[9.275,9.025,10.475,10.225],"tintindex":0,"rotation":0,"texture":"#1"},"north":{"uv":[3.025,10.475,4.225,9.275],"tintindex":0,"rotation":180,"texture":"#1"},"west":{"uv":[9.975,2.775,8.775,3.975],"tintindex":0,"rotation":270,"texture":"#1"},"up":{"uv":[6.225,9.025,5.025,10.225],"tintindex":0,"rotation":0,"texture":"#1"},"down":{"uv":[9.975,1.525,8.775,2.725],"tintindex":0,"rotation":180,"texture":"#1"}}},{"from":[8.25,7.803994,5.8888936],"to":[10.25,14.303995,7.8888936],"faces":{"east":{"uv":[3.025,4.025,6.225,4.975],"tintindex":0,"rotation":90,"texture":"#1"},"south":{"uv":[4.975,6.025,4.025,9.225],"tintindex":0,"rotation":0,"texture":"#1"},"north":{"uv":[3.975,9.225,3.025,6.025],"tintindex":0,"rotation":180,"texture":"#1"},"west":{"uv":[3.025,5.025,6.225,5.975],"tintindex":0,"rotation":270,"texture":"#1"},"up":{"uv":[4.275,10.275,5.225,11.225],"tintindex":0,"rotation":0,"texture":"#1"},"down":{"uv":[10.025,7.525,10.975,8.475],"tintindex":0,"rotation":180,"texture":"#1"}},"rotation":{"origin":[9.25,11.303995,6.6388936],"angle":22.5,"axis":"x"}},{"from":[8.75,-2.6425714,4.606592],"to":[9.75,10.8574295,5.606592],"faces":{"east":{"uv":[2.025,3.025,8.725,3.475],"tintindex":0,"rotation":90,"texture":"#1"},"south":{"uv":[2.975,4.025,2.525,10.725],"tintindex":0,"rotation":0,"texture":"#1"},"north":{"uv":[2.475,10.725,2.025,4.025],"tintindex":0,"rotation":180,"texture":"#1"},"west":{"uv":[2.025,3.525,8.725,3.975],"tintindex":0,"rotation":270,"texture":"#1"},"up":{"uv":[3.025,11.275,3.475,11.725],"tintindex":0,"rotation":0,"texture":"#1"},"down":{"uv":[10.775,11.025,11.225,11.475],"tintindex":0,"rotation":180,"texture":"#1"}}},{"from":[7.25,-5.1425714,4.606592],"to":[11.25,-4.6425714,6.606592],"faces":{"east":{"uv":[6.775,4.025,6.975,4.975],"tintindex":0,"rotation":90,"texture":"#1"},"south":{"uv":[12.975,6.525,11.025,6.725],"tintindex":0,"rotation":0,"texture":"#1"},"north":{"uv":[12.975,4.975,11.025,4.775],"tintindex":0,"rotation":180,"texture":"#1"},"west":{"uv":[6.775,5.025,6.975,5.975],"tintindex":0,"rotation":270,"texture":"#1"},"up":{"uv":[8.025,8.025,9.975,8.975],"tintindex":0,"rotation":0,"texture":"#1"},"down":{"uv":[8.025,7.025,9.975,7.975],"tintindex":0,"rotation":180,"texture":"#1"}}},{"from":[15.518742,-1.1672935,4.106592],"to":[18.518742,0.33270597,5.106592],"faces":{"east":{"uv":[10.725,11.025,10.025,11.475],"tintindex":0,"rotation":90,"texture":"#1"},"south":{"uv":[10.025,5.775,11.475,6.475],"tintindex":0,"rotation":0,"texture":"#1"},"north":{"uv":[10.025,5.725,11.475,5.025],"tintindex":0,"rotation":180,"texture":"#1"},"west":{"uv":[9.975,11.025,9.275,11.475],"tintindex":0,"rotation":270,"texture":"#1"},"up":{"uv":[12.225,0.025,10.775,0.475],"tintindex":0,"rotation":0,"texture":"#1"},"down":{"uv":[11.975,9.775,10.525,10.225],"tintindex":0,"rotation":180,"texture":"#1"}},"rotation":{"origin":[16.768742,0.33270597,4.356592],"angle":45.0,"axis":"z"}},{"from":[8.25,9.357429,3.6065922],"to":[10.25,11.8574295,5.106592],"faces":{"east":{"uv":[8.775,10.275,9.975,10.975],"tintindex":0,"rotation":90,"texture":"#1"},"south":{"uv":[10.725,0.025,9.775,1.225],"tintindex":0,"rotation":0,"texture":"#1"},"north":{"uv":[0.975,10.975,0.025,9.775],"tintindex":0,"rotation":180,"texture":"#1"},"west":{"uv":[10.025,10.275,11.225,10.975],"tintindex":0,"rotation":270,"texture":"#1"},"up":{"uv":[10.525,9.025,11.475,9.725],"tintindex":0,"rotation":0,"texture":"#1"},"down":{"uv":[3.025,10.525,3.975,11.225],"tintindex":0,"rotation":180,"texture":"#1"}}},{"from":[7.75,-2.6425714,4.106592],"to":[8.75,10.8574295,5.606592],"faces":{"east":{"uv":[0.025,1.525,6.725,2.225],"tintindex":0,"rotation":90,"texture":"#1"},"south":{"uv":[1.975,3.025,1.525,9.725],"tintindex":0,"rotation":0,"texture":"#1"},"north":{"uv":[1.475,9.725,1.025,3.025],"tintindex":0,"rotation":180,"texture":"#1"},"west":{"uv":[0.025,2.275,6.725,2.975],"tintindex":0,"rotation":270,"texture":"#1"},"up":{"uv":[8.775,11.025,9.225,11.725],"tintindex":0,"rotation":0,"texture":"#1"},"down":{"uv":[1.275,11.025,1.725,11.725],"tintindex":0,"rotation":180,"texture":"#1"}}},{"from":[13.080824,-7.2783976,4.606592],"to":[16.080824,-2.7783976,4.606592],"faces":{"south":{"uv":[12.275,0.275,13.725,2.475],"tintindex":0,"rotation":0,"texture":"#1"},"north":{"uv":[12.275,2.475,13.725,0.275],"tintindex":0,"rotation":180,"texture":"#1"}},"rotation":{"origin":[13.830824,-1.2783976,4.356592],"angle":22.5,"axis":"z"}},{"from":[12.580824,-2.7783976,3.6065922],"to":[16.580824,-0.77839756,5.606592],"faces":{"east":{"uv":[10.975,6.525,10.025,7.475],"tintindex":0,"rotation":90,"texture":"#1"},"south":{"uv":[8.025,6.025,9.975,6.975],"tintindex":0,"rotation":0,"texture":"#1"},"north":{"uv":[8.025,5.975,9.975,5.025],"tintindex":0,"rotation":180,"texture":"#1"},"west":{"uv":[7.225,10.025,6.275,10.975],"tintindex":0,"rotation":270,"texture":"#1"},"up":{"uv":[9.975,4.025,8.025,4.975],"tintindex":0,"rotation":0,"texture":"#1"},"down":{"uv":[8.725,1.525,6.775,2.475],"tintindex":0,"rotation":180,"texture":"#1"}},"rotation":{"origin":[13.830824,-1.2783976,4.356592],"angle":22.5,"axis":"z"}},{"from":[-0.018741608,-1.1672935,4.106592],"to":[2.9812584,0.33270597,5.106592],"faces":{"east":{"uv":[9.275,11.025,9.975,11.475],"tintindex":0,"rotation":90,"texture":"#1"},"south":{"uv":[11.475,5.775,10.025,6.475],"tintindex":0,"rotation":0,"texture":"#1"},"north":{"uv":[11.475,5.725,10.025,5.025],"tintindex":0,"rotation":180,"texture":"#1"},"west":{"uv":[10.025,11.025,10.725,11.475],"tintindex":0,"rotation":270,"texture":"#1"},"up":{"uv":[10.775,0.025,12.225,0.475],"tintindex":0,"rotation":0,"texture":"#1"},"down":{"uv":[10.525,9.775,11.975,10.225],"tintindex":0,"rotation":180,"texture":"#1"}},"rotation":{"origin":[1.7312584,0.33270597,4.356592],"angle":-45.0,"axis":"z"}},{"from":[19.311634,-0.3744011,4.106592],"to":[19.811634,11.625599,4.106592],"faces":{"south":{"uv":[7.525,4.025,7.975,9.975],"tintindex":0,"rotation":0,"texture":"#1"},"north":{"uv":[7.025,9.975,7.475,4.025],"tintindex":0,"rotation":180,"texture":"#1"}},"rotation":{"origin":[16.061634,-0.3744011,3.8565922],"angle":45.0,"axis":"z"}}],"display":{"gui":{"rotation":[30,225,0]}}}