{"textures":{"0":"modelengine:entity/kobold_assassin","2":"modelengine:entity/kobold_dagger","3":"modelengine:entity/kobold_assassin_swipe"},"elements":[{"from":[6.0,6.0,9.5],"to":[7.5,9.0,11.0],"faces":{"east":{"uv":[2.25,4.75,3.0,6.25],"tintindex":0,"rotation":0,"texture":"#2"},"south":{"uv":[3.0,4.75,3.75,6.25],"tintindex":0,"rotation":0,"texture":"#2"},"north":{"uv":[1.5,4.75,2.25,6.25],"tintindex":0,"rotation":0,"texture":"#2"},"west":{"uv":[3.75,4.75,4.5,6.25],"tintindex":0,"rotation":0,"texture":"#2"},"up":{"uv":[6.0,0.75,5.25,0.0],"tintindex":0,"rotation":0,"texture":"#2"},"down":{"uv":[6.0,0.75,5.25,1.5],"tintindex":0,"rotation":0,"texture":"#2"}}},{"from":[6.25,6.0,4.0],"to":[7.25,7.5,9.5],"faces":{"east":{"uv":[0.0,4.0,2.75,4.75],"tintindex":0,"rotation":0,"texture":"#2"},"south":{"uv":[6.0,0.0,6.5,0.75],"tintindex":0,"rotation":0,"texture":"#2"},"north":{"uv":[5.75,5.5,6.25,6.25],"tintindex":0,"rotation":0,"texture":"#2"},"west":{"uv":[2.75,4.0,5.5,4.75],"tintindex":0,"rotation":0,"texture":"#2"},"up":{"uv":[0.5,7.5,0.0,4.75],"tintindex":0,"rotation":0,"texture":"#2"},"down":{"uv":[1.0,4.75,0.5,7.5],"tintindex":0,"rotation":0,"texture":"#2"}}},{"from":[6.75,8.5,11.0],"to":[6.75,19.5,22.0],"faces":{"east":{"uv":[0.0,0.0,16.0,16.0],"tintindex":0,"rotation":270,"texture":"#3"},"south":{"uv":[1.25,10.0,1.0,4.75],"tintindex":0,"rotation":0,"texture":"#3"},"north":{"uv":[1.5,4.75,1.25,10.0],"tintindex":0,"rotation":180,"texture":"#3"},"west":{"uv":[16.0,0.0,0.0,16.0],"tintindex":0,"rotation":90,"texture":"#3"},"up":{"uv":[5.25,1.5,5.5,3.5],"tintindex":0,"rotation":180,"texture":"#3"},"down":{"uv":[5.5,1.5,5.75,3.5],"tintindex":0,"rotation":0,"texture":"#3"}}},{"from":[6.5,4.5,9.5],"to":[7.0,8.5,20.0],"faces":{"east":{"uv":[0.0,0.0,5.25,2.0],"tintindex":0,"rotation":0,"texture":"#2"},"south":{"uv":[5.5,1.5,5.75,3.5],"tintindex":0,"rotation":0,"texture":"#2"},"north":{"uv":[5.25,1.5,5.5,3.5],"tintindex":0,"rotation":0,"texture":"#2"},"west":{"uv":[5.25,0.0,0.0,2.0],"tintindex":0,"rotation":0,"texture":"#2"},"up":{"uv":[1.25,10.0,1.0,4.75],"tintindex":0,"rotation":0,"texture":"#2"},"down":{"uv":[1.5,4.75,1.25,10.0],"tintindex":0,"rotation":0,"texture":"#2"}}},{"from":[6.0,6.5,6.5],"to":[7.0,8.0,8.5],"faces":{"east":{"uv":[0.4875,11.6375,0.0125,11.9875],"tintindex":0,"rotation":0,"texture":"#0"},"south":{"uv":[7.2375,2.2625,7.0125,2.6125],"tintindex":0,"rotation":0,"texture":"#0"},"north":{"uv":[4.9875,3.5125,4.7625,3.8625],"tintindex":0,"rotation":0,"texture":"#0"},"west":{"uv":[8.9875,11.5125,8.5125,11.8625],"tintindex":0,"rotation":0,"texture":"#0"},"up":{"uv":[11.8875,2.9875,12.1125,2.5125],"tintindex":0,"rotation":0,"texture":"#0"},"down":{"uv":[2.6375,11.8875,2.8625,12.3625],"tintindex":0,"rotation":0,"texture":"#0"}}},{"from":[5.4393396,4.6464467,6.45],"to":[7.4393406,6.1464467,9.45],"faces":{"east":{"uv":[11.7375,5.3875,11.0125,5.7375],"tintindex":0,"rotation":0,"texture":"#0"},"south":{"uv":[8.4875,11.5125,8.0125,11.8625],"tintindex":0,"rotation":0,"texture":"#0"},"north":{"uv":[11.9875,7.7625,11.5125,8.1125],"tintindex":0,"rotation":0,"texture":"#0"},"west":{"uv":[11.7375,5.0125,11.0125,5.3625],"tintindex":0,"rotation":0,"texture":"#0"},"up":{"uv":[9.7625,11.1125,10.2375,10.3875],"tintindex":0,"rotation":0,"texture":"#0"},"down":{"uv":[10.3875,10.0125,10.8625,10.7375],"tintindex":0,"rotation":0,"texture":"#0"}},"rotation":{"origin":[6.9393396,5.1464467,7.0],"angle":-45.0,"axis":"z"}},{"from":[6.5,6.5,21.0],"to":[7.0,8.5,22.0],"faces":{"east":{"uv":[5.5,3.5,6.0,4.5],"tintindex":0,"rotation":0,"texture":"#2"},"south":{"uv":[6.0,1.75,6.25,2.75],"tintindex":0,"rotation":0,"texture":"#2"},"north":{"uv":[6.0,0.75,6.25,1.75],"tintindex":0,"rotation":0,"texture":"#2"},"west":{"uv":[6.0,3.5,5.5,4.5],"tintindex":0,"rotation":0,"texture":"#2"},"up":{"uv":[6.25,3.25,6.0,2.75],"tintindex":0,"rotation":0,"texture":"#2"},"down":{"uv":[6.25,3.25,6.0,3.75],"tintindex":0,"rotation":0,"texture":"#2"}}},{"from":[7.0,5.5,6.5],"to":[8.0,8.0,9.5],"faces":{"east":{"uv":[10.7375,0.0125,10.0125,0.6125],"tintindex":0,"rotation":0,"texture":"#0"},"south":{"uv":[10.1125,11.6375,9.8875,12.2375],"tintindex":0,"rotation":0,"texture":"#0"},"north":{"uv":[9.8625,11.6375,9.6375,12.2375],"tintindex":0,"rotation":0,"texture":"#0"},"west":{"uv":[8.8625,9.8875,8.1375,10.4875],"tintindex":0,"rotation":0,"texture":"#0"},"up":{"uv":[1.3875,4.6125,1.6125,3.8875],"tintindex":0,"rotation":0,"texture":"#0"},"down":{"uv":[1.1375,5.8875,1.3625,6.6125],"tintindex":0,"rotation":0,"texture":"#0"}}},{"from":[6.5,5.5,20.0],"to":[7.0,8.5,21.0],"faces":{"east":{"uv":[4.5,4.75,5.0,6.25],"tintindex":0,"rotation":0,"texture":"#2"},"south":{"uv":[5.75,1.5,6.0,3.0],"tintindex":0,"rotation":0,"texture":"#2"},"north":{"uv":[5.5,5.5,5.75,7.0],"tintindex":0,"rotation":0,"texture":"#2"},"west":{"uv":[5.0,4.75,4.5,6.25],"tintindex":0,"rotation":0,"texture":"#2"},"up":{"uv":[5.5,4.0,5.25,3.5],"tintindex":0,"rotation":0,"texture":"#2"},"down":{"uv":[6.0,3.0,5.75,3.5],"tintindex":0,"rotation":0,"texture":"#2"}}}],"display":{"gui":{"rotation":[30,225,0]}}}