{"textures":{"0":"modelengine:entity/nocsy_mount_lizard"},"elements":[{"from":[2.49,0.49,-1.01],"to":[13.51,13.509999,14.01],"faces":{"east":{"uv":[1.9375,3.6875,1.0,4.5],"tintindex":0,"rotation":0,"texture":"#0"},"south":{"uv":[5.0625,2.0,4.375,2.8125],"tintindex":0,"rotation":0,"texture":"#0"},"north":{"uv":[5.0625,2.875,4.375,3.6875],"tintindex":0,"rotation":0,"texture":"#0"},"west":{"uv":[1.0,3.6875,1.9375,4.5],"tintindex":0,"rotation":0,"texture":"#0"},"up":{"uv":[4.4375,0.0,3.75,0.9375],"tintindex":0,"rotation":0,"texture":"#0"},"down":{"uv":[4.4375,1.9375,3.75,1.0],"tintindex":0,"rotation":0,"texture":"#0"}}},{"from":[2.51,1.9286339,11.141955],"to":[13.49,14.908633,21.121954],"faces":{"east":{"uv":[5.125,4.75,4.5,5.5625],"tintindex":0,"rotation":0,"texture":"#0"},"south":{"uv":[5.1875,0.0,4.5,0.8125],"tintindex":0,"rotation":0,"texture":"#0"},"north":{"uv":[5.1875,0.875,4.5,1.6875],"tintindex":0,"rotation":0,"texture":"#0"},"west":{"uv":[4.5,4.75,5.125,5.5625],"tintindex":0,"rotation":0,"texture":"#0"},"up":{"uv":[2.9375,5.375,2.25,6.0],"tintindex":0,"rotation":0,"texture":"#0"},"down":{"uv":[5.875,6.0,5.1875,5.375],"tintindex":0,"rotation":0,"texture":"#0"}},"rotation":{"origin":[8.0,8.418633,16.131954],"angle":-22.5,"axis":"x"}},{"from":[8.0,9.5,-1.0],"to":[8.0,30.5,19.0],"faces":{"east":{"uv":[1.25,0.0,0.0,1.3125],"tintindex":0,"rotation":0,"texture":"#0"},"west":{"uv":[2.5625,0.0,1.3125,1.3125],"tintindex":0,"rotation":0,"texture":"#0"}}}],"display":{"gui":{"rotation":[30,225,0]}}}