{"textures":{"0":"modelengine:entity/nocsy_mount_lizard"},"elements":[{"from":[3.501,10.924791,-4.0394497],"to":[12.500999,13.924791,-4.0394497],"faces":{"south":{"uv":[4.0625,8.25,4.625,8.4375],"tintindex":0,"rotation":0,"texture":"#0"},"north":{"uv":[4.625,8.25,4.0625,8.4375],"tintindex":0,"rotation":0,"texture":"#0"}}},{"from":[4.0,10.721947,-2.3055382],"to":[12.0,15.721947,5.694462],"faces":{"east":{"uv":[4.1875,7.8125,3.6875,8.125],"tintindex":0,"rotation":0,"texture":"#0"},"south":{"uv":[3.625,7.8125,3.125,8.125],"tintindex":0,"rotation":0,"texture":"#0"},"north":{"uv":[4.75,7.875,4.25,8.1875],"tintindex":0,"rotation":0,"texture":"#0"},"west":{"uv":[8.375,5.125,7.875,5.4375],"tintindex":0,"rotation":0,"texture":"#0"},"up":{"uv":[7.6875,2.4375,7.1875,2.9375],"tintindex":0,"rotation":0,"texture":"#0"},"down":{"uv":[5.4375,7.6875,4.9375,7.1875],"tintindex":0,"rotation":0,"texture":"#0"}},"rotation":{"origin":[8.0,7.2219467,1.6944618],"angle":-22.5,"axis":"x"}},{"from":[2.0531456,13.135656,2.9045293],"to":[6.0331454,15.115656,5.884529],"faces":{"east":{"uv":[8.75,0.5,8.9375,0.625],"tintindex":0,"rotation":0,"texture":"#0"},"south":{"uv":[9.25,1.75,9.5,1.875],"tintindex":0,"rotation":0,"texture":"#0"},"north":{"uv":[9.25,4.3125,9.5,4.4375],"tintindex":0,"rotation":0,"texture":"#0"},"west":{"uv":[8.1875,0.25,8.375,0.375],"tintindex":0,"rotation":0,"texture":"#0"},"up":{"uv":[9.1875,6.5625,9.4375,6.75],"tintindex":0,"rotation":0,"texture":"#0"},"down":{"uv":[9.1875,7.0,9.4375,6.8125],"tintindex":0,"rotation":0,"texture":"#0"}},"rotation":{"origin":[2.3431458,15.125656,3.8945293],"angle":-22.5,"axis":"y"}},{"from":[8.0,7.1056557,1.4840107],"to":[8.0,27.105658,22.484013],"faces":{"east":{"uv":[1.3125,1.375,0.0,2.625],"tintindex":0,"rotation":0,"texture":"#0"},"west":{"uv":[0.0,1.375,1.3125,2.625],"tintindex":0,"rotation":0,"texture":"#0"}}},{"from":[2.0607994,7.155657,-0.11394905],"to":[6.040799,10.135656,5.8660507],"faces":{"east":{"uv":[9.0,5.4375,9.375,5.625],"tintindex":0,"rotation":0,"texture":"#0"},"south":{"uv":[8.875,9.1875,9.125,9.375],"tintindex":0,"rotation":0,"texture":"#0"},"north":{"uv":[9.1875,9.1875,9.4375,9.375],"tintindex":0,"rotation":0,"texture":"#0"},"west":{"uv":[9.0,3.8125,9.375,4.0],"tintindex":0,"rotation":0,"texture":"#0"},"up":{"uv":[4.375,8.5,4.625,8.875],"tintindex":0,"rotation":0,"texture":"#0"},"down":{"uv":[4.6875,8.875,4.9375,8.5],"tintindex":0,"rotation":0,"texture":"#0"}},"rotation":{"origin":[2.3507996,15.145657,3.876051],"angle":-22.5,"axis":"y"}},{"from":[9.943789,10.135656,-0.110881805],"to":[13.943789,13.135656,5.889118],"faces":{"east":{"uv":[9.3125,8.9375,8.9375,9.125],"tintindex":0,"rotation":0,"texture":"#0"},"south":{"uv":[9.4375,7.0625,9.1875,7.25],"tintindex":0,"rotation":0,"texture":"#0"},"north":{"uv":[7.375,9.1875,7.125,9.375],"tintindex":0,"rotation":0,"texture":"#0"},"west":{"uv":[9.375,0.5,9.0,0.6875],"tintindex":0,"rotation":0,"texture":"#0"},"up":{"uv":[8.6875,1.6875,8.4375,2.0625],"tintindex":0,"rotation":0,"texture":"#0"},"down":{"uv":[4.3125,8.875,4.0625,8.5],"tintindex":0,"rotation":0,"texture":"#0"}},"rotation":{"origin":[13.643788,15.135656,3.8891182],"angle":22.5,"axis":"y"}},{"from":[3.0,6.9247913,-4.3404484],"to":[13.0,10.924791,2.6595516],"faces":{"east":{"uv":[6.9375,1.375,6.5,1.625],"tintindex":0,"rotation":0,"texture":"#0"},"south":{"uv":[8.375,4.3125,7.75,4.5625],"tintindex":0,"rotation":0,"texture":"#0"},"north":{"uv":[8.5,5.5,7.875,5.75],"tintindex":0,"rotation":0,"texture":"#0"},"west":{"uv":[8.3125,5.8125,7.875,6.0625],"tintindex":0,"rotation":0,"texture":"#0"},"up":{"uv":[7.75,1.4375,7.125,1.875],"tintindex":0,"rotation":0,"texture":"#0"},"down":{"uv":[7.75,2.375,7.125,1.9375],"tintindex":0,"rotation":0,"texture":"#0"}}},{"from":[2.0562115,10.135656,-0.110881805],"to":[6.0562115,13.135656,5.889118],"faces":{"east":{"uv":[9.0,0.5,9.375,0.6875],"tintindex":0,"rotation":0,"texture":"#0"},"south":{"uv":[9.1875,7.0625,9.4375,7.25],"tintindex":0,"rotation":0,"texture":"#0"},"north":{"uv":[7.125,9.1875,7.375,9.375],"tintindex":0,"rotation":0,"texture":"#0"},"west":{"uv":[8.9375,8.9375,9.3125,9.125],"tintindex":0,"rotation":0,"texture":"#0"},"up":{"uv":[8.4375,1.6875,8.6875,2.0625],"tintindex":0,"rotation":0,"texture":"#0"},"down":{"uv":[4.0625,8.875,4.3125,8.5],"tintindex":0,"rotation":0,"texture":"#0"}},"rotation":{"origin":[2.3562117,15.135656,3.8891182],"angle":-22.5,"axis":"y"}},{"from":[12.575,13.405657,0.33401108],"to":[12.575,14.705656,0.93401146],"faces":{"east":{"uv":[3.9375,13.75,3.875,13.8125],"tintindex":0,"rotation":0,"texture":"#0"},"south":{"uv":[1.3125,11.25,1.25,11.3125],"tintindex":0,"rotation":0,"texture":"#0"},"north":{"uv":[5.0625,10.25,5.0,10.3125],"tintindex":0,"rotation":0,"texture":"#0"},"west":{"uv":[7.0625,11.375,7.0,11.4375],"tintindex":0,"rotation":0,"texture":"#0"},"up":{"uv":[2.3125,12.25,2.25,12.3125],"tintindex":0,"rotation":0,"texture":"#0"},"down":{"uv":[3.6875,12.125,3.625,12.0625],"tintindex":0,"rotation":0,"texture":"#0"}}},{"from":[2.3782482,7.1056557,4.4219475],"to":[2.3782482,22.105658,21.421947],"faces":{"east":{"uv":[3.6875,0.0,2.625,0.9375],"tintindex":0,"rotation":0,"texture":"#0"},"west":{"uv":[2.625,0.0,3.6875,0.9375],"tintindex":0,"rotation":0,"texture":"#0"}},"rotation":{"origin":[0.2782483,12.605656,13.321947],"angle":-22.5,"axis":"x"}},{"from":[9.966854,13.135656,2.9045293],"to":[13.946854,15.115656,5.884529],"faces":{"east":{"uv":[8.375,0.25,8.1875,0.375],"tintindex":0,"rotation":0,"texture":"#0"},"south":{"uv":[9.5,1.75,9.25,1.875],"tintindex":0,"rotation":0,"texture":"#0"},"north":{"uv":[9.5,4.3125,9.25,4.4375],"tintindex":0,"rotation":0,"texture":"#0"},"west":{"uv":[8.9375,0.5,8.75,0.625],"tintindex":0,"rotation":0,"texture":"#0"},"up":{"uv":[9.4375,6.5625,9.1875,6.75],"tintindex":0,"rotation":0,"texture":"#0"},"down":{"uv":[9.4375,7.0,9.1875,6.8125],"tintindex":0,"rotation":0,"texture":"#0"}},"rotation":{"origin":[13.656855,15.125656,3.8945293],"angle":22.5,"axis":"y"}},{"from":[13.97764,6.0956554,1.8129635],"to":[13.97764,21.095655,16.812963],"faces":{"east":{"uv":[3.6875,1.0,2.75,1.9375],"tintindex":0,"rotation":0,"texture":"#0"},"west":{"uv":[2.75,1.0,3.6875,1.9375],"tintindex":0,"rotation":0,"texture":"#0"}},"rotation":{"origin":[13.827641,13.095655,3.8129635],"angle":22.5,"axis":"y"}},{"from":[3.5,10.924791,-4.040449],"to":[3.5,13.924791,2.9595509],"faces":{"east":{"uv":[9.0625,2.375,8.625,2.5625],"tintindex":0,"rotation":0,"texture":"#0"},"west":{"uv":[8.625,2.375,9.0625,2.5625],"tintindex":0,"rotation":0,"texture":"#0"}}},{"from":[13.621752,7.1056557,4.4219475],"to":[13.621752,22.105658,21.421947],"faces":{"east":{"uv":[3.6875,0.0,2.625,0.9375],"tintindex":0,"rotation":0,"texture":"#0"},"west":{"uv":[2.625,0.0,3.6875,0.9375],"tintindex":0,"rotation":0,"texture":"#0"}},"rotation":{"origin":[15.721752,12.605656,13.321947],"angle":-22.5,"axis":"x"}},{"from":[4.01,12.347082,-5.343794],"to":[11.99,15.327082,-2.363794],"faces":{"east":{"uv":[5.875,4.125,5.6875,4.3125],"tintindex":0,"rotation":0,"texture":"#0"},"south":{"uv":[8.8125,3.125,8.3125,3.3125],"tintindex":0,"rotation":0,"texture":"#0"},"north":{"uv":[8.875,3.375,8.375,3.5625],"tintindex":0,"rotation":0,"texture":"#0"},"west":{"uv":[5.875,4.375,5.6875,4.5625],"tintindex":0,"rotation":0,"texture":"#0"},"up":{"uv":[8.875,3.625,8.375,3.8125],"tintindex":0,"rotation":0,"texture":"#0"},"down":{"uv":[8.875,6.0,8.375,5.8125],"tintindex":0,"rotation":0,"texture":"#0"}},"rotation":{"origin":[8.5,12.837082,-3.853794],"angle":45.0,"axis":"x"}},{"from":[3.5,7.1056557,0.4840107],"to":[12.5,18.105656,15.484012],"faces":{"east":{"uv":[3.9375,4.0,3.0,4.6875],"tintindex":0,"rotation":0,"texture":"#0"},"south":{"uv":[0.5625,6.0,0.0,6.6875],"tintindex":0,"rotation":0,"texture":"#0"},"north":{"uv":[6.5625,0.0,6.0,0.6875],"tintindex":0,"rotation":0,"texture":"#0"},"west":{"uv":[3.0,4.0,3.9375,4.6875],"tintindex":0,"rotation":0,"texture":"#0"},"up":{"uv":[1.5625,4.5625,1.0,5.5],"tintindex":0,"rotation":0,"texture":"#0"},"down":{"uv":[2.1875,5.5,1.625,4.5625],"tintindex":0,"rotation":0,"texture":"#0"}}},{"from":[9.951631,15.115656,-0.17200683],"to":[13.931629,18.095655,5.807993],"faces":{"east":{"uv":[9.3125,8.4375,8.9375,8.625],"tintindex":0,"rotation":0,"texture":"#0"},"south":{"uv":[5.5,9.1875,5.25,9.375],"tintindex":0,"rotation":0,"texture":"#0"},"north":{"uv":[9.4375,6.3125,9.1875,6.5],"tintindex":0,"rotation":0,"texture":"#0"},"west":{"uv":[9.3125,8.6875,8.9375,8.875],"tintindex":0,"rotation":0,"texture":"#0"},"up":{"uv":[8.6875,0.25,8.4375,0.625],"tintindex":0,"rotation":0,"texture":"#0"},"down":{"uv":[8.6875,1.625,8.4375,1.25],"tintindex":0,"rotation":0,"texture":"#0"}},"rotation":{"origin":[13.84163,15.105656,3.8179932],"angle":22.5,"axis":"y"}},{"from":[9.959201,7.155657,-0.11394905],"to":[13.9392,10.135656,5.8660507],"faces":{"east":{"uv":[9.375,3.8125,9.0,4.0],"tintindex":0,"rotation":0,"texture":"#0"},"south":{"uv":[9.125,9.1875,8.875,9.375],"tintindex":0,"rotation":0,"texture":"#0"},"north":{"uv":[9.4375,9.1875,9.1875,9.375],"tintindex":0,"rotation":0,"texture":"#0"},"west":{"uv":[9.375,5.4375,9.0,5.625],"tintindex":0,"rotation":0,"texture":"#0"},"up":{"uv":[4.625,8.5,4.375,8.875],"tintindex":0,"rotation":0,"texture":"#0"},"down":{"uv":[4.9375,8.875,4.6875,8.5],"tintindex":0,"rotation":0,"texture":"#0"}},"rotation":{"origin":[13.6492,15.145657,3.876051],"angle":22.5,"axis":"y"}},{"from":[2.06837,15.115656,-0.17200683],"to":[6.0483694,18.095655,5.807993],"faces":{"east":{"uv":[8.9375,8.6875,9.3125,8.875],"tintindex":0,"rotation":0,"texture":"#0"},"south":{"uv":[5.25,9.1875,5.5,9.375],"tintindex":0,"rotation":0,"texture":"#0"},"north":{"uv":[9.1875,6.3125,9.4375,6.5],"tintindex":0,"rotation":0,"texture":"#0"},"west":{"uv":[8.9375,8.4375,9.3125,8.625],"tintindex":0,"rotation":0,"texture":"#0"},"up":{"uv":[8.4375,0.25,8.6875,0.625],"tintindex":0,"rotation":0,"texture":"#0"},"down":{"uv":[8.4375,1.625,8.6875,1.25],"tintindex":0,"rotation":0,"texture":"#0"}},"rotation":{"origin":[2.15837,15.105656,3.8179932],"angle":-22.5,"axis":"y"}},{"from":[2.0223594,6.0956554,1.8129635],"to":[2.0223594,21.095655,16.812963],"faces":{"east":{"uv":[3.6875,1.0,2.75,1.9375],"tintindex":0,"rotation":0,"texture":"#0"},"west":{"uv":[2.75,1.0,3.6875,1.9375],"tintindex":0,"rotation":0,"texture":"#0"}},"rotation":{"origin":[2.1723595,13.095655,3.8129635],"angle":-22.5,"axis":"y"}},{"from":[12.5,10.924791,-4.040449],"to":[12.5,13.924791,2.9595509],"faces":{"east":{"uv":[9.0625,2.375,8.625,2.5625],"tintindex":0,"rotation":0,"texture":"#0"},"west":{"uv":[8.625,2.375,9.0625,2.5625],"tintindex":0,"rotation":0,"texture":"#0"}}},{"from":[3.4250002,13.405657,0.5840111],"to":[3.4250002,14.705656,1.1840115],"faces":{"east":{"uv":[7.0,11.375,7.0625,11.4375],"tintindex":0,"rotation":0,"texture":"#0"},"south":{"uv":[1.25,11.25,1.3125,11.3125],"tintindex":0,"rotation":0,"texture":"#0"},"north":{"uv":[5.0,10.25,5.0625,10.3125],"tintindex":0,"rotation":0,"texture":"#0"},"west":{"uv":[3.875,13.75,3.9375,13.8125],"tintindex":0,"rotation":0,"texture":"#0"},"up":{"uv":[2.25,12.25,2.3125,12.3125],"tintindex":0,"rotation":0,"texture":"#0"},"down":{"uv":[3.625,12.125,3.6875,12.0625],"tintindex":0,"rotation":0,"texture":"#0"}}}],"display":{"gui":{"rotation":[30,225,0]}}}