{"textures":{"0":"modelengine:entity/nocsy_mount_lizard"},"elements":[{"from":[4.9526424,4.7222013,6.4717145],"to":[11.952642,10.722201,20.471714],"faces":{"east":{"uv":[5.875,6.0625,5.0,6.4375],"tintindex":0,"rotation":0,"texture":"#0"},"south":{"uv":[8.0625,6.125,7.625,6.5],"tintindex":0,"rotation":0,"texture":"#0"},"north":{"uv":[8.125,0.0,7.6875,0.375],"tintindex":0,"rotation":0,"texture":"#0"},"west":{"uv":[4.875,6.125,4.0,6.5],"tintindex":0,"rotation":0,"texture":"#0"},"up":{"uv":[6.4375,0.75,6.0,1.625],"tintindex":0,"rotation":0,"texture":"#0"},"down":{"uv":[1.0625,6.9375,0.625,6.0625],"tintindex":0,"rotation":0,"texture":"#0"}}}],"display":{"gui":{"rotation":[30,225,0]}}}