{"textures":{"0":"modelengine:entity/nocsy_mount_lizard"},"elements":[{"from":[4.1893034,-0.6427231,4.9249916],"to":[12.189304,9.357277,12.924991],"faces":{"east":{"uv":[7.0625,5.4375,6.5625,6.0625],"tintindex":0,"rotation":0,"texture":"#0"},"south":{"uv":[7.0625,4.75,6.5625,5.375],"tintindex":0,"rotation":0,"texture":"#0"},"north":{"uv":[7.0625,6.125,6.5625,6.75],"tintindex":0,"rotation":0,"texture":"#0"},"west":{"uv":[7.125,0.0,6.625,0.625],"tintindex":0,"rotation":0,"texture":"#0"},"up":{"uv":[7.5625,7.1875,7.0625,7.6875],"tintindex":0,"rotation":0,"texture":"#0"},"down":{"uv":[3.1875,7.75,2.6875,7.25],"tintindex":0,"rotation":0,"texture":"#0"}}}],"display":{"gui":{"rotation":[30,225,0]}}}