{"textures":{"0":"modelengine:entity/nocsy_mount_lizard"},"elements":[{"from":[6.4283695,-2.1032305,5.664403],"to":[10.4283695,8.89677,10.664403],"faces":{"east":{"uv":[1.3125,7.375,1.0,8.0625],"tintindex":0,"rotation":0,"texture":"#0"},"south":{"uv":[7.875,7.1875,7.625,7.875],"tintindex":0,"rotation":0,"texture":"#0"},"north":{"uv":[8.0,3.5625,7.75,4.25],"tintindex":0,"rotation":0,"texture":"#0"},"west":{"uv":[2.1875,7.375,1.875,8.0625],"tintindex":0,"rotation":0,"texture":"#0"},"up":{"uv":[7.0,8.75,6.75,9.0625],"tintindex":0,"rotation":0,"texture":"#0"},"down":{"uv":[7.3125,9.0625,7.0625,8.75],"tintindex":0,"rotation":0,"texture":"#0"}}}],"display":{"gui":{"rotation":[30,225,0]}}}