{"textures":{"0":"modelengine:entity/nocsy_mount_lizard"},"elements":[{"from":[4.5,-2.5,6.499999],"to":[11.5,8.5,10.5],"faces":{"east":{"uv":[7.125,7.75,6.875,8.4375],"tintindex":0,"rotation":0,"texture":"#0"},"south":{"uv":[4.875,6.5625,4.4375,7.25],"tintindex":0,"rotation":0,"texture":"#0"},"north":{"uv":[0.4375,6.75,0.0,7.4375],"tintindex":0,"rotation":0,"texture":"#0"},"west":{"uv":[7.4375,7.75,7.1875,8.4375],"tintindex":0,"rotation":0,"texture":"#0"},"up":{"uv":[8.5,4.0,8.0625,4.25],"tintindex":0,"rotation":0,"texture":"#0"},"down":{"uv":[8.5625,1.1875,8.125,0.9375],"tintindex":0,"rotation":0,"texture":"#0"}}}],"display":{"gui":{"rotation":[30,225,0]}}}