{"textures":{"0":"modelengine:entity/nocsy_mount_lizard"},"elements":[{"from":[3.51,20.69767,0.78641295],"to":[12.49,23.67767,9.766412],"faces":{"east":{"uv":[5.0625,1.75,4.5,1.9375],"tintindex":0,"rotation":0,"texture":"#0"},"south":{"uv":[4.9375,3.75,4.375,3.9375],"tintindex":0,"rotation":0,"texture":"#0"},"north":{"uv":[5.8125,1.5,5.25,1.6875],"tintindex":0,"rotation":0,"texture":"#0"},"west":{"uv":[8.6875,6.125,8.125,6.3125],"tintindex":0,"rotation":0,"texture":"#0"},"up":{"uv":[6.5,6.25,5.9375,6.8125],"tintindex":0,"rotation":0,"texture":"#0"},"down":{"uv":[7.0625,1.3125,6.5,0.75],"tintindex":0,"rotation":0,"texture":"#0"}},"rotation":{"origin":[8.0,26.68767,6.276413],"angle":-22.5,"axis":"x"}},{"from":[2.5,8.049549,7.9396696],"to":[13.5,20.04955,18.93967],"faces":{"east":{"uv":[0.6875,4.6875,0.0,5.4375],"tintindex":0,"rotation":0,"texture":"#0"},"south":{"uv":[2.9375,4.5625,2.25,5.3125],"tintindex":0,"rotation":0,"texture":"#0"},"north":{"uv":[3.6875,4.75,3.0,5.5],"tintindex":0,"rotation":0,"texture":"#0"},"west":{"uv":[0.0,4.6875,0.6875,5.4375],"tintindex":0,"rotation":0,"texture":"#0"},"up":{"uv":[5.9375,0.0,5.25,0.6875],"tintindex":0,"rotation":0,"texture":"#0"},"down":{"uv":[5.9375,1.4375,5.25,0.75],"tintindex":0,"rotation":0,"texture":"#0"}},"rotation":{"origin":[8.0,8.382684,8.22388],"angle":-22.5,"axis":"x"}}],"display":{"gui":{"rotation":[30,225,0]}}}