{"textures":{"0":"modelengine:entity/nocsy_mount_lizard"},"elements":[{"from":[4.0473576,4.7222013,6.4717145],"to":[11.047358,10.722201,20.471714],"faces":{"east":{"uv":[4.0,6.125,4.875,6.5],"tintindex":0,"rotation":0,"texture":"#0"},"south":{"uv":[7.625,6.125,8.0625,6.5],"tintindex":0,"rotation":0,"texture":"#0"},"north":{"uv":[7.6875,0.0,8.125,0.375],"tintindex":0,"rotation":0,"texture":"#0"},"west":{"uv":[5.0,6.0625,5.875,6.4375],"tintindex":0,"rotation":0,"texture":"#0"},"up":{"uv":[6.0,0.75,6.4375,1.625],"tintindex":0,"rotation":0,"texture":"#0"},"down":{"uv":[0.625,6.9375,1.0625,6.0625],"tintindex":0,"rotation":0,"texture":"#0"}}}],"display":{"gui":{"rotation":[30,225,0]}}}