{"textures":{"0":"modelengine:entity/nocsy_mount_lizard"},"elements":[{"from":[7.1,6.5,-2.500001],"to":[7.1,10.5,2.499999],"faces":{"east":{"uv":[3.125,8.9375,2.8125,9.1875],"tintindex":0,"rotation":0,"texture":"#0"},"west":{"uv":[2.8125,8.9375,3.125,9.1875],"tintindex":0,"rotation":0,"texture":"#0"}}},{"from":[3.7171574,6.5,-1.6669054],"to":[3.7171574,10.5,3.3330946],"faces":{"east":{"uv":[0.9375,8.9375,0.625,9.1875],"tintindex":0,"rotation":0,"texture":"#0"},"west":{"uv":[0.625,8.9375,0.9375,9.1875],"tintindex":0,"rotation":0,"texture":"#0"}},"rotation":{"origin":[4.8171573,8.0,3.8330946],"angle":45.0,"axis":"y"}},{"from":[13.332086,6.5,10.625988],"to":[17.332085,9.5,17.625988],"faces":{"east":{"uv":[8.75,1.1875,9.1875,1.375],"tintindex":0,"rotation":0,"texture":"#0"},"south":{"uv":[9.25,1.25,9.5,1.4375],"tintindex":0,"rotation":0,"texture":"#0"},"north":{"uv":[9.25,1.5,9.5,1.6875],"tintindex":0,"rotation":0,"texture":"#0"},"west":{"uv":[8.75,0.25,9.1875,0.4375],"tintindex":0,"rotation":0,"texture":"#0"},"up":{"uv":[8.125,1.75,8.375,2.1875],"tintindex":0,"rotation":0,"texture":"#0"},"down":{"uv":[2.0,8.5625,2.25,8.125],"tintindex":0,"rotation":0,"texture":"#0"}},"rotation":{"origin":[24.232086,8.0,3.125988],"angle":-45.0,"axis":"y"}},{"from":[1.7171574,6.5,0.3330946],"to":[5.7171574,9.5,7.3330956],"faces":{"east":{"uv":[8.6875,6.875,9.125,7.0625],"tintindex":0,"rotation":0,"texture":"#0"},"south":{"uv":[9.25,1.0,9.5,1.1875],"tintindex":0,"rotation":0,"texture":"#0"},"north":{"uv":[1.1875,9.25,1.4375,9.4375],"tintindex":0,"rotation":0,"texture":"#0"},"west":{"uv":[8.6875,6.625,9.125,6.8125],"tintindex":0,"rotation":0,"texture":"#0"},"up":{"uv":[8.125,1.25,8.375,1.6875],"tintindex":0,"rotation":0,"texture":"#0"},"down":{"uv":[1.6875,8.5625,1.9375,8.125],"tintindex":0,"rotation":0,"texture":"#0"}},"rotation":{"origin":[4.8171573,8.0,3.8330946],"angle":45.0,"axis":"y"}},{"from":[14.732085,6.5,8.625988],"to":[14.732085,10.5,12.625988],"faces":{"east":{"uv":[6.4375,9.0,6.1875,9.25],"tintindex":0,"rotation":0,"texture":"#0"},"west":{"uv":[6.1875,9.0,6.4375,9.25],"tintindex":0,"rotation":0,"texture":"#0"}},"rotation":{"origin":[24.232086,8.0,3.125988],"angle":-45.0,"axis":"y"}},{"from":[5.0899997,6.49,-0.51000094],"to":[9.110001,9.51,8.51],"faces":{"east":{"uv":[8.25,7.875,8.8125,8.0625],"tintindex":0,"rotation":0,"texture":"#0"},"south":{"uv":[2.3125,9.25,2.5625,9.4375],"tintindex":0,"rotation":0,"texture":"#0"},"north":{"uv":[2.625,9.25,2.875,9.4375],"tintindex":0,"rotation":0,"texture":"#0"},"west":{"uv":[8.25,7.625,8.8125,7.8125],"tintindex":0,"rotation":0,"texture":"#0"},"up":{"uv":[7.9375,7.625,8.1875,8.1875],"tintindex":0,"rotation":0,"texture":"#0"},"down":{"uv":[1.375,8.5625,1.625,8.0],"tintindex":0,"rotation":0,"texture":"#0"}}}],"display":{"gui":{"rotation":[30,225,0]}}}