{"textures":{"0":"modelengine:entity/nocsy_mount_lizard"},"elements":[{"from":[3.8106961,-0.6427231,4.9249916],"to":[11.810697,9.357277,12.924991],"faces":{"east":{"uv":[6.625,0.0,7.125,0.625],"tintindex":0,"rotation":0,"texture":"#0"},"south":{"uv":[6.5625,4.75,7.0625,5.375],"tintindex":0,"rotation":0,"texture":"#0"},"north":{"uv":[6.5625,6.125,7.0625,6.75],"tintindex":0,"rotation":0,"texture":"#0"},"west":{"uv":[6.5625,5.4375,7.0625,6.0625],"tintindex":0,"rotation":0,"texture":"#0"},"up":{"uv":[7.0625,7.1875,7.5625,7.6875],"tintindex":0,"rotation":0,"texture":"#0"},"down":{"uv":[2.6875,7.75,3.1875,7.25],"tintindex":0,"rotation":0,"texture":"#0"}}}],"display":{"gui":{"rotation":[30,225,0]}}}