{"textures":{"0":"modelengine:entity/nocsy_mount_lizard"},"elements":[{"from":[4.5,-2.5,6.499999],"to":[11.5,8.5,10.5],"faces":{"east":{"uv":[7.1875,7.75,7.4375,8.4375],"tintindex":0,"rotation":0,"texture":"#0"},"south":{"uv":[4.4375,6.5625,4.875,7.25],"tintindex":0,"rotation":0,"texture":"#0"},"north":{"uv":[0.0,6.75,0.4375,7.4375],"tintindex":0,"rotation":0,"texture":"#0"},"west":{"uv":[6.875,7.75,7.125,8.4375],"tintindex":0,"rotation":0,"texture":"#0"},"up":{"uv":[8.0625,4.0,8.5,4.25],"tintindex":0,"rotation":0,"texture":"#0"},"down":{"uv":[8.125,1.1875,8.5625,0.9375],"tintindex":0,"rotation":0,"texture":"#0"}}}],"display":{"gui":{"rotation":[30,225,0]}}}