{"textures":{"0":"modelengine:entity/nocsy_mount_lizard"},"elements":[{"from":[3.6746235,-0.46228886,2.174798],"to":[10.6746235,9.53771,10.174799],"faces":{"east":{"uv":[2.75,6.5625,3.25,7.1875],"tintindex":0,"rotation":0,"texture":"#0"},"south":{"uv":[7.125,4.625,7.5625,5.25],"tintindex":0,"rotation":0,"texture":"#0"},"north":{"uv":[7.125,5.3125,7.5625,5.9375],"tintindex":0,"rotation":0,"texture":"#0"},"west":{"uv":[4.9375,6.5,5.4375,7.125],"tintindex":0,"rotation":0,"texture":"#0"},"up":{"uv":[7.25,3.5625,7.6875,4.0625],"tintindex":0,"rotation":0,"texture":"#0"},"down":{"uv":[3.8125,7.75,4.25,7.25],"tintindex":0,"rotation":0,"texture":"#0"}}}],"display":{"gui":{"rotation":[30,225,0]}}}