{"textures":{"0":"modelengine:entity/nocsy_mount_lizard"},"elements":[{"from":[5.57163,-2.1032305,5.664403],"to":[9.5716305,8.89677,10.664403],"faces":{"east":{"uv":[1.875,7.375,2.1875,8.0625],"tintindex":0,"rotation":0,"texture":"#0"},"south":{"uv":[7.625,7.1875,7.875,7.875],"tintindex":0,"rotation":0,"texture":"#0"},"north":{"uv":[7.75,3.5625,8.0,4.25],"tintindex":0,"rotation":0,"texture":"#0"},"west":{"uv":[1.0,7.375,1.3125,8.0625],"tintindex":0,"rotation":0,"texture":"#0"},"up":{"uv":[6.75,8.75,7.0,9.0625],"tintindex":0,"rotation":0,"texture":"#0"},"down":{"uv":[7.0625,9.0625,7.3125,8.75],"tintindex":0,"rotation":0,"texture":"#0"}}}],"display":{"gui":{"rotation":[30,225,0]}}}