{"textures":{"0":"modelengine:entity/nocsy_mount_lizard"},"elements":[{"from":[5.2980223,4.7885933,4.630705],"to":[11.298022,8.788593,10.630705],"faces":{"east":{"uv":[8.4375,5.125,8.8125,5.375],"tintindex":0,"rotation":0,"texture":"#0"},"south":{"uv":[6.1875,2.5625,6.5625,2.8125],"tintindex":0,"rotation":0,"texture":"#0"},"north":{"uv":[8.4375,4.3125,8.8125,4.5625],"tintindex":0,"rotation":0,"texture":"#0"},"west":{"uv":[8.375,7.25,8.75,7.5],"tintindex":0,"rotation":0,"texture":"#0"},"up":{"uv":[5.75,7.875,6.125,8.25],"tintindex":0,"rotation":0,"texture":"#0"},"down":{"uv":[0.375,8.3125,0.75,7.9375],"tintindex":0,"rotation":0,"texture":"#0"}},"rotation":{"origin":[8.339442,7.1020155,8.365586],"angle":22.5,"axis":"x"}},{"from":[12.655376,3.4049597,4.6577206],"to":[12.655376,7.4049597,9.657721],"faces":{"east":{"uv":[0.5625,8.8125,0.25,9.0625],"tintindex":0,"rotation":0,"texture":"#0"},"west":{"uv":[0.25,8.8125,0.5625,9.0625],"tintindex":0,"rotation":0,"texture":"#0"}},"rotation":{"origin":[25.974821,5.39894,6.1897163],"angle":-22.5,"axis":"y"}},{"from":[8.339442,3.4049597,-1.8243628],"to":[8.339442,7.4049597,3.1756372],"faces":{"east":{"uv":[3.3125,3.6875,3.0,3.9375],"tintindex":0,"rotation":0,"texture":"#0"},"west":{"uv":[3.0,3.6875,3.3125,3.9375],"tintindex":0,"rotation":0,"texture":"#0"}}},{"from":[11.055376,3.4049597,7.6577206],"to":[14.055376,6.4049597,15.657721],"faces":{"east":{"uv":[8.375,8.5,8.875,8.6875],"tintindex":0,"rotation":0,"texture":"#0"},"south":{"uv":[5.75,7.625,5.9375,7.8125],"tintindex":0,"rotation":0,"texture":"#0"},"north":{"uv":[6.25,8.6875,6.4375,8.875],"tintindex":0,"rotation":0,"texture":"#0"},"west":{"uv":[7.8125,8.5,8.3125,8.6875],"tintindex":0,"rotation":0,"texture":"#0"},"up":{"uv":[5.0,8.5,5.1875,9.0],"tintindex":0,"rotation":0,"texture":"#0"},"down":{"uv":[5.25,9.0,5.4375,8.5],"tintindex":0,"rotation":0,"texture":"#0"}},"rotation":{"origin":[25.974821,5.39894,6.1897163],"angle":-22.5,"axis":"y"}},{"from":[6.3504424,3.4159596,1.1866373],"to":[10.328443,6.3939595,8.164638],"faces":{"east":{"uv":[3.0,8.6875,3.4375,8.875],"tintindex":0,"rotation":0,"texture":"#0"},"south":{"uv":[9.25,0.0,9.5,0.1875],"tintindex":0,"rotation":0,"texture":"#0"},"north":{"uv":[9.25,0.25,9.5,0.4375],"tintindex":0,"rotation":0,"texture":"#0"},"west":{"uv":[2.5,8.6875,2.9375,8.875],"tintindex":0,"rotation":0,"texture":"#0"},"up":{"uv":[6.5,8.0625,6.75,8.5],"tintindex":0,"rotation":0,"texture":"#0"},"down":{"uv":[8.0625,7.0,8.3125,6.5625],"tintindex":0,"rotation":0,"texture":"#0"}}},{"from":[5.3494425,3.4149597,7.1856375],"to":[11.329442,6.3949594,10.165637],"faces":{"east":{"uv":[2.75,6.0625,2.9375,6.25],"tintindex":0,"rotation":0,"texture":"#0"},"south":{"uv":[5.75,9.0,6.125,9.1875],"tintindex":0,"rotation":0,"texture":"#0"},"north":{"uv":[9.0,8.0625,9.375,8.25],"tintindex":0,"rotation":0,"texture":"#0"},"west":{"uv":[2.0,5.8125,2.1875,6.0],"tintindex":0,"rotation":0,"texture":"#0"},"up":{"uv":[4.8125,9.0625,5.1875,9.25],"tintindex":0,"rotation":0,"texture":"#0"},"down":{"uv":[7.6875,9.25,8.0625,9.0625],"tintindex":0,"rotation":0,"texture":"#0"}}},{"from":[5.177808,3.4049597,-0.54469395],"to":[5.177808,7.4049597,4.455306],"faces":{"east":{"uv":[8.5,8.75,8.1875,9.0],"tintindex":0,"rotation":0,"texture":"#0"},"west":{"uv":[8.1875,8.75,8.5,9.0],"tintindex":0,"rotation":0,"texture":"#0"}},"rotation":{"origin":[4.258362,5.39894,5.987303],"angle":22.5,"axis":"y"}},{"from":[3.5778074,3.4049597,2.455306],"to":[6.5778074,6.4049597,10.455306],"faces":{"east":{"uv":[6.8125,8.5,7.3125,8.6875],"tintindex":0,"rotation":0,"texture":"#0"},"south":{"uv":[2.75,6.3125,2.9375,6.5],"tintindex":0,"rotation":0,"texture":"#0"},"north":{"uv":[1.875,7.0,2.0625,7.1875],"tintindex":0,"rotation":0,"texture":"#0"},"west":{"uv":[8.4375,0.6875,8.9375,0.875],"tintindex":0,"rotation":0,"texture":"#0"},"up":{"uv":[0.75,4.6875,0.9375,5.1875],"tintindex":0,"rotation":0,"texture":"#0"},"down":{"uv":[1.125,8.625,1.3125,8.125],"tintindex":0,"rotation":0,"texture":"#0"}},"rotation":{"origin":[4.258362,5.39894,5.987303],"angle":22.5,"axis":"y"}}],"display":{"gui":{"rotation":[30,225,0]}}}