{"textures":{"0":"modelengine:entity/nocsy_mount_lizard"},"elements":[{"from":[6.01,12.708616,5.262191],"to":[5.99,20.688616,21.242191],"faces":{"east":{"uv":[6.125,1.75,5.125,2.25],"tintindex":0,"rotation":0,"texture":"#0"},"west":{"uv":[6.125,2.3125,5.125,2.8125],"tintindex":0,"rotation":0,"texture":"#0"}},"rotation":{"origin":[11.5,6.7986164,15.252192],"angle":-22.5,"axis":"x"}},{"from":[2.51,5.7086163,6.262191],"to":[9.49,12.688616,21.242191],"faces":{"east":{"uv":[0.9375,5.5,0.0,5.9375],"tintindex":0,"rotation":0,"texture":"#0"},"south":{"uv":[7.6875,4.125,7.25,4.5625],"tintindex":0,"rotation":0,"texture":"#0"},"north":{"uv":[6.8125,7.5625,6.375,8.0],"tintindex":0,"rotation":0,"texture":"#0"},"west":{"uv":[0.0,5.5,0.9375,5.9375],"tintindex":0,"rotation":0,"texture":"#0"},"up":{"uv":[3.4375,5.5625,3.0,6.5],"tintindex":0,"rotation":0,"texture":"#0"},"down":{"uv":[3.9375,6.5,3.5,5.5625],"tintindex":0,"rotation":0,"texture":"#0"}},"rotation":{"origin":[8.0,6.7986164,15.252192],"angle":-22.5,"axis":"x"}}],"display":{"gui":{"rotation":[30,225,0]}}}