{"textures":{"0":"modelengine:entity/nocsy_mount_lizard"},"elements":[{"from":[6.51,5.254654,9.0519085],"to":[9.49,8.234653,24.031908],"faces":{"east":{"uv":[8.5625,4.625,7.625,4.8125],"tintindex":0,"rotation":0,"texture":"#0"},"south":{"uv":[0.9375,5.25,0.75,5.4375],"tintindex":0,"rotation":0,"texture":"#0"},"north":{"uv":[2.1875,5.5625,2.0,5.75],"tintindex":0,"rotation":0,"texture":"#0"},"west":{"uv":[7.625,4.625,8.5625,4.8125],"tintindex":0,"rotation":0,"texture":"#0"},"up":{"uv":[7.8125,5.125,7.625,6.0625],"tintindex":0,"rotation":0,"texture":"#0"},"down":{"uv":[5.6875,8.5625,5.5,7.625],"tintindex":0,"rotation":0,"texture":"#0"}},"rotation":{"origin":[12.0,3.1244736,4.0951843],"angle":-22.5,"axis":"x"}},{"from":[8.01,8.254654,9.0519085],"to":[7.99,13.234653,24.031908],"faces":{"east":{"uv":[8.0625,0.6875,7.125,1.0],"tintindex":0,"rotation":0,"texture":"#0"},"west":{"uv":[8.0625,1.0625,7.125,1.375],"tintindex":0,"rotation":0,"texture":"#0"}},"rotation":{"origin":[10.5,3.1244736,4.0951843],"angle":-22.5,"axis":"x"}}],"display":{"gui":{"rotation":[30,225,0]}}}