{"textures":{"0":"modelengine:entity/nocsy_mount_lizard"},"elements":[{"from":[9.01,13.844114,8.739853],"to":[8.99,20.824114,23.719852],"faces":{"east":{"uv":[4.9375,5.625,4.0,6.0625],"tintindex":0,"rotation":0,"texture":"#0"},"west":{"uv":[6.625,3.625,5.6875,4.0625],"tintindex":0,"rotation":0,"texture":"#0"}},"rotation":{"origin":[9.5,7.9341145,17.729853],"angle":-22.5,"axis":"x"}},{"from":[6.51,8.844114,8.739853],"to":[11.49,13.824114,23.719852],"faces":{"east":{"uv":[1.4375,7.0,0.5,7.3125],"tintindex":0,"rotation":0,"texture":"#0"},"south":{"uv":[5.8125,6.5,5.5,6.8125],"tintindex":0,"rotation":0,"texture":"#0"},"north":{"uv":[0.3125,8.25,0.0,8.5625],"tintindex":0,"rotation":0,"texture":"#0"},"west":{"uv":[0.5,7.0,1.4375,7.3125],"tintindex":0,"rotation":0,"texture":"#0"},"up":{"uv":[6.3125,6.875,6.0,7.8125],"tintindex":0,"rotation":0,"texture":"#0"},"down":{"uv":[1.8125,7.9375,1.5,7.0],"tintindex":0,"rotation":0,"texture":"#0"}},"rotation":{"origin":[12.0,7.9341145,17.729853],"angle":-22.5,"axis":"x"}}],"display":{"gui":{"rotation":[30,225,0]}}}