{"textures":{"0":"modelengine:entity/nocsy_mount_lizard"},"elements":[{"from":[8.01,10.632175,9.885205],"to":[7.99,21.612175,20.865206],"faces":{"east":{"uv":[5.8125,2.875,5.125,3.5625],"tintindex":0,"rotation":0,"texture":"#0"},"west":{"uv":[5.875,4.625,5.1875,5.3125],"tintindex":0,"rotation":0,"texture":"#0"}},"rotation":{"origin":[4.5,4.122175,14.875206],"angle":-22.5,"axis":"x"}},{"from":[3.51,1.6321743,9.885205],"to":[12.49,10.612175,20.865206],"faces":{"east":{"uv":[6.5625,2.875,5.875,3.4375],"tintindex":0,"rotation":0,"texture":"#0"},"south":{"uv":[3.3125,2.0,2.75,2.5625],"tintindex":0,"rotation":0,"texture":"#0"},"north":{"uv":[2.6875,6.0625,2.125,6.625],"tintindex":0,"rotation":0,"texture":"#0"},"west":{"uv":[5.875,2.875,6.5625,3.4375],"tintindex":0,"rotation":0,"texture":"#0"},"up":{"uv":[6.5,4.75,5.9375,5.4375],"tintindex":0,"rotation":0,"texture":"#0"},"down":{"uv":[6.5,6.1875,5.9375,5.5],"tintindex":0,"rotation":0,"texture":"#0"}},"rotation":{"origin":[9.0,4.122175,14.875206],"angle":-22.5,"axis":"x"}}],"display":{"gui":{"rotation":[30,225,0]}}}