{"textures":{"0":"modelengine:entity/nocsy_mount_lizard_baby"},"elements":[{"from":[4.99,4.245,3.4950001],"to":[11.01,10.264999,8.515],"faces":{"east":{"uv":[0.0,4.125,0.625,4.875],"tintindex":0,"rotation":0,"texture":"#0"},"south":{"uv":[3.125,1.75,3.875,2.5],"tintindex":0,"rotation":0,"texture":"#0"},"north":{"uv":[1.125,3.0,1.875,3.75],"tintindex":0,"rotation":0,"texture":"#0"},"west":{"uv":[4.125,0.0,4.75,0.75],"tintindex":0,"rotation":0,"texture":"#0"},"up":{"uv":[4.875,1.5,4.125,0.875],"tintindex":0,"rotation":0,"texture":"#0"},"down":{"uv":[3.625,4.375,2.875,5.0],"tintindex":0,"rotation":0,"texture":"#0"}}},{"from":[5.01,5.7942715,7.313714],"to":[10.99,11.774271,14.293714],"faces":{"east":{"uv":[2.25,0.0,3.125,0.75],"tintindex":0,"rotation":0,"texture":"#0"},"south":{"uv":[0.0,3.25,0.75,4.0],"tintindex":0,"rotation":0,"texture":"#0"},"north":{"uv":[3.125,2.625,3.875,3.375],"tintindex":0,"rotation":0,"texture":"#0"},"west":{"uv":[2.25,0.875,3.125,1.625],"tintindex":0,"rotation":0,"texture":"#0"},"up":{"uv":[3.0,2.625,2.25,1.75],"tintindex":0,"rotation":0,"texture":"#0"},"down":{"uv":[3.0,2.75,2.25,3.625],"tintindex":0,"rotation":0,"texture":"#0"}},"rotation":{"origin":[7.755,8.039271,11.808714],"angle":-22.5,"axis":"x"}}],"display":{"gui":{"rotation":[30,225,0]}}}