{"textures":{"0":"modelengine:entity/nocsy_mount_lizard_baby"},"elements":[{"from":[5.5,9.360973,1.8472309],"to":[10.5,13.360973,6.847231],"faces":{"east":{"uv":[4.0,5.625,4.625,6.125],"tintindex":0,"rotation":0,"texture":"#0"},"south":{"uv":[0.0,5.75,0.625,6.25],"tintindex":0,"rotation":0,"texture":"#0"},"north":{"uv":[3.25,5.625,3.875,6.125],"tintindex":0,"rotation":0,"texture":"#0"},"west":{"uv":[1.25,5.875,1.875,6.375],"tintindex":0,"rotation":0,"texture":"#0"},"up":{"uv":[5.125,5.5,4.5,4.875],"tintindex":0,"rotation":0,"texture":"#0"},"down":{"uv":[0.625,5.0,0.0,5.625],"tintindex":0,"rotation":0,"texture":"#0"}},"rotation":{"origin":[8.5,7.6109734,4.847231],"angle":-22.5,"axis":"x"}},{"from":[10.6,10.252828,3.6670055],"to":[11.4,11.552828,3.6670055],"faces":{"south":{"uv":[0.875,3.5,1.0,3.625],"tintindex":0,"rotation":0,"texture":"#0"},"north":{"uv":[2.0,3.25,2.125,3.375],"tintindex":0,"rotation":0,"texture":"#0"}}},{"from":[4.6,10.252828,3.6670055],"to":[5.4,11.552828,3.6670055],"faces":{"south":{"uv":[0.875,3.25,1.0,3.375],"tintindex":0,"rotation":0,"texture":"#0"},"north":{"uv":[2.0,3.0,2.125,3.125],"tintindex":0,"rotation":0,"texture":"#0"}}},{"from":[3.6999998,9.552828,3.7420053],"to":[6.7,12.552828,6.7420053],"faces":{"east":{"uv":[6.0,7.5,6.375,7.875],"tintindex":0,"rotation":0,"texture":"#0"},"south":{"uv":[6.5,7.5,6.875,7.875],"tintindex":0,"rotation":0,"texture":"#0"},"north":{"uv":[5.5,7.5,5.875,7.875],"tintindex":0,"rotation":0,"texture":"#0"},"west":{"uv":[7.5,7.125,7.875,7.5],"tintindex":0,"rotation":0,"texture":"#0"},"up":{"uv":[8.0,0.375,7.625,0.0],"tintindex":0,"rotation":0,"texture":"#0"},"down":{"uv":[2.125,7.625,1.75,8.0],"tintindex":0,"rotation":0,"texture":"#0"}}},{"from":[3.5,11.552828,3.7420053],"to":[6.5,13.552828,7.7420053],"faces":{"east":{"uv":[5.0,1.25,5.5,1.5],"tintindex":0,"rotation":0,"texture":"#0"},"south":{"uv":[8.125,3.5,8.5,3.75],"tintindex":0,"rotation":0,"texture":"#0"},"north":{"uv":[6.375,4.5,6.75,4.75],"tintindex":0,"rotation":0,"texture":"#0"},"west":{"uv":[7.625,3.875,8.125,4.125],"tintindex":0,"rotation":0,"texture":"#0"},"up":{"uv":[2.375,6.375,2.0,5.875],"tintindex":0,"rotation":0,"texture":"#0"},"down":{"uv":[6.25,3.75,5.875,4.25],"tintindex":0,"rotation":0,"texture":"#0"}},"rotation":{"origin":[5.0,13.052828,5.442006],"angle":22.5,"axis":"x"}},{"from":[6.0,7.4623957,1.8297758],"to":[10.0,9.462396,5.829776],"faces":{"east":{"uv":[7.75,4.625,8.25,4.875],"tintindex":0,"rotation":0,"texture":"#0"},"south":{"uv":[7.875,0.5,8.375,0.75],"tintindex":0,"rotation":0,"texture":"#0"},"north":{"uv":[7.75,4.25,8.25,4.5],"tintindex":0,"rotation":0,"texture":"#0"},"west":{"uv":[7.875,6.0,8.375,6.25],"tintindex":0,"rotation":0,"texture":"#0"},"up":{"uv":[7.0,3.5,6.5,3.0],"tintindex":0,"rotation":0,"texture":"#0"},"down":{"uv":[7.25,1.625,6.75,2.125],"tintindex":0,"rotation":0,"texture":"#0"}}},{"from":[10.2875,10.702828,4.1670055],"to":[10.2875,11.352828,4.4670057],"faces":{"east":{"uv":[2.0,3.5,2.125,3.625],"tintindex":0,"rotation":0,"texture":"#0"},"west":{"uv":[2.875,3.75,3.0,3.875],"tintindex":0,"rotation":0,"texture":"#0"}}},{"from":[4.0,7.552828,4.2420053],"to":[12.0,14.552829,12.242006],"faces":{"east":{"uv":[1.125,1.0,2.125,1.875],"tintindex":0,"rotation":0,"texture":"#0"},"south":{"uv":[1.125,2.0,2.125,2.875],"tintindex":0,"rotation":0,"texture":"#0"},"north":{"uv":[1.125,0.0,2.125,0.875],"tintindex":0,"rotation":0,"texture":"#0"},"west":{"uv":[0.0,2.25,1.0,3.125],"tintindex":0,"rotation":0,"texture":"#0"},"up":{"uv":[1.0,1.0,0.0,0.0],"tintindex":0,"rotation":0,"texture":"#0"},"down":{"uv":[1.0,1.125,0.0,2.125],"tintindex":0,"rotation":0,"texture":"#0"}}},{"from":[9.5,11.552828,3.7420053],"to":[12.5,13.552828,7.7420053],"faces":{"east":{"uv":[8.125,3.875,7.625,4.125],"tintindex":0,"rotation":0,"texture":"#0"},"south":{"uv":[8.5,3.5,8.125,3.75],"tintindex":0,"rotation":0,"texture":"#0"},"north":{"uv":[6.75,4.5,6.375,4.75],"tintindex":0,"rotation":0,"texture":"#0"},"west":{"uv":[5.5,1.25,5.0,1.5],"tintindex":0,"rotation":0,"texture":"#0"},"up":{"uv":[2.0,6.375,2.375,5.875],"tintindex":0,"rotation":0,"texture":"#0"},"down":{"uv":[5.875,3.75,6.25,4.25],"tintindex":0,"rotation":0,"texture":"#0"}},"rotation":{"origin":[11.0,13.052828,5.442006],"angle":22.5,"axis":"x"}},{"from":[10.1,8.407419,1.9350986],"to":[10.1,10.407419,3.9350986],"faces":{"east":{"uv":[1.625,10.0,1.875,9.75],"tintindex":0,"rotation":270,"texture":"#0"},"south":{"uv":[0.0,5.0,0.625,5.625],"tintindex":0,"rotation":0,"texture":"#0"},"north":{"uv":[4.5,5.5,5.125,4.875],"tintindex":0,"rotation":180,"texture":"#0"},"west":{"uv":[1.875,10.0,1.625,9.75],"tintindex":0,"rotation":270,"texture":"#0"},"up":{"uv":[0.625,5.75,0.0,6.25],"tintindex":0,"rotation":0,"texture":"#0"},"down":{"uv":[3.875,5.625,3.25,6.125],"tintindex":0,"rotation":180,"texture":"#0"}},"rotation":{"origin":[10.1,9.407419,3.4350986],"angle":22.5,"axis":"x"}},{"from":[5.9,8.407419,1.9350986],"to":[5.9,10.407419,3.9350986],"faces":{"east":{"uv":[1.875,9.75,1.625,10.0],"tintindex":0,"rotation":270,"texture":"#0"},"south":{"uv":[0.625,5.0,0.0,5.625],"tintindex":0,"rotation":0,"texture":"#0"},"north":{"uv":[5.125,5.5,4.5,4.875],"tintindex":0,"rotation":180,"texture":"#0"},"west":{"uv":[1.625,9.75,1.875,10.0],"tintindex":0,"rotation":270,"texture":"#0"},"up":{"uv":[0.0,5.75,0.625,6.25],"tintindex":0,"rotation":0,"texture":"#0"},"down":{"uv":[3.25,5.625,3.875,6.125],"tintindex":0,"rotation":180,"texture":"#0"}},"rotation":{"origin":[5.9,9.407419,3.4350986],"angle":22.5,"axis":"x"}},{"from":[5.7125,10.702828,4.2920055],"to":[5.7125,11.352828,4.5920057],"faces":{"east":{"uv":[1.75,3.875,1.875,4.0],"tintindex":0,"rotation":0,"texture":"#0"},"west":{"uv":[2.875,4.0,3.0,4.125],"tintindex":0,"rotation":0,"texture":"#0"}}},{"from":[9.3,9.552828,3.7420053],"to":[12.3,12.552828,6.7420053],"faces":{"east":{"uv":[2.75,7.625,3.125,8.0],"tintindex":0,"rotation":0,"texture":"#0"},"south":{"uv":[7.625,2.875,8.0,3.25],"tintindex":0,"rotation":0,"texture":"#0"},"north":{"uv":[2.25,7.625,2.625,8.0],"tintindex":0,"rotation":0,"texture":"#0"},"west":{"uv":[3.25,7.625,3.625,8.0],"tintindex":0,"rotation":0,"texture":"#0"},"up":{"uv":[8.0,3.75,7.625,3.375],"tintindex":0,"rotation":0,"texture":"#0"},"down":{"uv":[4.125,7.625,3.75,8.0],"tintindex":0,"rotation":0,"texture":"#0"}}}],"display":{"gui":{"rotation":[30,225,0]}}}