{"textures":{"0":"modelengine:entity/nocsy_mount_lizard_baby"},"elements":[{"from":[7.018423,6.2772307,4.041727],"to":[8.996424,8.255231,7.019727],"faces":{"east":{"uv":[8.5,5.0,8.125,5.25],"tintindex":0,"rotation":0,"texture":"#0"},"south":{"uv":[1.125,9.0,0.875,9.25],"tintindex":0,"rotation":0,"texture":"#0"},"north":{"uv":[9.25,0.75,9.0,1.0],"tintindex":0,"rotation":0,"texture":"#0"},"west":{"uv":[4.0,8.125,3.625,8.375],"tintindex":0,"rotation":0,"texture":"#0"},"up":{"uv":[2.5,5.0,2.75,4.625],"tintindex":0,"rotation":0,"texture":"#0"},"down":{"uv":[8.125,5.375,8.375,5.75],"tintindex":0,"rotation":0,"texture":"#0"}}},{"from":[8.001923,6.371731,2.5362267],"to":[8.001923,8.17173,5.536227],"faces":{"east":{"uv":[7.75,8.125,7.375,8.375],"tintindex":0,"rotation":0,"texture":"#0"},"west":{"uv":[8.5,6.375,8.125,6.625],"tintindex":0,"rotation":0,"texture":"#0"}}},{"from":[8.38274,6.2717304,4.676062],"to":[10.38274,8.27173,8.676062],"faces":{"east":{"uv":[8.5,0.875,8.0,1.125],"tintindex":0,"rotation":0,"texture":"#0"},"south":{"uv":[4.125,9.0,3.875,9.25],"tintindex":0,"rotation":0,"texture":"#0"},"north":{"uv":[9.25,2.75,9.0,3.0],"tintindex":0,"rotation":0,"texture":"#0"},"west":{"uv":[1.0,8.0,0.5,8.25],"tintindex":0,"rotation":0,"texture":"#0"},"up":{"uv":[7.0,8.375,7.25,7.875],"tintindex":0,"rotation":0,"texture":"#0"},"down":{"uv":[5.5,8.0,5.75,8.5],"tintindex":0,"rotation":0,"texture":"#0"}},"rotation":{"origin":[10.042463,7.2687206,6.44206],"angle":-22.5,"axis":"y"}},{"from":[4.643956,6.2717304,7.277269],"to":[6.643956,8.27173,11.277269],"faces":{"east":{"uv":[8.5,7.0,8.0,7.25],"tintindex":0,"rotation":0,"texture":"#0"},"south":{"uv":[4.875,9.0,4.625,9.25],"tintindex":0,"rotation":0,"texture":"#0"},"north":{"uv":[4.5,9.0,4.25,9.25],"tintindex":0,"rotation":0,"texture":"#0"},"west":{"uv":[6.375,8.0,5.875,8.25],"tintindex":0,"rotation":0,"texture":"#0"},"up":{"uv":[6.5,8.5,6.75,8.0],"tintindex":0,"rotation":0,"texture":"#0"},"down":{"uv":[8.0,7.375,8.25,7.875],"tintindex":0,"rotation":0,"texture":"#0"}},"rotation":{"origin":[-0.8157673,7.2687206,6.5432673],"angle":22.5,"axis":"y"}},{"from":[9.582741,6.371731,3.176062],"to":[9.582741,8.171731,6.176062],"faces":{"east":{"uv":[4.5,8.25,4.125,8.5],"tintindex":0,"rotation":0,"texture":"#0"},"west":{"uv":[8.625,3.875,8.25,4.125],"tintindex":0,"rotation":0,"texture":"#0"}},"rotation":{"origin":[10.042463,7.1687207,6.44206],"angle":-22.5,"axis":"y"}},{"from":[6.506923,6.2767305,7.0412273],"to":[9.4969225,7.7667303,8.531227],"faces":{"east":{"uv":[9.25,2.375,9.0,2.625],"tintindex":0,"rotation":0,"texture":"#0"},"south":{"uv":[1.5,8.25,1.125,8.5],"tintindex":0,"rotation":0,"texture":"#0"},"north":{"uv":[0.375,8.25,0.0,8.5],"tintindex":0,"rotation":0,"texture":"#0"},"west":{"uv":[9.25,1.125,9.0,1.375],"tintindex":0,"rotation":0,"texture":"#0"},"up":{"uv":[8.25,2.125,8.625,1.875],"tintindex":0,"rotation":0,"texture":"#0"},"down":{"uv":[8.25,2.25,8.625,2.5],"tintindex":0,"rotation":0,"texture":"#0"}}},{"from":[5.843956,6.371731,5.777269],"to":[5.843956,8.171731,8.777269],"faces":{"east":{"uv":[0.875,8.375,0.5,8.625],"tintindex":0,"rotation":0,"texture":"#0"},"west":{"uv":[5.0,8.25,4.625,8.5],"tintindex":0,"rotation":0,"texture":"#0"}},"rotation":{"origin":[-0.8157673,7.1687207,6.5432673],"angle":22.5,"axis":"y"}}],"display":{"gui":{"rotation":[30,225,0]}}}