{"textures":{"0":"modelengine:entity/nocsy_mount_lizard_baby"},"elements":[{"from":[5.7172427,3.8956256,5.4758344],"to":[9.717243,8.895626,9.475834],"faces":{"east":{"uv":[5.875,5.875,5.375,6.5],"tintindex":0,"rotation":0,"texture":"#0"},"south":{"uv":[5.25,5.875,4.75,6.5],"tintindex":0,"rotation":0,"texture":"#0"},"north":{"uv":[6.375,2.25,5.875,2.875],"tintindex":0,"rotation":0,"texture":"#0"},"west":{"uv":[6.375,3.0,5.875,3.625],"tintindex":0,"rotation":0,"texture":"#0"},"up":{"uv":[7.0,0.5,7.5,0.0],"tintindex":0,"rotation":0,"texture":"#0"},"down":{"uv":[2.5,7.0,3.0,7.5],"tintindex":0,"rotation":0,"texture":"#0"}}}],"display":{"gui":{"rotation":[30,225,0]}}}