{"textures":{"0":"modelengine:entity/nocsy_mount_lizard_baby"},"elements":[{"from":[5.436468,3.8290033,6.672698],"to":[9.436468,8.829003,10.672698],"faces":{"east":{"uv":[7.0,2.25,6.5,2.875],"tintindex":0,"rotation":0,"texture":"#0"},"south":{"uv":[2.375,6.5,1.875,7.125],"tintindex":0,"rotation":0,"texture":"#0"},"north":{"uv":[1.125,6.5,0.625,7.125],"tintindex":0,"rotation":0,"texture":"#0"},"west":{"uv":[1.75,6.5,1.25,7.125],"tintindex":0,"rotation":0,"texture":"#0"},"up":{"uv":[0.0,7.625,0.5,7.125],"tintindex":0,"rotation":0,"texture":"#0"},"down":{"uv":[7.125,2.25,7.625,2.75],"tintindex":0,"rotation":0,"texture":"#0"}}}],"display":{"gui":{"rotation":[30,225,0]}}}