{"textures":{"0":"modelengine:entity/nocsy_mount_lizard_baby"},"elements":[{"from":[6.3594456,3.1807466,5.9723744],"to":[9.359446,9.180746,8.972374],"faces":{"east":{"uv":[7.0,5.625,6.625,6.375],"tintindex":0,"rotation":0,"texture":"#0"},"south":{"uv":[5.875,6.625,5.5,7.375],"tintindex":0,"rotation":0,"texture":"#0"},"north":{"uv":[4.875,6.625,4.5,7.375],"tintindex":0,"rotation":0,"texture":"#0"},"west":{"uv":[5.375,6.625,5.0,7.375],"tintindex":0,"rotation":0,"texture":"#0"},"up":{"uv":[7.625,5.375,8.0,5.0],"tintindex":0,"rotation":0,"texture":"#0"},"down":{"uv":[7.625,5.5,8.0,5.875],"tintindex":0,"rotation":0,"texture":"#0"}}}],"display":{"gui":{"rotation":[30,225,0]}}}