{"textures":{"0":"modelengine:entity/nocsy_mount_lizard_baby"},"elements":[{"from":[6.954417,3.1212912,7.5821996],"to":[9.954417,8.121291,9.5822],"faces":{"east":{"uv":[5.375,7.5,5.125,8.125],"tintindex":0,"rotation":0,"texture":"#0"},"south":{"uv":[1.0,7.25,0.625,7.875],"tintindex":0,"rotation":0,"texture":"#0"},"north":{"uv":[7.375,7.125,7.0,7.75],"tintindex":0,"rotation":0,"texture":"#0"},"west":{"uv":[5.0,7.5,4.75,8.125],"tintindex":0,"rotation":0,"texture":"#0"},"up":{"uv":[1.5,9.0,1.875,8.75],"tintindex":0,"rotation":0,"texture":"#0"},"down":{"uv":[8.75,1.625,9.125,1.875],"tintindex":0,"rotation":0,"texture":"#0"}}}],"display":{"gui":{"rotation":[30,225,0]}}}