{"textures":{"0":"modelengine:entity/nocsy_mount_lizard_baby"},"elements":[{"from":[7.122759,6.574472,6.953521],"to":[10.122759,9.574472,13.953522],"faces":{"east":{"uv":[6.125,5.375,5.25,5.75],"tintindex":0,"rotation":0,"texture":"#0"},"south":{"uv":[8.125,2.375,7.75,2.75],"tintindex":0,"rotation":0,"texture":"#0"},"north":{"uv":[8.125,1.875,7.75,2.25],"tintindex":0,"rotation":0,"texture":"#0"},"west":{"uv":[6.25,4.375,5.375,4.75],"tintindex":0,"rotation":0,"texture":"#0"},"up":{"uv":[0.75,6.375,1.125,5.5],"tintindex":0,"rotation":0,"texture":"#0"},"down":{"uv":[5.625,1.25,6.0,2.125],"tintindex":0,"rotation":0,"texture":"#0"}}}],"display":{"gui":{"rotation":[30,225,0]}}}