{"textures":{"0":"modelengine:entity/nocsy_mount_lizard_baby"},"elements":[{"from":[5.51,14.348835,4.3932066],"to":[10.49,16.328835,9.373206],"faces":{"east":{"uv":[7.25,1.125,7.875,1.375],"tintindex":0,"rotation":0,"texture":"#0"},"south":{"uv":[1.75,7.25,2.375,7.5],"tintindex":0,"rotation":0,"texture":"#0"},"north":{"uv":[7.125,6.125,7.75,6.375],"tintindex":0,"rotation":0,"texture":"#0"},"west":{"uv":[7.375,1.5,8.0,1.75],"tintindex":0,"rotation":0,"texture":"#0"},"up":{"uv":[5.5,2.25,4.875,1.625],"tintindex":0,"rotation":0,"texture":"#0"},"down":{"uv":[4.375,4.875,3.75,5.5],"tintindex":0,"rotation":0,"texture":"#0"}},"rotation":{"origin":[7.755,17.343834,7.1382065],"angle":-22.5,"axis":"x"}},{"from":[5.0,8.024775,7.969835],"to":[11.0,14.024775,13.969835],"faces":{"east":{"uv":[3.25,0.875,4.0,1.625],"tintindex":0,"rotation":0,"texture":"#0"},"south":{"uv":[3.125,3.5,3.875,4.25],"tintindex":0,"rotation":0,"texture":"#0"},"north":{"uv":[3.25,0.0,4.0,0.75],"tintindex":0,"rotation":0,"texture":"#0"},"west":{"uv":[2.0,3.75,2.75,4.5],"tintindex":0,"rotation":0,"texture":"#0"},"up":{"uv":[1.625,4.625,0.875,3.875],"tintindex":0,"rotation":0,"texture":"#0"},"down":{"uv":[4.75,1.75,4.0,2.5],"tintindex":0,"rotation":0,"texture":"#0"}},"rotation":{"origin":[7.75,8.191341,8.11194],"angle":-22.5,"axis":"x"}}],"display":{"gui":{"rotation":[30,225,0]}}}