{"textures":{"0":"modelengine:entity/nocsy_mount_lizard_baby"},"elements":[{"from":[6.6405544,3.1807466,5.9723744],"to":[9.640554,9.180746,8.972374],"faces":{"east":{"uv":[5.0,6.625,5.375,7.375],"tintindex":0,"rotation":0,"texture":"#0"},"south":{"uv":[5.5,6.625,5.875,7.375],"tintindex":0,"rotation":0,"texture":"#0"},"north":{"uv":[4.5,6.625,4.875,7.375],"tintindex":0,"rotation":0,"texture":"#0"},"west":{"uv":[6.625,5.625,7.0,6.375],"tintindex":0,"rotation":0,"texture":"#0"},"up":{"uv":[8.0,5.375,7.625,5.0],"tintindex":0,"rotation":0,"texture":"#0"},"down":{"uv":[8.0,5.5,7.625,5.875],"tintindex":0,"rotation":0,"texture":"#0"}}}],"display":{"gui":{"rotation":[30,225,0]}}}