{"textures":{"0":"modelengine:entity/nocsy_mount_lizard_baby"},"elements":[{"from":[5.877241,6.574472,6.953521],"to":[8.877241,9.574472,13.953522],"faces":{"east":{"uv":[5.375,4.375,6.25,4.75],"tintindex":0,"rotation":0,"texture":"#0"},"south":{"uv":[7.75,2.375,8.125,2.75],"tintindex":0,"rotation":0,"texture":"#0"},"north":{"uv":[7.75,1.875,8.125,2.25],"tintindex":0,"rotation":0,"texture":"#0"},"west":{"uv":[5.25,5.375,6.125,5.75],"tintindex":0,"rotation":0,"texture":"#0"},"up":{"uv":[1.125,6.375,0.75,5.5],"tintindex":0,"rotation":0,"texture":"#0"},"down":{"uv":[6.0,1.25,5.625,2.125],"tintindex":0,"rotation":0,"texture":"#0"}}}],"display":{"gui":{"rotation":[30,225,0]}}}