{"textures":{"0":"modelengine:entity/nocsy_mount_lizard_baby"},"elements":[{"from":[6.0455832,3.1212912,7.5821996],"to":[9.045583,8.121291,9.5822],"faces":{"east":{"uv":[4.75,7.5,5.0,8.125],"tintindex":0,"rotation":0,"texture":"#0"},"south":{"uv":[0.625,7.25,1.0,7.875],"tintindex":0,"rotation":0,"texture":"#0"},"north":{"uv":[7.0,7.125,7.375,7.75],"tintindex":0,"rotation":0,"texture":"#0"},"west":{"uv":[5.125,7.5,5.375,8.125],"tintindex":0,"rotation":0,"texture":"#0"},"up":{"uv":[1.875,9.0,1.5,8.75],"tintindex":0,"rotation":0,"texture":"#0"},"down":{"uv":[9.125,1.625,8.75,1.875],"tintindex":0,"rotation":0,"texture":"#0"}}}],"display":{"gui":{"rotation":[30,225,0]}}}