{"textures":{"0":"modelengine:entity/nocsy_mount_lizard_baby"},"elements":[{"from":[6.2827573,3.8956256,5.4758344],"to":[10.282757,8.895626,9.475834],"faces":{"east":{"uv":[5.875,3.0,6.375,3.625],"tintindex":0,"rotation":0,"texture":"#0"},"south":{"uv":[4.75,5.875,5.25,6.5],"tintindex":0,"rotation":0,"texture":"#0"},"north":{"uv":[5.875,2.25,6.375,2.875],"tintindex":0,"rotation":0,"texture":"#0"},"west":{"uv":[5.375,5.875,5.875,6.5],"tintindex":0,"rotation":0,"texture":"#0"},"up":{"uv":[7.5,0.5,7.0,0.0],"tintindex":0,"rotation":0,"texture":"#0"},"down":{"uv":[3.0,7.0,2.5,7.5],"tintindex":0,"rotation":0,"texture":"#0"}}}],"display":{"gui":{"rotation":[30,225,0]}}}