{"textures":{"0":"modelengine:entity/nocsy_mount_lizard_baby"},"elements":[{"from":[6.563532,3.8290033,6.672698],"to":[10.563532,8.829003,10.672698],"faces":{"east":{"uv":[1.25,6.5,1.75,7.125],"tintindex":0,"rotation":0,"texture":"#0"},"south":{"uv":[1.875,6.5,2.375,7.125],"tintindex":0,"rotation":0,"texture":"#0"},"north":{"uv":[0.625,6.5,1.125,7.125],"tintindex":0,"rotation":0,"texture":"#0"},"west":{"uv":[6.5,2.25,7.0,2.875],"tintindex":0,"rotation":0,"texture":"#0"},"up":{"uv":[0.5,7.625,0.0,7.125],"tintindex":0,"rotation":0,"texture":"#0"},"down":{"uv":[7.625,2.25,7.125,2.75],"tintindex":0,"rotation":0,"texture":"#0"}}}],"display":{"gui":{"rotation":[30,225,0]}}}