{"textures":{"0":"modelengine:entity/nocsy_mount_lizard_baby"},"elements":[{"from":[6.01,7.399235,8.095195],"to":[9.99,10.379234,16.075195],"faces":{"east":{"uv":[5.0,0.75,6.0,1.125],"tintindex":0,"rotation":0,"texture":"#0"},"south":{"uv":[1.125,7.25,1.625,7.625],"tintindex":0,"rotation":0,"texture":"#0"},"north":{"uv":[7.25,0.625,7.75,1.0],"tintindex":0,"rotation":0,"texture":"#0"},"west":{"uv":[2.5,5.125,3.5,5.5],"tintindex":0,"rotation":0,"texture":"#0"},"up":{"uv":[4.5,3.625,4.0,2.625],"tintindex":0,"rotation":0,"texture":"#0"},"down":{"uv":[4.5,3.75,4.0,4.75],"tintindex":0,"rotation":0,"texture":"#0"}},"rotation":{"origin":[8.755,6.944234,12.590195],"angle":-22.5,"axis":"x"}}],"display":{"gui":{"rotation":[30,225,0]}}}