{"textures":{"0":"modelengine:entity/nocsy_mount_lizard_baby"},"elements":[{"from":[5.51,4.3551984,9.217745],"to":[10.49,9.335197,14.197744],"faces":{"east":{"uv":[4.625,2.625,5.25,3.25],"tintindex":0,"rotation":0,"texture":"#0"},"south":{"uv":[4.625,3.375,5.25,4.0],"tintindex":0,"rotation":0,"texture":"#0"},"north":{"uv":[1.75,4.625,2.375,5.25],"tintindex":0,"rotation":0,"texture":"#0"},"west":{"uv":[4.625,4.125,5.25,4.75],"tintindex":0,"rotation":0,"texture":"#0"},"up":{"uv":[1.375,5.375,0.75,4.75],"tintindex":0,"rotation":0,"texture":"#0"},"down":{"uv":[5.5,0.0,4.875,0.625],"tintindex":0,"rotation":0,"texture":"#0"}},"rotation":{"origin":[8.255,5.600198,11.712745],"angle":-22.5,"axis":"x"}}],"display":{"gui":{"rotation":[30,225,0]}}}