{"textures":{"0":"modelengine:entity/nocsy_mount_lizard_baby"},"elements":[{"from":[8.1325,7.9991713,7.859894],"to":[10.112499,9.979171,17.839891],"faces":{"east":{"uv":[5.625,0.0,6.875,0.25],"tintindex":0,"rotation":0,"texture":"#0"},"south":{"uv":[9.0,0.375,9.25,0.625],"tintindex":0,"rotation":0,"texture":"#0"},"north":{"uv":[7.375,1.875,7.625,2.125],"tintindex":0,"rotation":0,"texture":"#0"},"west":{"uv":[5.625,0.375,6.875,0.625],"tintindex":0,"rotation":0,"texture":"#0"},"up":{"uv":[2.75,6.875,2.5,5.625],"tintindex":0,"rotation":0,"texture":"#0"},"down":{"uv":[3.125,5.625,2.875,6.875],"tintindex":0,"rotation":0,"texture":"#0"}},"rotation":{"origin":[9.8775,6.5441713,12.354894],"angle":-22.5,"axis":"x"}}],"display":{"gui":{"rotation":[30,225,0]}}}