{"textures":{"0":"modelengine:entity/manticore_venom"},"elements":[{"from":[3.3927345,12.230567,-4.3087006],"to":[13.392735,15.230567,0.69129944],"faces":{"east":{"uv":[5.125,9.3125,5.4375,9.5],"tintindex":0,"rotation":0,"texture":"#0"},"south":{"uv":[8.125,5.0625,8.75,5.25],"tintindex":0,"rotation":0,"texture":"#0"},"north":{"uv":[8.125,5.0625,8.75,5.25],"tintindex":0,"rotation":0,"texture":"#0"},"west":{"uv":[6.0625,9.3125,6.375,9.5],"tintindex":0,"rotation":0,"texture":"#0"},"up":{"uv":[2.5625,8.1875,1.9375,7.875],"tintindex":0,"rotation":0,"texture":"#0"},"down":{"uv":[2.5625,8.1875,1.9375,7.875],"tintindex":0,"rotation":0,"texture":"#0"}},"rotation":{"origin":[8.392735,13.730567,-1.8087006],"angle":-45.0,"axis":"x"}},{"from":[8.817735,7.508993,-6.226595],"to":[16.792734,12.208993,-6.226595],"faces":{"south":{"uv":[8.1875,0.375,8.6875,0.6875],"tintindex":0,"rotation":0,"texture":"#0"},"north":{"uv":[8.6875,0.375,8.1875,0.6875],"tintindex":0,"rotation":0,"texture":"#0"}}},{"from":[10.084076,10.8470545,-6.476595],"to":[15.084076,12.8470545,-2.476595],"faces":{"east":{"uv":[9.625,3.9375,9.375,4.0625],"tintindex":0,"rotation":0,"texture":"#0"},"south":{"uv":[9.625,7.1875,9.3125,7.3125],"tintindex":0,"rotation":0,"texture":"#0"},"north":{"uv":[9.625,7.0,9.3125,7.125],"tintindex":0,"rotation":0,"texture":"#0"},"west":{"uv":[9.625,3.75,9.375,3.875],"tintindex":0,"rotation":0,"texture":"#0"},"up":{"uv":[6.875,9.0625,7.1875,8.8125],"tintindex":0,"rotation":0,"texture":"#0"},"down":{"uv":[1.125,8.875,1.4375,9.125],"tintindex":0,"rotation":0,"texture":"#0"}},"rotation":{"origin":[12.584076,11.8470545,-4.476595],"angle":22.5,"axis":"z"}},{"from":[9.582418,10.715842,0.87340546],"to":[16.582417,21.715843,0.87340546],"faces":{"south":{"uv":[5.0625,6.875,5.5,7.5625],"tintindex":0,"rotation":0,"texture":"#0"},"north":{"uv":[5.5,6.875,5.0625,7.5625],"tintindex":0,"rotation":0,"texture":"#0"}},"rotation":{"origin":[13.082418,16.215843,0.87340546],"angle":-22.5,"axis":"z"}},{"from":[12.317669,4.5589933,-4.9926453],"to":[15.317669,10.558993,1.0073547],"faces":{"east":{"uv":[7.5625,8.3125,7.9375,8.6875],"tintindex":0,"rotation":0,"texture":"#0"},"south":{"uv":[4.8125,8.875,5.0,9.25],"tintindex":0,"rotation":0,"texture":"#0"},"north":{"uv":[1.5,8.875,1.6875,9.25],"tintindex":0,"rotation":0,"texture":"#0"},"west":{"uv":[0.9375,8.375,1.3125,8.75],"tintindex":0,"rotation":0,"texture":"#0"},"up":{"uv":[8.0625,9.25,7.875,8.875],"tintindex":0,"rotation":0,"texture":"#0"},"down":{"uv":[8.0625,8.875,7.875,9.25],"tintindex":0,"rotation":0,"texture":"#0"}},"rotation":{"origin":[13.817669,7.5589933,-1.9926453],"angle":22.5,"axis":"y"}},{"from":[1.4678001,4.5589933,-4.9926453],"to":[4.4678,10.558993,1.0073547],"faces":{"east":{"uv":[1.3125,8.375,0.9375,8.75],"tintindex":0,"rotation":0,"texture":"#0"},"south":{"uv":[5.0,8.875,4.8125,9.25],"tintindex":0,"rotation":0,"texture":"#0"},"north":{"uv":[1.6875,8.875,1.5,9.25],"tintindex":0,"rotation":0,"texture":"#0"},"west":{"uv":[7.9375,8.3125,7.5625,8.6875],"tintindex":0,"rotation":0,"texture":"#0"},"up":{"uv":[7.875,9.25,8.0625,8.875],"tintindex":0,"rotation":0,"texture":"#0"},"down":{"uv":[7.875,8.875,8.0625,9.25],"tintindex":0,"rotation":0,"texture":"#0"}},"rotation":{"origin":[2.9678001,7.5589933,-1.9926453],"angle":-22.5,"axis":"y"}},{"from":[-0.007265091,7.508993,-6.226595],"to":[7.967735,12.208993,-6.226595],"faces":{"south":{"uv":[8.6875,0.375,8.1875,0.6875],"tintindex":0,"rotation":0,"texture":"#0"},"north":{"uv":[8.1875,0.375,8.6875,0.6875],"tintindex":0,"rotation":0,"texture":"#0"}}},{"from":[10.125273,1.2143698,-9.076593],"to":[19.125273,9.21437,-9.076593],"faces":{"south":{"uv":[5.125,2.8125,5.6875,3.3125],"tintindex":0,"rotation":0,"texture":"#0"},"north":{"uv":[5.6875,2.8125,5.125,3.3125],"tintindex":0,"rotation":0,"texture":"#0"}},"rotation":{"origin":[14.625273,5.21437,-9.076593],"angle":-22.5,"axis":"z"}},{"from":[4.8927345,1.5589933,-11.101595],"to":[4.8927345,4.5589933,-6.101595],"faces":{"east":{"uv":[5.0625,9.3125,4.75,9.5],"tintindex":0,"rotation":0,"texture":"#0"},"west":{"uv":[4.75,9.3125,5.0625,9.5],"tintindex":0,"rotation":0,"texture":"#0"}}},{"from":[2.3927345,2.5589933,-6.101595],"to":[14.392735,13.558993,3.898405],"faces":{"east":{"uv":[6.5625,5.125,7.1875,5.8125],"tintindex":0,"rotation":0,"texture":"#0"},"south":{"uv":[5.875,6.125,6.625,6.8125],"tintindex":0,"rotation":0,"texture":"#0"},"north":{"uv":[5.0625,6.125,5.8125,6.8125],"tintindex":0,"rotation":0,"texture":"#0"},"west":{"uv":[0.0,6.625,0.625,7.3125],"tintindex":0,"rotation":0,"texture":"#0"},"up":{"uv":[6.9375,0.625,6.1875,0.0],"tintindex":0,"rotation":0,"texture":"#0"},"down":{"uv":[3.125,6.1875,2.375,6.8125],"tintindex":0,"rotation":0,"texture":"#0"}}},{"from":[1.7013927,10.8470545,-6.476595],"to":[6.701393,12.8470545,-2.476595],"faces":{"east":{"uv":[9.375,3.75,9.625,3.875],"tintindex":0,"rotation":0,"texture":"#0"},"south":{"uv":[9.3125,7.1875,9.625,7.3125],"tintindex":0,"rotation":0,"texture":"#0"},"north":{"uv":[9.3125,7.0,9.625,7.125],"tintindex":0,"rotation":0,"texture":"#0"},"west":{"uv":[9.375,3.9375,9.625,4.0625],"tintindex":0,"rotation":0,"texture":"#0"},"up":{"uv":[7.1875,9.0625,6.875,8.8125],"tintindex":0,"rotation":0,"texture":"#0"},"down":{"uv":[1.4375,8.875,1.125,9.125],"tintindex":0,"rotation":0,"texture":"#0"}},"rotation":{"origin":[4.2013927,11.8470545,-4.476595],"angle":-22.5,"axis":"z"}},{"from":[11.892735,1.5589933,-11.101595],"to":[11.892735,4.5589933,-6.101595],"faces":{"east":{"uv":[9.3125,6.5,9.625,6.6875],"tintindex":0,"rotation":0,"texture":"#0"},"west":{"uv":[9.3125,6.75,9.625,6.9375],"tintindex":0,"rotation":0,"texture":"#0"}}},{"from":[-2.3398037,1.2143698,-9.076593],"to":[6.660197,9.21437,-9.076593],"faces":{"south":{"uv":[5.6875,2.8125,5.125,3.3125],"tintindex":0,"rotation":0,"texture":"#0"},"north":{"uv":[5.125,2.8125,5.6875,3.3125],"tintindex":0,"rotation":0,"texture":"#0"}},"rotation":{"origin":[2.1601968,5.21437,-9.076593],"angle":22.5,"axis":"z"}},{"from":[4.8927345,4.5589933,-11.101595],"to":[11.892735,8.558993,-6.101595],"faces":{"east":{"uv":[8.8125,5.0,9.125,5.25],"tintindex":0,"rotation":0,"texture":"#0"},"south":{"uv":[8.4375,4.375,8.875,4.625],"tintindex":0,"rotation":0,"texture":"#0"},"north":{"uv":[3.0625,8.4375,3.5,8.6875],"tintindex":0,"rotation":0,"texture":"#0"},"west":{"uv":[5.75,8.8125,6.0625,9.0625],"tintindex":0,"rotation":0,"texture":"#0"},"up":{"uv":[6.625,1.0,6.1875,0.6875],"tintindex":0,"rotation":0,"texture":"#0"},"down":{"uv":[5.6875,8.375,5.25,8.6875],"tintindex":0,"rotation":0,"texture":"#0"}}},{"from":[-0.10726547,18.66283,-1.5198746],"to":[16.892735,18.66283,9.480125],"faces":{"up":{"uv":[1.0625,4.6875,0.0,4.0],"tintindex":0,"rotation":0,"texture":"#0"},"down":{"uv":[1.0625,4.0,0.0,4.6875],"tintindex":0,"rotation":0,"texture":"#0"}},"rotation":{"origin":[8.392735,18.66283,3.9801254],"angle":-22.5,"axis":"x"}},{"from":[-0.10726547,0.55899334,-1.1015949],"to":[16.892735,16.558994,8.898405],"faces":{"east":{"uv":[5.5,0.0,6.125,1.0],"tintindex":0,"rotation":0,"texture":"#0"},"south":{"uv":[2.875,2.0,3.9375,3.0],"tintindex":0,"rotation":0,"texture":"#0"},"north":{"uv":[2.875,2.0,3.9375,3.0],"tintindex":0,"rotation":0,"texture":"#0"},"west":{"uv":[0.0,5.5625,0.625,6.5625],"tintindex":0,"rotation":0,"texture":"#0"},"up":{"uv":[5.375,6.0625,4.3125,5.4375],"tintindex":0,"rotation":0,"texture":"#0"},"down":{"uv":[5.375,6.0625,4.3125,5.4375],"tintindex":0,"rotation":0,"texture":"#0"}}},{"from":[5.8927345,7.215849,-11.61376],"to":[10.892735,11.21585,-4.613762],"faces":{"east":{"uv":[0.0,8.4375,0.4375,8.6875],"tintindex":0,"rotation":0,"texture":"#0"},"south":{"uv":[3.75,8.8125,4.0625,9.0625],"tintindex":0,"rotation":0,"texture":"#0"},"north":{"uv":[3.375,8.8125,3.6875,9.0625],"tintindex":0,"rotation":0,"texture":"#0"},"west":{"uv":[2.5625,8.4375,3.0,8.6875],"tintindex":0,"rotation":0,"texture":"#0"},"up":{"uv":[1.6875,8.8125,1.375,8.375],"tintindex":0,"rotation":0,"texture":"#0"},"down":{"uv":[5.1875,8.375,4.875,8.8125],"tintindex":0,"rotation":0,"texture":"#0"}},"rotation":{"origin":[8.392735,9.21585,-8.11376],"angle":-22.5,"axis":"x"}},{"from":[0.20305157,10.715842,0.87340546],"to":[7.2030516,21.715843,0.87340546],"faces":{"south":{"uv":[5.5,6.875,5.0625,7.5625],"tintindex":0,"rotation":0,"texture":"#0"},"north":{"uv":[5.0625,6.875,5.5,7.5625],"tintindex":0,"rotation":0,"texture":"#0"}},"rotation":{"origin":[3.703051,16.215843,0.87340546],"angle":22.5,"axis":"z"}},{"from":[18.99657,0.55899334,-1.5198746],"to":[18.99657,16.558994,9.480125],"faces":{"east":{"uv":[4.25,5.125,3.5625,6.125],"tintindex":0,"rotation":0,"texture":"#0"},"west":{"uv":[3.5625,5.125,4.25,6.125],"tintindex":0,"rotation":0,"texture":"#0"}},"rotation":{"origin":[18.99657,8.558993,3.9801254],"angle":22.5,"axis":"y"}},{"from":[-0.10726547,-1.546689,-1.5206394],"to":[16.892735,-1.546689,9.47936],"faces":{"up":{"uv":[1.0625,4.6875,0.0,4.0],"tintindex":0,"rotation":0,"texture":"#0"},"down":{"uv":[1.0625,4.0,0.0,4.6875],"tintindex":0,"rotation":0,"texture":"#0"}},"rotation":{"origin":[8.392735,-1.546689,3.9793606],"angle":22.5,"axis":"x"}},{"from":[-2.2111006,0.55899334,-1.5198746],"to":[-2.2111006,16.558994,9.480125],"faces":{"east":{"uv":[4.25,5.125,3.5625,6.125],"tintindex":0,"rotation":0,"texture":"#0"},"west":{"uv":[3.5625,5.125,4.25,6.125],"tintindex":0,"rotation":0,"texture":"#0"}},"rotation":{"origin":[-2.2111006,8.558993,3.9801254],"angle":-22.5,"axis":"y"}}],"display":{"gui":{"rotation":[30,225,0]}}}