{"textures":{"0":"modelengine:entity/manticore_venom"},"elements":[{"from":[8.384264,4.2482142,1.9357648],"to":[12.384264,8.248215,5.9357643],"faces":{"east":{"uv":[4.125,8.9375,4.375,9.1875],"tintindex":0,"rotation":0,"texture":"#0"},"south":{"uv":[4.125,8.9375,4.375,9.1875],"tintindex":0,"rotation":0,"texture":"#0"},"north":{"uv":[4.125,8.9375,4.375,9.1875],"tintindex":0,"rotation":0,"texture":"#0"},"west":{"uv":[8.9375,5.3125,9.1875,5.5625],"tintindex":0,"rotation":0,"texture":"#0"},"up":{"uv":[9.1875,6.125,8.9375,5.875],"tintindex":0,"rotation":0,"texture":"#0"},"down":{"uv":[9.1875,6.125,8.9375,5.875],"tintindex":0,"rotation":0,"texture":"#0"}},"rotation":{"origin":[10.384264,6.2482142,3.9357643],"angle":-22.5,"axis":"y"}},{"from":[5.899645,4.2732143,1.1016035],"to":[9.899645,8.273214,5.1016035],"faces":{"east":{"uv":[8.9375,5.3125,9.1875,5.5625],"tintindex":0,"rotation":0,"texture":"#0"},"south":{"uv":[4.125,8.9375,4.375,9.1875],"tintindex":0,"rotation":0,"texture":"#0"},"north":{"uv":[4.125,8.9375,4.375,9.1875],"tintindex":0,"rotation":0,"texture":"#0"},"west":{"uv":[8.9375,5.3125,9.1875,5.5625],"tintindex":0,"rotation":0,"texture":"#0"},"up":{"uv":[9.1875,6.125,8.9375,5.875],"tintindex":0,"rotation":0,"texture":"#0"},"down":{"uv":[9.1875,6.125,8.9375,5.875],"tintindex":0,"rotation":0,"texture":"#0"}}},{"from":[7.899645,4.2732143,-2.8983965],"to":[7.899645,8.273214,1.1016035],"faces":{"east":{"uv":[9.25,1.0,9.0,1.25],"tintindex":0,"rotation":0,"texture":"#0"},"west":{"uv":[9.0,1.0,9.25,1.25],"tintindex":0,"rotation":0,"texture":"#0"}}},{"from":[11.914997,4.2482142,-1.7597532],"to":[11.914997,8.248215,2.2402463],"faces":{"east":{"uv":[9.25,1.0,9.0,1.25],"tintindex":0,"rotation":0,"texture":"#0"},"west":{"uv":[9.0,1.0,9.25,1.25],"tintindex":0,"rotation":0,"texture":"#0"}},"rotation":{"origin":[11.914997,6.2482142,0.2402463],"angle":-22.5,"axis":"y"}},{"from":[3.6459818,4.2482142,1.853692],"to":[7.645982,8.248215,5.853692],"faces":{"east":{"uv":[8.9375,5.3125,9.1875,5.5625],"tintindex":0,"rotation":0,"texture":"#0"},"south":{"uv":[4.125,8.9375,4.375,9.1875],"tintindex":0,"rotation":0,"texture":"#0"},"north":{"uv":[4.125,8.9375,4.375,9.1875],"tintindex":0,"rotation":0,"texture":"#0"},"west":{"uv":[8.9375,5.3125,9.1875,5.5625],"tintindex":0,"rotation":0,"texture":"#0"},"up":{"uv":[9.1875,6.125,8.9375,5.875],"tintindex":0,"rotation":0,"texture":"#0"},"down":{"uv":[9.1875,6.125,8.9375,5.875],"tintindex":0,"rotation":0,"texture":"#0"}},"rotation":{"origin":[5.645982,6.2482142,3.853692],"angle":22.5,"axis":"y"}},{"from":[4.1152477,4.2482142,-1.8418264],"to":[4.1152477,8.248215,2.158174],"faces":{"east":{"uv":[9.25,1.0,9.0,1.25],"tintindex":0,"rotation":0,"texture":"#0"},"west":{"uv":[9.0,1.0,9.25,1.25],"tintindex":0,"rotation":0,"texture":"#0"}},"rotation":{"origin":[4.1152477,6.2482142,0.15817404],"angle":22.5,"axis":"y"}},{"from":[4.6402225,4.223214,4.1089163],"to":[11.640223,8.198215,10.108916],"faces":{"east":{"uv":[8.5625,8.25,8.9375,8.5],"tintindex":0,"rotation":0,"texture":"#0"},"south":{"uv":[8.4375,4.6875,8.875,4.9375],"tintindex":0,"rotation":0,"texture":"#0"},"north":{"uv":[8.4375,4.6875,8.875,4.9375],"tintindex":0,"rotation":0,"texture":"#0"},"west":{"uv":[8.5625,8.25,8.9375,8.5],"tintindex":0,"rotation":0,"texture":"#0"},"up":{"uv":[7.1875,5.0625,6.75,4.6875],"tintindex":0,"rotation":0,"texture":"#0"},"down":{"uv":[7.1875,5.0625,6.75,4.6875],"tintindex":0,"rotation":0,"texture":"#0"}}}],"display":{"gui":{"rotation":[30,225,0]}}}