{"textures":{"0":"modelengine:entity/manticore_venom"},"elements":[{"from":[5.622694,-1.6973152,2.9991055],"to":[10.622694,9.302685,8.999105],"faces":{"east":{"uv":[7.3125,3.9375,7.6875,4.625],"tintindex":0,"rotation":0,"texture":"#0"},"south":{"uv":[1.1875,7.625,1.5,8.3125],"tintindex":0,"rotation":0,"texture":"#0"},"north":{"uv":[1.1875,7.625,1.5,8.3125],"tintindex":0,"rotation":0,"texture":"#0"},"west":{"uv":[7.3125,3.9375,7.6875,4.625],"tintindex":0,"rotation":0,"texture":"#0"},"up":{"uv":[1.9375,5.9375,1.625,5.5625],"tintindex":0,"rotation":0,"texture":"#0"},"down":{"uv":[1.9375,5.9375,1.625,5.5625],"tintindex":0,"rotation":0,"texture":"#0"}},"rotation":{"origin":[8.122694,3.8026848,5.9991055],"angle":22.5,"axis":"x"}}],"display":{"gui":{"rotation":[30,225,0]}}}