{"textures":{"0":"modelengine:entity/manticore_venom"},"elements":[{"from":[3.0278158,-0.04049778,6.0],"to":[7.027816,1.9595022,10.0],"faces":{"east":{"uv":[9.375,7.375,9.625,7.5],"tintindex":0,"rotation":0,"texture":"#0"},"south":{"uv":[9.375,7.5625,9.625,7.6875],"tintindex":0,"rotation":0,"texture":"#0"},"north":{"uv":[9.375,6.1875,9.625,6.3125],"tintindex":0,"rotation":0,"texture":"#0"},"west":{"uv":[3.25,9.4375,3.5,9.5625],"tintindex":0,"rotation":0,"texture":"#0"},"up":{"uv":[9.5625,1.25,9.3125,1.0],"tintindex":0,"rotation":0,"texture":"#0"},"down":{"uv":[1.6875,9.3125,1.4375,9.5625],"tintindex":0,"rotation":0,"texture":"#0"}}},{"from":[4.944369,0.5809946,6.5],"to":[7.944369,8.580996,9.5],"faces":{"east":{"uv":[4.5625,8.5625,4.75,9.0625],"tintindex":0,"rotation":0,"texture":"#0"},"south":{"uv":[0.9375,7.75,1.125,8.25],"tintindex":0,"rotation":0,"texture":"#0"},"north":{"uv":[0.9375,7.75,1.125,8.25],"tintindex":0,"rotation":0,"texture":"#0"},"west":{"uv":[4.5625,8.5625,4.75,9.0625],"tintindex":0,"rotation":0,"texture":"#0"},"up":{"uv":[5.6875,9.3125,5.5,9.5],"tintindex":0,"rotation":0,"texture":"#0"},"down":{"uv":[5.6875,9.3125,5.5,9.5],"tintindex":0,"rotation":0,"texture":"#0"}},"rotation":{"origin":[6.444369,4.5809946,8.0],"angle":-22.5,"axis":"z"}}],"display":{"gui":{"rotation":[30,225,0]}}}