{"textures":{"0":"modelengine:entity/manticore_venom"},"elements":[{"from":[-6.0125,8.25,8.75],"to":[8.0125,8.25,24.25],"faces":{"up":{"uv":[1.75,1.9375,0.0,0.0],"tintindex":0,"rotation":0,"texture":"#0"},"down":{"uv":[1.75,0.0,0.0,1.9375],"tintindex":0,"rotation":0,"texture":"#0"}}},{"from":[-4.5125,7.25,7.25],"to":[8.0125,8.25,8.75],"faces":{"east":{"uv":[9.5,3.25,9.6875,3.375],"tintindex":0,"rotation":0,"texture":"#0"},"south":{"uv":[7.4375,3.1875,9.0,3.3125],"tintindex":0,"rotation":0,"texture":"#0"},"north":{"uv":[7.4375,3.1875,9.0,3.3125],"tintindex":0,"rotation":0,"texture":"#0"},"west":{"uv":[9.5,3.25,9.6875,3.375],"tintindex":0,"rotation":0,"texture":"#0"},"up":{"uv":[8.5,3.625,6.9375,3.4375],"tintindex":0,"rotation":0,"texture":"#0"},"down":{"uv":[8.5,3.625,6.9375,3.4375],"tintindex":0,"rotation":0,"texture":"#0"}}}],"display":{"gui":{"rotation":[30,225,0]}}}