{"textures":{"0":"modelengine:entity/manticore_venom"},"elements":[{"from":[6.5,1.0,6.5],"to":[9.5,9.0,9.5],"faces":{"east":{"uv":[8.75,0.9375,8.9375,1.4375],"tintindex":0,"rotation":0,"texture":"#0"},"south":{"uv":[0.0,8.75,0.1875,9.25],"tintindex":0,"rotation":0,"texture":"#0"},"north":{"uv":[0.0,8.75,0.1875,9.25],"tintindex":0,"rotation":0,"texture":"#0"},"west":{"uv":[8.75,0.9375,8.9375,1.4375],"tintindex":0,"rotation":0,"texture":"#0"},"up":{"uv":[9.5,8.3125,9.3125,8.5],"tintindex":0,"rotation":0,"texture":"#0"},"down":{"uv":[9.5,8.3125,9.3125,8.5],"tintindex":0,"rotation":0,"texture":"#0"}}}],"display":{"gui":{"rotation":[30,225,0]}}}