{"textures":{"0":"modelengine:entity/manticore_venom"},"elements":[{"from":[3.0,16.6852,0.3456154],"to":[13.0,21.6852,2.3456159],"faces":{"east":{"uv":[5.0625,8.875,5.1875,9.1875],"tintindex":0,"rotation":0,"texture":"#0"},"south":{"uv":[7.9375,6.25,8.5625,6.5625],"tintindex":0,"rotation":0,"texture":"#0"},"north":{"uv":[7.9375,6.25,8.5625,6.5625],"tintindex":0,"rotation":0,"texture":"#0"},"west":{"uv":[0.3125,9.3125,0.4375,9.625],"tintindex":0,"rotation":0,"texture":"#0"},"up":{"uv":[9.0,7.875,8.375,7.75],"tintindex":0,"rotation":0,"texture":"#0"},"down":{"uv":[9.0,7.75,8.375,7.875],"tintindex":0,"rotation":0,"texture":"#0"}},"rotation":{"origin":[8.0,19.1852,1.3456159],"angle":-22.5,"axis":"x"}},{"from":[3.0,21.112215,-0.5349722],"to":[13.0,25.112213,-0.5349722],"faces":{"south":{"uv":[5.8125,5.125,6.4375,5.375],"tintindex":0,"rotation":0,"texture":"#0"},"north":{"uv":[6.4375,5.125,5.8125,5.375],"tintindex":0,"rotation":0,"texture":"#0"}}},{"from":[1.0,3.3971605,-2.1741428],"to":[15.0,16.39716,8.825857],"faces":{"east":{"uv":[1.625,6.0,2.3125,6.8125],"tintindex":0,"rotation":0,"texture":"#0"},"south":{"uv":[4.5625,0.0,5.4375,0.8125],"tintindex":0,"rotation":0,"texture":"#0"},"north":{"uv":[4.5625,0.0,5.4375,0.8125],"tintindex":0,"rotation":0,"texture":"#0"},"west":{"uv":[4.3125,6.125,5.0,6.9375],"tintindex":0,"rotation":0,"texture":"#0"},"up":{"uv":[1.5625,6.25,0.6875,5.5625],"tintindex":0,"rotation":0,"texture":"#0"},"down":{"uv":[1.5625,6.25,0.6875,5.5625],"tintindex":0,"rotation":0,"texture":"#0"}},"rotation":{"origin":[8.0,9.89716,3.3258576],"angle":22.5,"axis":"x"}},{"from":[0.0,5.3971605,-1.1741428],"to":[0.0,14.39716,7.825857],"faces":{"east":{"uv":[6.6875,2.0625,7.25,2.625],"tintindex":0,"rotation":0,"texture":"#0"},"west":{"uv":[7.25,2.0625,6.6875,2.625],"tintindex":0,"rotation":0,"texture":"#0"}},"rotation":{"origin":[0.0,9.89716,3.3258576],"angle":22.5,"axis":"x"}},{"from":[16.0,5.3971605,-1.1741428],"to":[16.0,14.39716,7.825857],"faces":{"east":{"uv":[6.6875,2.0625,7.25,2.625],"tintindex":0,"rotation":0,"texture":"#0"},"west":{"uv":[7.25,2.0625,6.6875,2.625],"tintindex":0,"rotation":0,"texture":"#0"}},"rotation":{"origin":[16.0,9.89716,3.3258576],"angle":22.5,"axis":"x"}},{"from":[0.0,13.940437,1.1219578],"to":[16.0,16.940437,10.121958],"faces":{"east":{"uv":[3.5625,8.5625,4.125,8.75],"tintindex":0,"rotation":0,"texture":"#0"},"south":{"uv":[7.9375,6.875,8.9375,7.0625],"tintindex":0,"rotation":0,"texture":"#0"},"north":{"uv":[7.9375,6.875,8.9375,7.0625],"tintindex":0,"rotation":0,"texture":"#0"},"west":{"uv":[8.5625,3.625,9.125,3.8125],"tintindex":0,"rotation":0,"texture":"#0"},"up":{"uv":[6.875,3.25,5.875,2.6875],"tintindex":0,"rotation":0,"texture":"#0"},"down":{"uv":[6.875,3.25,5.875,2.6875],"tintindex":0,"rotation":0,"texture":"#0"}},"rotation":{"origin":[8.0,15.440437,5.621958],"angle":22.5,"axis":"x"}}],"display":{"gui":{"rotation":[30,225,0]}}}