{"textures":{"0":"modelengine:entity/manticore_venom"},"elements":[{"from":[6.0,4.1484203,7.1344957],"to":[10.0,8.14842,16.134495],"faces":{"east":{"uv":[1.9375,8.25,2.5,8.5],"tintindex":0,"rotation":0,"texture":"#0"},"south":{"uv":[8.875,7.9375,9.125,8.1875],"tintindex":0,"rotation":0,"texture":"#0"},"north":{"uv":[8.875,7.9375,9.125,8.1875],"tintindex":0,"rotation":0,"texture":"#0"},"west":{"uv":[8.25,7.9375,8.8125,8.1875],"tintindex":0,"rotation":0,"texture":"#0"},"up":{"uv":[1.4375,7.5625,1.1875,7.0],"tintindex":0,"rotation":0,"texture":"#0"},"down":{"uv":[1.4375,7.0,1.1875,7.5625],"tintindex":0,"rotation":0,"texture":"#0"}},"rotation":{"origin":[8.0,6.1484203,11.634496],"angle":22.5,"axis":"x"}}],"display":{"gui":{"rotation":[30,225,0]}}}