{"textures":{"0":"modelengine:entity/manticore_venom"},"elements":[{"from":[7.0,5.1376143,7.3782787],"to":[9.0,8.137614,16.378279],"faces":{"east":{"uv":[1.75,8.5625,2.3125,8.75],"tintindex":0,"rotation":0,"texture":"#0"},"south":{"uv":[1.125,9.5,1.25,9.6875],"tintindex":0,"rotation":0,"texture":"#0"},"north":{"uv":[1.125,9.5,1.25,9.6875],"tintindex":0,"rotation":0,"texture":"#0"},"west":{"uv":[8.5625,3.375,9.125,3.5625],"tintindex":0,"rotation":0,"texture":"#0"},"up":{"uv":[2.1875,9.375,2.0625,8.8125],"tintindex":0,"rotation":0,"texture":"#0"},"down":{"uv":[2.1875,9.375,2.0625,8.8125],"tintindex":0,"rotation":0,"texture":"#0"}},"rotation":{"origin":[8.0,6.6376143,11.878279],"angle":22.5,"axis":"x"}}],"display":{"gui":{"rotation":[30,225,0]}}}