{"textures":{"0":"modelengine:entity/nocsy_mount_dodo"},"elements":[{"from":[3.5,2.6727076,19.629984],"to":[15.5,11.672708,27.629984],"faces":{"east":{"uv":[4.375,3.875,5.375,5.0],"tintindex":0,"rotation":0,"texture":"#0"},"south":{"uv":[0.0,3.0,1.5,4.125],"tintindex":0,"rotation":0,"texture":"#0"},"north":{"uv":[2.75,0.0,4.25,1.125],"tintindex":0,"rotation":0,"texture":"#0"},"west":{"uv":[4.875,1.125,5.875,2.25],"tintindex":0,"rotation":0,"texture":"#0"},"up":{"uv":[5.875,1.0,4.375,0.0],"tintindex":0,"rotation":0,"texture":"#0"},"down":{"uv":[2.875,4.375,1.375,5.375],"tintindex":0,"rotation":0,"texture":"#0"}},"rotation":{"origin":[9.5,7.6727076,24.129984],"angle":-22.5,"axis":"x"}},{"from":[5.5,1.5,5.7999997],"to":[13.5,10.500001,13.799999],"faces":{"east":{"uv":[3.0,5.625,4.0,6.75],"tintindex":0,"rotation":0,"texture":"#0"},"south":{"uv":[6.0,0.0,7.0,1.125],"tintindex":0,"rotation":0,"texture":"#0"},"north":{"uv":[0.0,5.625,1.0,6.75],"tintindex":0,"rotation":0,"texture":"#0"},"west":{"uv":[4.125,6.0,5.125,7.125],"tintindex":0,"rotation":0,"texture":"#0"},"up":{"uv":[7.375,6.875,6.375,5.875],"tintindex":0,"rotation":0,"texture":"#0"},"down":{"uv":[1.0,6.875,0.0,7.875],"tintindex":0,"rotation":0,"texture":"#0"}},"rotation":{"origin":[9.0,8.0,10.299999],"angle":-22.5,"axis":"x"}},{"from":[15.5,-1.3272915,17.629984],"to":[15.5,2.6727076,27.629984],"faces":{"east":{"uv":[2.0,8.0,3.25,8.5],"tintindex":0,"rotation":0,"texture":"#0"},"west":{"uv":[7.5,8.0,8.75,8.5],"tintindex":0,"rotation":0,"texture":"#0"}},"rotation":{"origin":[9.5,7.6727076,24.129984],"angle":-22.5,"axis":"x"}},{"from":[3.5,3.1720839,29.367363],"to":[15.5,9.172084,29.367363],"faces":{"south":{"uv":[1.375,5.5,2.875,6.25],"tintindex":0,"rotation":0,"texture":"#0"},"north":{"uv":[4.375,5.125,5.875,5.875],"tintindex":0,"rotation":0,"texture":"#0"}}},{"from":[6.5,8.5,6.5],"to":[12.5,11.500001,11.5],"faces":{"east":{"uv":[2.75,1.25,3.375,1.625],"tintindex":0,"rotation":0,"texture":"#0"},"south":{"uv":[9.625,7.5,10.375,7.875],"tintindex":0,"rotation":0,"texture":"#0"},"north":{"uv":[9.375,4.875,10.125,5.25],"tintindex":0,"rotation":0,"texture":"#0"},"west":{"uv":[2.25,6.375,2.875,6.75],"tintindex":0,"rotation":0,"texture":"#0"},"up":{"uv":[9.25,4.625,8.5,4.0],"tintindex":0,"rotation":0,"texture":"#0"},"down":{"uv":[1.5,8.75,0.75,9.375],"tintindex":0,"rotation":0,"texture":"#0"}}},{"from":[4.5,0.27270794,8.629984],"to":[14.5,9.272708,21.629984],"faces":{"east":{"uv":[0.0,1.75,1.625,2.875],"tintindex":0,"rotation":0,"texture":"#0"},"south":{"uv":[3.0,4.375,4.25,5.5],"tintindex":0,"rotation":0,"texture":"#0"},"north":{"uv":[4.375,2.625,5.625,3.75],"tintindex":0,"rotation":0,"texture":"#0"},"west":{"uv":[1.75,1.75,3.375,2.875],"tintindex":0,"rotation":0,"texture":"#0"},"up":{"uv":[1.25,1.625,0.0,0.0],"tintindex":0,"rotation":0,"texture":"#0"},"down":{"uv":[2.625,0.0,1.375,1.625],"tintindex":0,"rotation":0,"texture":"#0"}}},{"from":[5.5,-0.069833755,6.907909],"to":[13.5,4.9301662,6.907909],"faces":{"south":{"uv":[6.375,8.125,7.375,8.75],"tintindex":0,"rotation":0,"texture":"#0"},"north":{"uv":[0.0,8.0,1.0,8.625],"tintindex":0,"rotation":0,"texture":"#0"}}},{"from":[3.5,-2.599554,28.219313],"to":[15.5,3.400446,28.219313],"faces":{"south":{"uv":[5.75,2.375,7.25,3.125],"tintindex":0,"rotation":0,"texture":"#0"},"north":{"uv":[5.5,3.875,7.0,4.625],"tintindex":0,"rotation":0,"texture":"#0"}},"rotation":{"origin":[9.5,0.40044546,28.219313],"angle":22.5,"axis":"x"}},{"from":[3.5,-1.3272915,17.629984],"to":[3.5,2.6727076,27.629984],"faces":{"east":{"uv":[5.75,3.25,7.0,3.75],"tintindex":0,"rotation":0,"texture":"#0"},"west":{"uv":[7.375,2.625,8.625,3.125],"tintindex":0,"rotation":0,"texture":"#0"}},"rotation":{"origin":[9.5,7.6727076,24.129984],"angle":-22.5,"axis":"x"}},{"from":[3.5,6.40361,29.685675],"to":[15.5,11.403609,29.685675],"faces":{"south":{"uv":[7.125,3.25,8.625,3.875],"tintindex":0,"rotation":0,"texture":"#0"},"north":{"uv":[7.125,0.0,8.625,0.625],"tintindex":0,"rotation":0,"texture":"#0"}},"rotation":{"origin":[9.5,7.40361,26.185675],"angle":-45.0,"axis":"x"}},{"from":[4.5,-0.684,8.439683],"to":[14.5,-0.684,13.439683],"faces":{"up":{"uv":[8.375,4.625,7.125,4.0],"tintindex":0,"rotation":0,"texture":"#0"},"down":{"uv":[8.5,0.75,7.25,1.375],"tintindex":0,"rotation":0,"texture":"#0"}},"rotation":{"origin":[8.5,-0.684,10.939683],"angle":22.5,"axis":"x"}}],"display":{"gui":{"rotation":[30,225,0]}}}