{"textures":{"0":"modelengine:entity/nocsy_mount_dodo"},"elements":[{"from":[9.3,9.833334,0.9333334],"to":[12.3,12.833334,3.9333334],"faces":{"east":{"uv":[10.125,10.625,10.5,11.0],"tintindex":0,"rotation":0,"texture":"#0"},"south":{"uv":[10.625,10.25,11.0,10.625],"tintindex":0,"rotation":0,"texture":"#0"},"north":{"uv":[9.625,10.625,10.0,11.0],"tintindex":0,"rotation":0,"texture":"#0"},"west":{"uv":[0.0,10.75,0.375,11.125],"tintindex":0,"rotation":0,"texture":"#0"},"up":{"uv":[2.125,11.125,1.75,10.75],"tintindex":0,"rotation":0,"texture":"#0"},"down":{"uv":[3.75,10.75,3.375,11.125],"tintindex":0,"rotation":0,"texture":"#0"}}},{"from":[6.0,7.5325737,-4.6492357],"to":[10.0,8.532574,-4.6492357],"faces":{"south":{"uv":[8.75,3.75,9.25,3.875],"tintindex":0,"rotation":0,"texture":"#0"},"north":{"uv":[4.875,2.375,5.375,2.5],"tintindex":0,"rotation":0,"texture":"#0"}}},{"from":[4.0,7.333334,10.333333],"to":[4.0,15.333334,13.333333],"faces":{"east":{"uv":[5.0,9.0,5.375,10.0],"tintindex":0,"rotation":0,"texture":"#0"},"west":{"uv":[9.0,9.125,9.375,10.125],"tintindex":0,"rotation":0,"texture":"#0"}}},{"from":[12.878508,7.333334,4.7498865],"to":[12.878508,15.333334,10.7498865],"faces":{"east":{"uv":[7.5,6.875,8.25,7.875],"tintindex":0,"rotation":0,"texture":"#0"},"west":{"uv":[1.125,7.625,1.875,8.625],"tintindex":0,"rotation":0,"texture":"#0"}},"rotation":{"origin":[8.878507,11.333334,6.2498865],"angle":22.5,"axis":"y"}},{"from":[5.5,8.333334,-4.666667],"to":[10.5,13.333334,1.333333],"faces":{"east":{"uv":[8.75,2.25,9.5,2.875],"tintindex":0,"rotation":0,"texture":"#0"},"south":{"uv":[3.5,9.0,4.125,9.625],"tintindex":0,"rotation":0,"texture":"#0"},"north":{"uv":[2.75,9.0,3.375,9.625],"tintindex":0,"rotation":0,"texture":"#0"},"west":{"uv":[8.75,3.0,9.5,3.625],"tintindex":0,"rotation":0,"texture":"#0"},"up":{"uv":[7.0,9.625,6.375,8.875],"tintindex":0,"rotation":0,"texture":"#0"},"down":{"uv":[9.5,7.5,8.875,8.25],"tintindex":0,"rotation":0,"texture":"#0"}}},{"from":[12.0,7.333334,10.333333],"to":[12.0,15.333334,13.333333],"faces":{"east":{"uv":[5.5,9.25,5.875,10.25],"tintindex":0,"rotation":0,"texture":"#0"},"west":{"uv":[9.375,3.75,9.75,4.75],"tintindex":0,"rotation":0,"texture":"#0"}}},{"from":[3.1214929,7.333334,4.7498865],"to":[3.1214929,15.333334,10.7498865],"faces":{"east":{"uv":[7.375,1.5,8.125,2.5],"tintindex":0,"rotation":0,"texture":"#0"},"west":{"uv":[7.5,5.75,8.25,6.75],"tintindex":0,"rotation":0,"texture":"#0"}},"rotation":{"origin":[7.121493,11.333334,6.2498865],"angle":-22.5,"axis":"y"}},{"from":[3.6999998,9.833334,0.9333334],"to":[6.7,12.833334,3.9333334],"faces":{"east":{"uv":[10.625,0.75,11.0,1.125],"tintindex":0,"rotation":0,"texture":"#0"},"south":{"uv":[4.625,10.625,5.0,11.0],"tintindex":0,"rotation":0,"texture":"#0"},"north":{"uv":[8.375,7.5,8.75,7.875],"tintindex":0,"rotation":0,"texture":"#0"},"west":{"uv":[10.625,6.125,11.0,6.5],"tintindex":0,"rotation":0,"texture":"#0"},"up":{"uv":[9.0,11.0,8.625,10.625],"tintindex":0,"rotation":0,"texture":"#0"},"down":{"uv":[9.5,10.625,9.125,11.0],"tintindex":0,"rotation":0,"texture":"#0"}}},{"from":[10.9,11.0503845,0.8428097],"to":[11.6,11.750385,0.8428097],"faces":{"south":{"uv":[1.125,5.875,1.25,6.0],"tintindex":0,"rotation":0,"texture":"#0"},"north":{"uv":[4.125,5.625,4.25,5.75],"tintindex":0,"rotation":0,"texture":"#0"}}},{"from":[4.0,7.333334,1.333333],"to":[12.0,15.333334,10.333333],"faces":{"east":{"uv":[6.0,1.25,7.125,2.25],"tintindex":0,"rotation":0,"texture":"#0"},"south":{"uv":[6.375,7.0,7.375,8.0],"tintindex":0,"rotation":0,"texture":"#0"},"north":{"uv":[2.25,6.875,3.25,7.875],"tintindex":0,"rotation":0,"texture":"#0"},"west":{"uv":[6.0,4.75,7.125,5.75],"tintindex":0,"rotation":0,"texture":"#0"},"up":{"uv":[6.25,7.125,5.25,6.0],"tintindex":0,"rotation":0,"texture":"#0"},"down":{"uv":[2.125,6.375,1.125,7.5],"tintindex":0,"rotation":0,"texture":"#0"}}},{"from":[4.4,11.0503845,0.8428097],"to":[5.1,11.750385,0.8428097],"faces":{"south":{"uv":[1.125,5.625,1.25,5.75],"tintindex":0,"rotation":0,"texture":"#0"},"north":{"uv":[5.5,2.375,5.625,2.5],"tintindex":0,"rotation":0,"texture":"#0"}}},{"from":[4.0,17.358967,2.5219078],"to":[12.0,17.358967,7.521908],"faces":{"up":{"uv":[9.25,2.125,8.25,1.5],"tintindex":0,"rotation":0,"texture":"#0"},"down":{"uv":[4.375,8.25,3.375,8.875],"tintindex":0,"rotation":0,"texture":"#0"}},"rotation":{"origin":[8.0,13.358967,7.021908],"angle":-22.5,"axis":"x"}},{"from":[4.0,17.358967,6.521908],"to":[12.0,17.358967,11.521908],"faces":{"up":{"uv":[5.5,8.875,4.5,8.25],"tintindex":0,"rotation":0,"texture":"#0"},"down":{"uv":[9.25,4.75,8.25,5.375],"tintindex":0,"rotation":0,"texture":"#0"}},"rotation":{"origin":[8.0,13.358967,11.021908],"angle":-22.5,"axis":"x"}},{"from":[4.0,15.333334,10.333333],"to":[12.0,15.333334,13.333333],"faces":{"up":{"uv":[9.625,1.375,8.625,1.0],"tintindex":0,"rotation":0,"texture":"#0"},"down":{"uv":[10.125,7.0,9.125,7.375],"tintindex":0,"rotation":0,"texture":"#0"}}},{"from":[6.0,7.329685,-2.4430895],"to":[10.0,10.329685,3.5569105],"faces":{"east":{"uv":[9.75,0.875,10.5,1.25],"tintindex":0,"rotation":0,"texture":"#0"},"south":{"uv":[0.75,10.375,1.25,10.75],"tintindex":0,"rotation":0,"texture":"#0"},"north":{"uv":[6.5,10.25,7.0,10.625],"tintindex":0,"rotation":0,"texture":"#0"},"west":{"uv":[2.375,9.75,3.125,10.125],"tintindex":0,"rotation":0,"texture":"#0"},"up":{"uv":[10.0,0.75,9.5,0.0],"tintindex":0,"rotation":0,"texture":"#0"},"down":{"uv":[1.25,9.5,0.75,10.25],"tintindex":0,"rotation":0,"texture":"#0"}},"rotation":{"origin":[8.0,7.833334,0.33333302],"angle":-22.5,"axis":"x"}}],"display":{"gui":{"rotation":[30,225,0]}}}