{"textures":{"0":"modelengine:entity/nocsy_mount_dodo"},"elements":[{"from":[6.4254694,5.095872,3.1778035],"to":[9.425469,8.095872,8.177803],"faces":{"east":{"uv":[9.75,8.0,10.375,8.375],"tintindex":0,"rotation":0,"texture":"#0"},"south":{"uv":[8.0,10.75,8.375,11.125],"tintindex":0,"rotation":0,"texture":"#0"},"north":{"uv":[7.5,10.75,7.875,11.125],"tintindex":0,"rotation":0,"texture":"#0"},"west":{"uv":[9.75,8.5,10.375,8.875],"tintindex":0,"rotation":0,"texture":"#0"},"up":{"uv":[10.25,4.375,9.875,3.75],"tintindex":0,"rotation":0,"texture":"#0"},"down":{"uv":[10.25,5.375,9.875,6.0],"tintindex":0,"rotation":0,"texture":"#0"}},"rotation":{"origin":[5.9314785,6.595872,10.84179],"angle":22.5,"axis":"y"}},{"from":[6.046873,5.095872,1.6425123],"to":[9.046873,8.095872,6.6425123],"faces":{"east":{"uv":[9.875,6.125,10.5,6.5],"tintindex":0,"rotation":0,"texture":"#0"},"south":{"uv":[10.625,10.75,11.0,11.125],"tintindex":0,"rotation":0,"texture":"#0"},"north":{"uv":[10.75,8.875,11.125,9.25],"tintindex":0,"rotation":0,"texture":"#0"},"west":{"uv":[10.0,9.0,10.625,9.375],"tintindex":0,"rotation":0,"texture":"#0"},"up":{"uv":[10.375,10.125,10.0,9.5],"tintindex":0,"rotation":0,"texture":"#0"},"down":{"uv":[10.5,0.0,10.125,0.625],"tintindex":0,"rotation":0,"texture":"#0"}},"rotation":{"origin":[5.6721034,6.595872,10.02615],"angle":-22.5,"axis":"y"}},{"from":[4.1169972,8.555483,2.4179783],"to":[6.1169977,10.555483,4.4179783],"faces":{"east":{"uv":[1.0,10.875,1.25,11.125],"tintindex":0,"rotation":0,"texture":"#0"},"south":{"uv":[5.125,11.0,5.375,11.25],"tintindex":0,"rotation":0,"texture":"#0"},"north":{"uv":[5.125,10.625,5.375,10.875],"tintindex":0,"rotation":0,"texture":"#0"},"west":{"uv":[4.5,11.125,4.75,11.375],"tintindex":0,"rotation":0,"texture":"#0"},"up":{"uv":[11.375,5.625,11.125,5.375],"tintindex":0,"rotation":0,"texture":"#0"},"down":{"uv":[5.75,11.125,5.5,11.375],"tintindex":0,"rotation":0,"texture":"#0"}},"rotation":{"origin":[5.9314785,6.595872,10.84179],"angle":-22.5,"axis":"x"}},{"from":[5.4269977,5.105872,4.5376434],"to":[10.406998,8.085872,9.517643],"faces":{"east":{"uv":[3.25,9.75,3.875,10.125],"tintindex":0,"rotation":0,"texture":"#0"},"south":{"uv":[4.0,9.75,4.625,10.125],"tintindex":0,"rotation":0,"texture":"#0"},"north":{"uv":[0.0,9.75,0.625,10.125],"tintindex":0,"rotation":0,"texture":"#0"},"west":{"uv":[6.0,9.75,6.625,10.125],"tintindex":0,"rotation":0,"texture":"#0"},"up":{"uv":[4.875,9.625,4.25,9.0],"tintindex":0,"rotation":0,"texture":"#0"},"down":{"uv":[9.625,8.375,9.0,9.0],"tintindex":0,"rotation":0,"texture":"#0"}}},{"from":[7.0169973,4.3362613,6.517978],"to":[9.016997,6.3362613,11.517979],"faces":{"east":{"uv":[10.5,7.375,11.125,7.625],"tintindex":0,"rotation":0,"texture":"#0"},"south":{"uv":[9.875,4.5,10.125,4.75],"tintindex":0,"rotation":0,"texture":"#0"},"north":{"uv":[6.75,9.75,7.0,10.0],"tintindex":0,"rotation":0,"texture":"#0"},"west":{"uv":[10.5,7.75,11.125,8.0],"tintindex":0,"rotation":0,"texture":"#0"},"up":{"uv":[1.875,9.375,1.625,8.75],"tintindex":0,"rotation":0,"texture":"#0"},"down":{"uv":[7.375,8.875,7.125,9.5],"tintindex":0,"rotation":0,"texture":"#0"}},"rotation":{"origin":[6.0314784,7.2958717,12.54179],"angle":22.5,"axis":"x"}},{"from":[9.416998,8.555483,2.4179783],"to":[11.416998,10.555483,4.4179783],"faces":{"east":{"uv":[11.125,6.125,11.375,6.375],"tintindex":0,"rotation":0,"texture":"#0"},"south":{"uv":[8.5,11.125,8.75,11.375],"tintindex":0,"rotation":0,"texture":"#0"},"north":{"uv":[11.125,5.75,11.375,6.0],"tintindex":0,"rotation":0,"texture":"#0"},"west":{"uv":[8.875,11.125,9.125,11.375],"tintindex":0,"rotation":0,"texture":"#0"},"up":{"uv":[9.5,11.375,9.25,11.125],"tintindex":0,"rotation":0,"texture":"#0"},"down":{"uv":[9.875,11.125,9.625,11.375],"tintindex":0,"rotation":0,"texture":"#0"}},"rotation":{"origin":[11.231479,6.595872,10.84179],"angle":-22.5,"axis":"x"}}],"display":{"gui":{"rotation":[30,225,0]}}}