{"textures":{"0":"modelengine:entity/nocsy_mount_dodo"},"elements":[{"from":[5.2338967,3.3145456,4.339259],"to":[10.233896,10.314546,11.339258],"faces":{"east":{"uv":[3.375,7.25,4.25,8.125],"tintindex":0,"rotation":0,"texture":"#0"},"south":{"uv":[8.375,5.5,9.0,6.375],"tintindex":0,"rotation":0,"texture":"#0"},"north":{"uv":[5.625,8.25,6.25,9.125],"tintindex":0,"rotation":0,"texture":"#0"},"west":{"uv":[4.375,7.25,5.25,8.125],"tintindex":0,"rotation":0,"texture":"#0"},"up":{"uv":[9.0,7.375,8.375,6.5],"tintindex":0,"rotation":0,"texture":"#0"},"down":{"uv":[2.625,8.625,2.0,9.5],"tintindex":0,"rotation":0,"texture":"#0"}}},{"from":[5.2338967,1.3145456,11.339258],"to":[10.233896,3.3145456,11.339258],"faces":{"south":{"uv":[3.375,6.875,4.0,7.125],"tintindex":0,"rotation":0,"texture":"#0"},"north":{"uv":[3.5,2.625,4.125,2.875],"tintindex":0,"rotation":0,"texture":"#0"}}},{"from":[10.233896,1.3145456,4.339259],"to":[10.233896,3.3145456,11.339258],"faces":{"east":{"uv":[9.875,6.625,10.75,6.875],"tintindex":0,"rotation":0,"texture":"#0"},"west":{"uv":[10.125,3.375,11.0,3.625],"tintindex":0,"rotation":0,"texture":"#0"}}},{"from":[6.2338967,-3.6450653,8.729593],"to":[9.233896,4.3549347,11.729593],"faces":{"east":{"uv":[9.5,9.125,9.875,10.125],"tintindex":0,"rotation":0,"texture":"#0"},"south":{"uv":[9.625,1.5,10.0,2.5],"tintindex":0,"rotation":0,"texture":"#0"},"north":{"uv":[1.375,9.5,1.75,10.5],"tintindex":0,"rotation":0,"texture":"#0"},"west":{"uv":[1.875,9.625,2.25,10.625],"tintindex":0,"rotation":0,"texture":"#0"},"up":{"uv":[6.875,11.125,6.5,10.75],"tintindex":0,"rotation":0,"texture":"#0"},"down":{"uv":[7.375,10.75,7.0,11.125],"tintindex":0,"rotation":0,"texture":"#0"}},"rotation":{"origin":[6.248378,6.8145456,13.053406],"angle":22.5,"axis":"x"}},{"from":[5.2338967,1.3145456,4.339259],"to":[10.233896,3.3145456,4.339259],"faces":{"south":{"uv":[10.375,5.75,11.0,6.0],"tintindex":0,"rotation":0,"texture":"#0"},"north":{"uv":[10.375,5.375,11.0,5.625],"tintindex":0,"rotation":0,"texture":"#0"}}},{"from":[5.2338967,1.3145456,4.339259],"to":[5.2338967,3.3145456,11.339258],"faces":{"east":{"uv":[10.25,5.0,11.125,5.25],"tintindex":0,"rotation":0,"texture":"#0"},"west":{"uv":[10.25,7.0,11.125,7.25],"tintindex":0,"rotation":0,"texture":"#0"}}}],"display":{"gui":{"rotation":[30,225,0]}}}