{"textures":{"0":"modelengine:entity/nocsy_mount_dodo"},"elements":[{"from":[4.0,-0.10000038,5.8999996],"to":[4.0,9.9,15.9],"faces":{"east":{"uv":[1.625,3.0,2.875,4.25],"tintindex":0,"rotation":0,"texture":"#0"},"west":{"uv":[3.0,3.0,4.25,4.25],"tintindex":0,"rotation":0,"texture":"#0"}}},{"from":[4.0499997,7.5,6.5],"to":[8.05,9.5,8.5],"faces":{"east":{"uv":[5.5,4.75,5.75,5.0],"tintindex":0,"rotation":0,"texture":"#0"},"south":{"uv":[10.875,6.625,11.375,6.875],"tintindex":0,"rotation":0,"texture":"#0"},"north":{"uv":[2.75,8.625,3.25,8.875],"tintindex":0,"rotation":0,"texture":"#0"},"west":{"uv":[8.25,2.25,8.5,2.5],"tintindex":0,"rotation":0,"texture":"#0"},"up":{"uv":[3.25,11.25,2.75,11.0],"tintindex":0,"rotation":0,"texture":"#0"},"down":{"uv":[4.375,11.0,3.875,11.25],"tintindex":0,"rotation":0,"texture":"#0"}}}],"display":{"gui":{"rotation":[30,225,0]}}}