{"textures":{"0":"modelengine:entity/nocsy_mount_dodo"},"elements":[{"from":[5.7661033,3.3145456,4.339259],"to":[10.766104,10.314546,11.339258],"faces":{"east":{"uv":[5.25,7.25,4.375,8.125],"tintindex":0,"rotation":0,"texture":"#0"},"south":{"uv":[9.0,5.5,8.375,6.375],"tintindex":0,"rotation":0,"texture":"#0"},"north":{"uv":[6.25,8.25,5.625,9.125],"tintindex":0,"rotation":0,"texture":"#0"},"west":{"uv":[4.25,7.25,3.375,8.125],"tintindex":0,"rotation":0,"texture":"#0"},"up":{"uv":[8.375,7.375,9.0,6.5],"tintindex":0,"rotation":0,"texture":"#0"},"down":{"uv":[2.0,8.625,2.625,9.5],"tintindex":0,"rotation":0,"texture":"#0"}}},{"from":[10.766104,1.3145456,4.339259],"to":[10.766104,3.3145456,11.339258],"faces":{"east":{"uv":[11.125,7.0,10.25,7.25],"tintindex":0,"rotation":0,"texture":"#0"},"west":{"uv":[11.125,5.0,10.25,5.25],"tintindex":0,"rotation":0,"texture":"#0"}}},{"from":[6.7661033,-3.6450653,8.729593],"to":[9.766104,4.3549347,11.729593],"faces":{"east":{"uv":[2.25,9.625,1.875,10.625],"tintindex":0,"rotation":0,"texture":"#0"},"south":{"uv":[10.0,1.5,9.625,2.5],"tintindex":0,"rotation":0,"texture":"#0"},"north":{"uv":[1.75,9.5,1.375,10.5],"tintindex":0,"rotation":0,"texture":"#0"},"west":{"uv":[9.875,9.125,9.5,10.125],"tintindex":0,"rotation":0,"texture":"#0"},"up":{"uv":[6.5,11.125,6.875,10.75],"tintindex":0,"rotation":0,"texture":"#0"},"down":{"uv":[7.0,10.75,7.375,11.125],"tintindex":0,"rotation":0,"texture":"#0"}},"rotation":{"origin":[9.751622,6.8145456,13.053406],"angle":22.5,"axis":"x"}},{"from":[5.7661033,1.3145456,4.339259],"to":[10.766104,3.3145456,4.339259],"faces":{"south":{"uv":[11.0,5.75,10.375,6.0],"tintindex":0,"rotation":0,"texture":"#0"},"north":{"uv":[11.0,5.375,10.375,5.625],"tintindex":0,"rotation":0,"texture":"#0"}}},{"from":[5.7661033,1.3145456,11.339258],"to":[10.766104,3.3145456,11.339258],"faces":{"south":{"uv":[4.0,6.875,3.375,7.125],"tintindex":0,"rotation":0,"texture":"#0"},"north":{"uv":[4.125,2.625,3.5,2.875],"tintindex":0,"rotation":0,"texture":"#0"}}},{"from":[5.7661033,1.3145456,4.339259],"to":[5.7661033,3.3145456,11.339258],"faces":{"east":{"uv":[11.0,3.375,10.125,3.625],"tintindex":0,"rotation":0,"texture":"#0"},"west":{"uv":[10.75,6.625,9.875,6.875],"tintindex":0,"rotation":0,"texture":"#0"}}}],"display":{"gui":{"rotation":[30,225,0]}}}