{"textures":{"0":"modelengine:entity/nocsy_mount_dodo"},"elements":[{"from":[6.9830027,4.3362613,6.517978],"to":[8.983003,6.3362613,11.517979],"faces":{"east":{"uv":[11.125,7.75,10.5,8.0],"tintindex":0,"rotation":0,"texture":"#0"},"south":{"uv":[10.125,4.5,9.875,4.75],"tintindex":0,"rotation":0,"texture":"#0"},"north":{"uv":[7.0,9.75,6.75,10.0],"tintindex":0,"rotation":0,"texture":"#0"},"west":{"uv":[11.125,7.375,10.5,7.625],"tintindex":0,"rotation":0,"texture":"#0"},"up":{"uv":[1.625,9.375,1.875,8.75],"tintindex":0,"rotation":0,"texture":"#0"},"down":{"uv":[7.125,8.875,7.375,9.5],"tintindex":0,"rotation":0,"texture":"#0"}},"rotation":{"origin":[9.968521,7.2958717,12.54179],"angle":22.5,"axis":"x"}},{"from":[4.5830026,8.555483,2.4179783],"to":[6.5830026,10.555483,4.4179783],"faces":{"east":{"uv":[9.125,11.125,8.875,11.375],"tintindex":0,"rotation":0,"texture":"#0"},"south":{"uv":[8.75,11.125,8.5,11.375],"tintindex":0,"rotation":0,"texture":"#0"},"north":{"uv":[11.375,5.75,11.125,6.0],"tintindex":0,"rotation":0,"texture":"#0"},"west":{"uv":[11.375,6.125,11.125,6.375],"tintindex":0,"rotation":0,"texture":"#0"},"up":{"uv":[9.25,11.375,9.5,11.125],"tintindex":0,"rotation":0,"texture":"#0"},"down":{"uv":[9.625,11.125,9.875,11.375],"tintindex":0,"rotation":0,"texture":"#0"}},"rotation":{"origin":[4.7685213,6.595872,10.84179],"angle":-22.5,"axis":"x"}},{"from":[6.5745306,5.095872,3.1778035],"to":[9.574531,8.095872,8.177803],"faces":{"east":{"uv":[10.375,8.5,9.75,8.875],"tintindex":0,"rotation":0,"texture":"#0"},"south":{"uv":[8.375,10.75,8.0,11.125],"tintindex":0,"rotation":0,"texture":"#0"},"north":{"uv":[7.875,10.75,7.5,11.125],"tintindex":0,"rotation":0,"texture":"#0"},"west":{"uv":[10.375,8.0,9.75,8.375],"tintindex":0,"rotation":0,"texture":"#0"},"up":{"uv":[9.875,4.375,10.25,3.75],"tintindex":0,"rotation":0,"texture":"#0"},"down":{"uv":[9.875,5.375,10.25,6.0],"tintindex":0,"rotation":0,"texture":"#0"}},"rotation":{"origin":[10.0685215,6.595872,10.84179],"angle":-22.5,"axis":"y"}},{"from":[9.883002,8.555483,2.4179783],"to":[11.883003,10.555483,4.4179783],"faces":{"east":{"uv":[4.75,11.125,4.5,11.375],"tintindex":0,"rotation":0,"texture":"#0"},"south":{"uv":[5.375,11.0,5.125,11.25],"tintindex":0,"rotation":0,"texture":"#0"},"north":{"uv":[5.375,10.625,5.125,10.875],"tintindex":0,"rotation":0,"texture":"#0"},"west":{"uv":[1.25,10.875,1.0,11.125],"tintindex":0,"rotation":0,"texture":"#0"},"up":{"uv":[11.125,5.625,11.375,5.375],"tintindex":0,"rotation":0,"texture":"#0"},"down":{"uv":[5.5,11.125,5.75,11.375],"tintindex":0,"rotation":0,"texture":"#0"}},"rotation":{"origin":[10.0685215,6.595872,10.84179],"angle":-22.5,"axis":"x"}},{"from":[5.593003,5.105872,4.5376434],"to":[10.573002,8.085872,9.517643],"faces":{"east":{"uv":[6.625,9.75,6.0,10.125],"tintindex":0,"rotation":0,"texture":"#0"},"south":{"uv":[4.625,9.75,4.0,10.125],"tintindex":0,"rotation":0,"texture":"#0"},"north":{"uv":[0.625,9.75,0.0,10.125],"tintindex":0,"rotation":0,"texture":"#0"},"west":{"uv":[3.875,9.75,3.25,10.125],"tintindex":0,"rotation":0,"texture":"#0"},"up":{"uv":[4.25,9.625,4.875,9.0],"tintindex":0,"rotation":0,"texture":"#0"},"down":{"uv":[9.0,8.375,9.625,9.0],"tintindex":0,"rotation":0,"texture":"#0"}}},{"from":[6.953127,5.095872,1.6425123],"to":[9.953127,8.095872,6.6425123],"faces":{"east":{"uv":[10.625,9.0,10.0,9.375],"tintindex":0,"rotation":0,"texture":"#0"},"south":{"uv":[11.0,10.75,10.625,11.125],"tintindex":0,"rotation":0,"texture":"#0"},"north":{"uv":[11.125,8.875,10.75,9.25],"tintindex":0,"rotation":0,"texture":"#0"},"west":{"uv":[10.5,6.125,9.875,6.5],"tintindex":0,"rotation":0,"texture":"#0"},"up":{"uv":[10.0,10.125,10.375,9.5],"tintindex":0,"rotation":0,"texture":"#0"},"down":{"uv":[10.125,0.0,10.5,0.625],"tintindex":0,"rotation":0,"texture":"#0"}},"rotation":{"origin":[10.327896,6.595872,10.02615],"angle":22.5,"axis":"y"}}],"display":{"gui":{"rotation":[30,225,0]}}}