{"textures":{"0":"modelengine:entity/nocsy_mount_dodo"},"elements":[{"from":[7.95,7.5,6.5],"to":[11.950001,9.5,8.5],"faces":{"east":{"uv":[6.0,9.25,6.25,9.5],"tintindex":0,"rotation":0,"texture":"#0"},"south":{"uv":[5.875,11.0,6.375,11.25],"tintindex":0,"rotation":0,"texture":"#0"},"north":{"uv":[11.0,4.5,11.5,4.75],"tintindex":0,"rotation":0,"texture":"#0"},"west":{"uv":[8.625,9.625,8.875,9.875],"tintindex":0,"rotation":0,"texture":"#0"},"up":{"uv":[11.625,1.0,11.125,0.75],"tintindex":0,"rotation":0,"texture":"#0"},"down":{"uv":[11.625,3.25,11.125,3.5],"tintindex":0,"rotation":0,"texture":"#0"}}},{"from":[12.0,-0.10000038,5.8999996],"to":[12.0,9.9,15.9],"faces":{"east":{"uv":[3.5,1.25,4.75,2.5],"tintindex":0,"rotation":0,"texture":"#0"},"west":{"uv":[0.0,4.25,1.25,5.5],"tintindex":0,"rotation":0,"texture":"#0"}}}],"display":{"gui":{"rotation":[30,225,0]}}}