{"textures":{"0":"modelengine:entity/nocsy_sewer_leech"},"elements":[{"from":[4.0,6.5,-1.3000002],"to":[12.0,13.5,9.7],"faces":{"east":{"uv":[6.75,3.5,9.5,5.25],"tintindex":0,"rotation":0,"texture":"#0"},"south":{"uv":[8.5,0.0,10.5,1.75],"tintindex":0,"rotation":0,"texture":"#0"},"north":{"uv":[8.25,7.75,10.25,9.5],"tintindex":0,"rotation":0,"texture":"#0"},"west":{"uv":[5.25,7.25,8.0,9.0],"tintindex":0,"rotation":0,"texture":"#0"},"up":{"uv":[2.0,2.75,0.0,0.0],"tintindex":0,"rotation":0,"texture":"#0"},"down":{"uv":[4.25,0.0,2.25,2.75],"tintindex":0,"rotation":0,"texture":"#0"}}}],"display":{"gui":{"rotation":[30,225,0]}}}