{"textures":{"0":"modelengine:entity/nocsy_sewer_leech"},"elements":[{"from":[5.005025,-4.4333334,4.5002875],"to":[6.0050254,-4.4333334,9.500288],"faces":{"up":{"uv":[3.25,12.75,3.0,11.5],"tintindex":0,"rotation":0,"texture":"#0"},"down":{"uv":[12.5,0.0,12.25,1.25],"tintindex":0,"rotation":0,"texture":"#0"}},"rotation":{"origin":[8.0,-2.833333,6.9952626],"angle":-45.0,"axis":"y"}},{"from":[5.005025,-4.4333334,4.1874843],"to":[6.0050254,-4.4333334,9.187484],"faces":{"up":{"uv":[4.75,13.5,4.5,12.25],"tintindex":0,"rotation":0,"texture":"#0"},"down":{"uv":[5.25,12.25,5.0,13.5],"tintindex":0,"rotation":0,"texture":"#0"}},"rotation":{"origin":[8.0,-2.833333,6.692509],"angle":45.0,"axis":"y"}},{"from":[4.0,-1.333333,2.9952626],"to":[12.0,8.666667,10.995262],"faces":{"east":{"uv":[2.25,3.0,4.25,5.5],"tintindex":0,"rotation":0,"texture":"#0"},"south":{"uv":[4.5,0.0,6.5,2.5],"tintindex":0,"rotation":0,"texture":"#0"},"north":{"uv":[0.0,3.0,2.0,5.5],"tintindex":0,"rotation":0,"texture":"#0"},"west":{"uv":[4.5,2.75,6.5,5.25],"tintindex":0,"rotation":0,"texture":"#0"},"up":{"uv":[2.0,9.5,0.0,7.5],"tintindex":0,"rotation":0,"texture":"#0"},"down":{"uv":[10.25,5.5,8.25,7.5],"tintindex":0,"rotation":0,"texture":"#0"}}},{"from":[5.194975,-2.633333,4.2002873],"to":[10.794975,0.966667,9.800288],"faces":{"east":{"uv":[10.75,10.75,12.0,11.5],"tintindex":0,"rotation":0,"texture":"#0"},"south":{"uv":[5.0,11.25,6.25,12.0],"tintindex":0,"rotation":0,"texture":"#0"},"north":{"uv":[10.75,9.75,12.0,10.5],"tintindex":0,"rotation":0,"texture":"#0"},"west":{"uv":[6.5,11.25,7.75,12.0],"tintindex":0,"rotation":0,"texture":"#0"},"up":{"uv":[12.0,1.25,10.75,0.0],"tintindex":0,"rotation":0,"texture":"#0"},"down":{"uv":[4.75,10.75,3.5,12.0],"tintindex":0,"rotation":0,"texture":"#0"}},"rotation":{"origin":[8.0,-2.833333,6.9952626],"angle":45.0,"axis":"y"}},{"from":[8.6,-3.833334,7.8165827],"to":[9.6,-3.833334,8.816583],"faces":{"up":{"uv":[10.25,12.5,10.0,12.25],"tintindex":0,"rotation":0,"texture":"#0"},"down":{"uv":[12.5,10.25,12.25,10.5],"tintindex":0,"rotation":0,"texture":"#0"}}},{"from":[5.494975,-4.333334,5.5002875],"to":[6.4949746,-3.333334,8.500288],"faces":{"east":{"uv":[6.0,12.25,6.75,12.5],"tintindex":0,"rotation":0,"texture":"#0"},"south":{"uv":[12.25,11.25,12.5,11.5],"tintindex":0,"rotation":0,"texture":"#0"},"north":{"uv":[11.0,12.25,11.25,12.5],"tintindex":0,"rotation":0,"texture":"#0"},"west":{"uv":[12.25,6.25,13.0,6.5],"tintindex":0,"rotation":0,"texture":"#0"},"up":{"uv":[7.25,13.0,7.0,12.25],"tintindex":0,"rotation":0,"texture":"#0"},"down":{"uv":[7.75,12.25,7.5,13.0],"tintindex":0,"rotation":0,"texture":"#0"}},"rotation":{"origin":[8.0,-2.833333,6.9952626],"angle":45.0,"axis":"y"}},{"from":[5.494975,-4.333334,8.500288],"to":[10.494975,-3.333334,9.500288],"faces":{"east":{"uv":[12.0,12.25,12.25,12.5],"tintindex":0,"rotation":0,"texture":"#0"},"south":{"uv":[12.0,8.25,13.25,8.5],"tintindex":0,"rotation":0,"texture":"#0"},"north":{"uv":[12.0,7.75,13.25,8.0],"tintindex":0,"rotation":0,"texture":"#0"},"west":{"uv":[0.0,12.5,0.25,12.75],"tintindex":0,"rotation":0,"texture":"#0"},"up":{"uv":[13.25,9.0,12.0,8.75],"tintindex":0,"rotation":0,"texture":"#0"},"down":{"uv":[13.25,9.25,12.0,9.5],"tintindex":0,"rotation":0,"texture":"#0"}},"rotation":{"origin":[8.0,-2.833333,6.9952626],"angle":45.0,"axis":"y"}},{"from":[9.994975,-4.4333334,4.1874843],"to":[10.994975,-4.4333334,9.187484],"faces":{"up":{"uv":[3.75,13.5,3.5,12.25],"tintindex":0,"rotation":0,"texture":"#0"},"down":{"uv":[4.25,12.25,4.0,13.5],"tintindex":0,"rotation":0,"texture":"#0"}},"rotation":{"origin":[8.0,-2.833333,6.692509],"angle":-45.0,"axis":"y"}},{"from":[9.994975,-4.4333334,4.5002875],"to":[10.994975,-4.4333334,9.500288],"faces":{"up":{"uv":[3.75,7.0,3.5,5.75],"tintindex":0,"rotation":0,"texture":"#0"},"down":{"uv":[4.25,5.75,4.0,7.0],"tintindex":0,"rotation":0,"texture":"#0"}},"rotation":{"origin":[8.0,-2.833333,6.9952626],"angle":45.0,"axis":"y"}},{"from":[9.494975,-4.333334,5.5002875],"to":[10.494975,-3.333334,8.500288],"faces":{"east":{"uv":[2.25,9.0,3.0,9.25],"tintindex":0,"rotation":0,"texture":"#0"},"south":{"uv":[8.0,12.25,8.25,12.5],"tintindex":0,"rotation":0,"texture":"#0"},"north":{"uv":[10.75,1.5,11.0,1.75],"tintindex":0,"rotation":0,"texture":"#0"},"west":{"uv":[7.0,9.25,7.75,9.5],"tintindex":0,"rotation":0,"texture":"#0"},"up":{"uv":[12.5,6.0,12.25,5.25],"tintindex":0,"rotation":0,"texture":"#0"},"down":{"uv":[5.75,12.25,5.5,13.0],"tintindex":0,"rotation":0,"texture":"#0"}},"rotation":{"origin":[8.0,-2.833333,6.9952626],"angle":45.0,"axis":"y"}},{"from":[6.4,-3.833334,7.8165827],"to":[7.4,-3.833334,8.816583],"faces":{"up":{"uv":[9.75,12.5,9.5,12.25],"tintindex":0,"rotation":0,"texture":"#0"},"down":{"uv":[12.5,9.75,12.25,10.0],"tintindex":0,"rotation":0,"texture":"#0"}}},{"from":[5.494975,-4.333334,4.5002875],"to":[10.494975,-3.333334,5.5002875],"faces":{"east":{"uv":[11.5,12.25,11.75,12.5],"tintindex":0,"rotation":0,"texture":"#0"},"south":{"uv":[10.75,11.75,12.0,12.0],"tintindex":0,"rotation":0,"texture":"#0"},"north":{"uv":[11.75,4.75,13.0,5.0],"tintindex":0,"rotation":0,"texture":"#0"},"west":{"uv":[12.25,11.75,12.5,12.0],"tintindex":0,"rotation":0,"texture":"#0"},"up":{"uv":[13.25,7.0,12.0,6.75],"tintindex":0,"rotation":0,"texture":"#0"},"down":{"uv":[13.25,7.25,12.0,7.5],"tintindex":0,"rotation":0,"texture":"#0"}},"rotation":{"origin":[8.0,-2.833333,6.9952626],"angle":45.0,"axis":"y"}},{"from":[5.494975,-3.333334,4.5002875],"to":[10.494975,-1.333333,9.500288],"faces":{"east":{"uv":[0.0,11.75,1.25,12.25],"tintindex":0,"rotation":0,"texture":"#0"},"south":{"uv":[11.75,3.25,13.0,3.75],"tintindex":0,"rotation":0,"texture":"#0"},"north":{"uv":[11.5,2.5,12.75,3.0],"tintindex":0,"rotation":0,"texture":"#0"},"west":{"uv":[11.75,4.0,13.0,4.5],"tintindex":0,"rotation":0,"texture":"#0"},"up":{"uv":[11.75,8.0,10.5,6.75],"tintindex":0,"rotation":0,"texture":"#0"},"down":{"uv":[11.75,8.25,10.5,9.5],"tintindex":0,"rotation":0,"texture":"#0"}},"rotation":{"origin":[8.0,-2.833333,6.9952626],"angle":45.0,"axis":"y"}},{"from":[6.4,-3.833334,5.173942],"to":[7.4,-3.833334,6.173942],"faces":{"up":{"uv":[8.75,12.5,8.5,12.25],"tintindex":0,"rotation":0,"texture":"#0"},"down":{"uv":[9.25,12.25,9.0,12.5],"tintindex":0,"rotation":0,"texture":"#0"}}},{"from":[8.6,-3.833334,5.173942],"to":[9.6,-3.833334,6.173942],"faces":{"up":{"uv":[10.75,12.5,10.5,12.25],"tintindex":0,"rotation":0,"texture":"#0"},"down":{"uv":[12.5,10.75,12.25,11.0],"tintindex":0,"rotation":0,"texture":"#0"}}}],"display":{"gui":{"rotation":[30,225,0]}}}