{"textures":{"0":"modelengine:entity/nocsy_sewer_leech"},"elements":[{"from":[6.0,6.0,13.1],"to":[10.0,9.0,18.1],"faces":{"east":{"uv":[8.0,11.25,9.25,12.0],"tintindex":0,"rotation":0,"texture":"#0"},"south":{"uv":[1.75,11.5,2.75,12.25],"tintindex":0,"rotation":0,"texture":"#0"},"north":{"uv":[9.5,11.25,10.5,12.0],"tintindex":0,"rotation":0,"texture":"#0"},"west":{"uv":[11.5,1.5,12.75,2.25],"tintindex":0,"rotation":0,"texture":"#0"},"up":{"uv":[3.25,8.75,2.25,7.5],"tintindex":0,"rotation":0,"texture":"#0"},"down":{"uv":[9.5,2.0,8.5,3.25],"tintindex":0,"rotation":0,"texture":"#0"}}},{"from":[5.01,6.01,6.11],"to":[10.99,10.99,13.09],"faces":{"east":{"uv":[9.75,3.75,11.5,5.0],"tintindex":0,"rotation":0,"texture":"#0"},"south":{"uv":[10.5,5.25,12.0,6.5],"tintindex":0,"rotation":0,"texture":"#0"},"north":{"uv":[9.0,9.75,10.5,11.0],"tintindex":0,"rotation":0,"texture":"#0"},"west":{"uv":[7.0,9.75,8.75,11.0],"tintindex":0,"rotation":0,"texture":"#0"},"up":{"uv":[6.75,11.0,5.25,9.25],"tintindex":0,"rotation":0,"texture":"#0"},"down":{"uv":[1.5,9.75,0.0,11.5],"tintindex":0,"rotation":0,"texture":"#0"}}}],"display":{"gui":{"rotation":[30,225,0]}}}